,number,value,datetime_start,datetime_complete,duration,params_ADP_XEL_beta_win,params_ADP_XEL_stop_loss,params_ADP_XEL_trade_freq,params_ADP_XEL_z_entry,params_ADP_XEL_z_exit,params_ADP_XEL_z_stop_scaler,params_ADP_XEL_z_win,params_AEP_MELI_beta_win,params_AEP_MELI_stop_loss,params_AEP_MELI_trade_freq,params_AEP_MELI_z_entry,params_AEP_MELI_z_exit,params_AEP_MELI_z_stop_scaler,params_AEP_MELI_z_win,params_AXON_MSTR_beta_win,params_AXON_MSTR_stop_loss,params_AXON_MSTR_trade_freq,params_AXON_MSTR_z_entry,params_AXON_MSTR_z_exit,params_AXON_MSTR_z_stop_scaler,params_AXON_MSTR_z_win,params_BIIB_MCHP_beta_win,params_BIIB_MCHP_stop_loss,params_BIIB_MCHP_trade_freq,params_BIIB_MCHP_z_entry,params_BIIB_MCHP_z_exit,params_BIIB_MCHP_z_stop_scaler,params_BIIB_MCHP_z_win,params_CDW_IDXX_beta_win,params_CDW_IDXX_stop_loss,params_CDW_IDXX_trade_freq,params_CDW_IDXX_z_entry,params_CDW_IDXX_z_exit,params_CDW_IDXX_z_stop_scaler,params_CDW_IDXX_z_win,params_CMCSA_INTU_beta_win,params_CMCSA_INTU_stop_loss,params_CMCSA_INTU_trade_freq,params_CMCSA_INTU_z_entry,params_CMCSA_INTU_z_exit,params_CMCSA_INTU_z_stop_scaler,params_CMCSA_INTU_z_win,params_CSCO_DASH_beta_win,params_CSCO_DASH_stop_loss,params_CSCO_DASH_trade_freq,params_CSCO_DASH_z_entry,params_CSCO_DASH_z_exit,params_CSCO_DASH_z_stop_scaler,params_CSCO_DASH_z_win,params_DASH_FTNT_beta_win,params_DASH_FTNT_stop_loss,params_DASH_FTNT_trade_freq,params_DASH_FTNT_z_entry,params_DASH_FTNT_z_exit,params_DASH_FTNT_z_stop_scaler,params_DASH_FTNT_z_win,params_NFLX_PLTR_beta_win,params_NFLX_PLTR_stop_loss,params_NFLX_PLTR_trade_freq,params_NFLX_PLTR_z_entry,params_NFLX_PLTR_z_exit,params_NFLX_PLTR_z_stop_scaler,params_NFLX_PLTR_z_win,params_PAYX_XEL_beta_win,params_PAYX_XEL_stop_loss,params_PAYX_XEL_trade_freq,params_PAYX_XEL_z_entry,params_PAYX_XEL_z_exit,params_PAYX_XEL_z_stop_scaler,params_PAYX_XEL_z_win,params_buffer_capital,params_pairs_to_trade,state
0,0,-1.1004632374501604,2025-06-14 20:11:55.898441,2025-06-14 20:11:58.343341,0 days 00:00:02.444900,1000.0,0.002,1m,2.5,2.0,0.6,468.0,342,0.009000000000000001,3m,3.5,2.0,1.3,502,,,,,,,,,,,,,,,,,,,,,,,,,,,,,,,,,,,,,,,,,,,876.0,0.003,3m,1.0,3.0,1.3,394.0,,,,,,,,0.5,3,COMPLETE
1,1,-0.23913118996176996,2025-06-14 20:11:58.440910,2025-06-14 20:12:00.908941,0 days 00:00:02.468031,984.0,0.006,3m,2.5,3.0,1.0,592.0,324,0.009000000000000001,2m,4.0,1.5,1.9000000000000001,320,,,,,,,,,,,,,,,,,,,,,,,,,,,,,,,,,,,,,,,,,,,210.0,0.009000000000000001,1m,3.0,3.0,1.9000000000000001,948.0,,,,,,,,0.3,3,COMPLETE
2,2,-0.20436057704576707,2025-06-14 20:12:00.962935,2025-06-14 20:12:07.762251,0 days 00:00:06.799316,572.0,0.008,4m,1.5,3.5,2.0,386.0,270,0.008,4m,1.0,1.5,0.5,50,110.0,0.003,4m,1.0,4.0,1.6,146.0,76.0,0.001,3m,2.5,2.5,0.6,388.0,670.0,0.006,4m,2.0,2.5,0.8,548.0,920.0,0.003,3m,2.5,1.0,1.3,360.0,652.0,0.001,4m,3.0,1.5,0.5,828.0,34.0,0.005,2m,3.0,3.5,0.8,230.0,978.0,0.007,3m,1.5,4.0,0.7,698.0,,,,,,,,0.2,9,COMPLETE
3,3,-0.8036319250662349,2025-06-14 20:12:07.847253,2025-06-14 20:12:11.597911,0 days 00:00:03.750658,352.0,0.007,2m,1.0,3.5,1.3,856.0,544,0.009000000000000001,1m,1.5,3.5,1.3,326,434.0,0.006,3m,2.5,3.5,0.7,974.0,,,,,,,,,,,,,,,,,,,,,,,,,,,,,960.0,0.01,4m,2.5,1.5,1.3,260.0,844.0,0.01,4m,3.5,4.0,1.9000000000000001,582.0,,,,,,,,0.05,5,COMPLETE
4,4,-2.407330920168454,2025-06-14 20:12:11.678117,2025-06-14 20:12:15.431769,0 days 00:00:03.753652,754.0,0.009000000000000001,1m,2.5,3.0,1.1,992.0,974,0.009000000000000001,4m,1.5,2.0,1.9000000000000001,702,886.0,0.003,3m,3.5,2.5,1.1,452.0,,,,,,,,,,,,,,,,,,,,,,,,,,,,,956.0,0.01,1m,1.5,1.5,1.9000000000000001,592.0,56.0,0.007,4m,3.5,3.0,1.7000000000000002,226.0,,,,,,,,0.2,5,COMPLETE
5,5,-0.3751757096443037,2025-06-14 20:12:15.522689,2025-06-14 20:12:21.429340,0 days 00:00:05.906651,804.0,0.008,1m,2.5,3.5,0.6,550.0,430,0.001,4m,2.5,4.0,0.8,278,32.0,0.006,1m,3.0,3.5,1.5,220.0,,,,,,,,304.0,0.007,4m,1.5,1.0,1.8,648.0,974.0,0.008,4m,3.0,4.0,1.8,922.0,370.0,0.007,1m,2.0,1.0,1.4,490.0,604.0,0.006,1m,4.0,2.0,1.9000000000000001,106.0,218.0,0.004,2m,1.5,3.0,1.6,72.0,,,,,,,,0.15000000000000002,8,COMPLETE
6,6,-3.687500685084418,2025-06-14 20:12:21.496457,2025-06-14 20:12:24.494564,0 days 00:00:02.998107,56.0,0.009000000000000001,3m,2.5,1.5,1.1,276.0,264,0.008,1m,4.0,1.0,0.6,718,,,,,,,,,,,,,,,,,,,,,,,,,,,,,,,,,,,,254.0,0.009000000000000001,2m,2.0,3.5,1.6,890.0,588.0,0.007,2m,2.5,2.5,0.8,598.0,,,,,,,,0.45,4,COMPLETE
7,7,-1.9557201318937962,2025-06-14 20:12:24.586627,2025-06-14 20:12:26.752188,0 days 00:00:02.165561,948.0,0.008,2m,4.0,3.0,1.6,760.0,952,0.004,3m,2.0,2.5,0.8,652,,,,,,,,,,,,,,,,,,,,,,,,,,,,,,,,,,,,,,,,,,,832.0,0.01,3m,3.5,2.5,1.5,514.0,,,,,,,,0.1,3,COMPLETE
8,8,-0.46968580576226204,2025-06-14 20:12:26.815337,2025-06-14 20:12:32.001651,0 days 00:00:05.186314,150.0,0.002,2m,4.0,3.0,1.4,444.0,186,0.009000000000000001,3m,3.0,3.0,1.2000000000000002,68,574.0,0.009000000000000001,4m,2.0,1.5,1.2000000000000002,294.0,,,,,,,,370.0,0.006,3m,2.0,3.0,1.2000000000000002,674.0,338.0,0.005,2m,1.5,3.0,1.4,492.0,,,,,,,,142.0,0.007,1m,3.0,3.0,1.7000000000000002,862.0,172.0,0.001,2m,2.5,4.0,1.8,892.0,,,,,,,,0.05,7,COMPLETE
9,9,-2.770845427579384,2025-06-14 20:12:32.068966,2025-06-14 20:12:39.367803,0 days 00:00:07.298837,1010.0,0.007,3m,4.0,1.5,0.8,766.0,90,0.004,2m,4.0,1.5,0.9,844,64.0,0.007,2m,3.0,1.0,1.9000000000000001,316.0,678.0,0.01,4m,4.0,4.0,2.0,420.0,612.0,0.004,2m,1.0,1.5,1.6,82.0,410.0,0.006,4m,1.0,3.5,1.7000000000000002,748.0,552.0,0.003,1m,2.0,3.5,0.7,384.0,1012.0,0.004,4m,4.0,1.5,0.5,248.0,698.0,0.01,4m,2.5,3.5,0.8,766.0,432.0,0.007,4m,4.0,1.5,0.9,224.0,0.45,10,COMPLETE
10,10,-4.490228871629412,2025-06-14 20:12:39.437532,2025-06-14 20:12:46.697796,0 days 00:00:07.260264,542.0,0.004,4m,1.0,4.0,2.0,56.0,640,0.006,4m,1.0,1.0,0.5,52,340.0,0.001,4m,1.0,4.0,2.0,24.0,142.0,0.001,3m,1.5,1.5,0.5,52.0,852.0,0.01,4m,4.0,4.0,0.5,1006.0,982.0,0.001,3m,4.0,1.0,0.7,148.0,1008.0,0.001,4m,4.0,1.5,0.5,1022.0,454.0,0.003,3m,3.0,4.0,0.6,498.0,990.0,0.006,3m,1.5,1.0,0.5,746.0,990.0,0.001,1m,1.0,4.0,2.0,1012.0,0.3,10,COMPLETE
11,11,1.7213793015317265,2025-06-14 20:12:46.762549,2025-06-14 20:12:47.587022,0 days 00:00:00.824473,,,,,,,,706,0.007,2m,3.0,1.5,2.0,272,,,,,,,,,,,,,,,,,,,,,,,,,,,,,,,,,,,,,,,,,,,,,,,,,,,,,,,,,0.3,1,COMPLETE
12,12,-1.1984482187324015,2025-06-14 20:12:47.647326,2025-06-14 20:12:52.781070,0 days 00:00:05.133744,506.0,0.004,4m,1.5,4.0,2.0,218.0,696,0.006,2m,2.5,2.0,1.7000000000000002,182,254.0,0.003,4m,1.0,2.5,1.7000000000000002,710.0,,,,,,,,52.0,0.001,1m,3.0,2.5,0.7,214.0,712.0,0.001,3m,2.5,1.0,0.9,234.0,,,,,,,,46.0,0.001,2m,1.0,3.0,1.0,34.0,548.0,0.004,1m,1.5,1.5,1.0,372.0,,,,,,,,0.25,7,COMPLETE
13,13,-2.6694502462392915,2025-06-14 20:12:52.836291,2025-06-14 20:12:53.660675,0 days 00:00:00.824384,,,,,,,,792,0.007,2m,3.0,1.5,1.6,458,,,,,,,,,,,,,,,,,,,,,,,,,,,,,,,,,,,,,,,,,,,,,,,,,,,,,,,,,0.35000000000000003,1,COMPLETE
14,14,-2.548964810927552,2025-06-14 20:12:53.703375,2025-06-14 20:12:54.491330,0 days 00:00:00.787955,,,,,,,,502,0.007,4m,1.0,2.5,1.1,176,,,,,,,,,,,,,,,,,,,,,,,,,,,,,,,,,,,,,,,,,,,,,,,,,,,,,,,,,0.2,1,COMPLETE
15,15,-2.5534416476371087,2025-06-14 20:12:54.534297,2025-06-14 20:13:00.288632,0 days 00:00:05.754335,330.0,0.01,4m,1.5,1.0,1.7000000000000002,270.0,806,0.004,2m,3.0,1.0,1.5,20,726.0,0.001,1m,1.5,4.0,0.8,32.0,,,,,,,,1024.0,0.009000000000000001,4m,3.0,2.5,1.0,404.0,36.0,0.004,1m,2.5,2.0,1.2000000000000002,448.0,764.0,0.009000000000000001,4m,3.5,2.5,1.9000000000000001,928.0,396.0,0.004,2m,3.0,4.0,0.9,500.0,1012.0,0.008,3m,1.0,2.0,0.5,766.0,,,,,,,,0.35000000000000003,8,COMPLETE
16,16,-1.664705383767637,2025-06-14 20:13:00.355370,2025-06-14 20:13:06.662011,0 days 00:00:06.306641,640.0,0.004,4m,1.5,2.5,1.8,26.0,36,0.01,4m,2.0,1.5,2.0,190,1010.0,0.004,2m,2.0,3.0,1.5,600.0,134.0,0.001,2m,3.0,3.0,0.6,1014.0,686.0,0.003,3m,2.5,3.5,0.9,886.0,684.0,0.01,3m,3.5,2.5,1.2000000000000002,38.0,74.0,0.004,3m,1.0,2.0,1.0,30.0,672.0,0.001,3m,3.5,2.5,0.9,322.0,450.0,0.001,3m,2.0,4.0,1.1,1016.0,,,,,,,,0.2,9,COMPLETE
17,17,-4.169970523909445,2025-06-14 20:13:06.729258,2025-06-14 20:13:10.989191,0 days 00:00:04.259933,306.0,0.005,4m,3.5,2.5,1.4,358.0,584,0.005,1m,2.0,3.0,1.0,1000,198.0,0.01,4m,4.0,2.0,0.5,834.0,,,,,,,,,,,,,,,718.0,0.003,2m,2.0,2.0,0.5,338.0,,,,,,,,748.0,0.007,2m,2.0,3.0,1.3,704.0,382.0,0.005,1m,4.0,3.5,0.8,28.0,,,,,,,,0.35000000000000003,6,COMPLETE
18,18,1.5064297095722612,2025-06-14 20:13:11.038816,2025-06-14 20:13:12.601153,0 days 00:00:01.562337,,,,,,,,432,0.002,2m,3.5,2.0,1.5,432,,,,,,,,,,,,,,,,,,,,,,,,,,,,,,,,,,,,,,,,,,,712.0,0.008,3m,2.0,2.0,1.3,250.0,,,,,,,,0.25,2,COMPLETE
19,19,0.8874758133832392,2025-06-14 20:13:12.676815,2025-06-14 20:13:14.210493,0 days 00:00:01.533678,,,,,,,,766,0.001,2m,3.5,2.5,1.7000000000000002,420,,,,,,,,,,,,,,,,,,,,,,,,,,,,,,,,,,,,,,,,,,,664.0,0.008,3m,2.0,1.0,1.4,192.0,,,,,,,,0.4,2,COMPLETE
20,20,-1.212640422806658,2025-06-14 20:13:14.289771,2025-06-14 20:13:15.758421,0 days 00:00:01.468650,,,,,,,,432,0.002,2m,3.5,2.0,1.5,608,,,,,,,,,,,,,,,,,,,,,,,,,,,,,,,,,,,,,,,,,,,368.0,0.003,1m,3.0,2.0,1.1,288.0,,,,,,,,0.25,2,COMPLETE
21,21,1.531294633889256,2025-06-14 20:13:15.794607,2025-06-14 20:13:17.237279,0 days 00:00:01.442672,,,,,,,,762,0.002,2m,3.5,3.0,1.8,438,,,,,,,,,,,,,,,,,,,,,,,,,,,,,,,,,,,,,,,,,,,696.0,0.008,3m,2.0,1.0,1.4,166.0,,,,,,,,0.4,2,COMPLETE
22,22,-0.7496859113714863,2025-06-14 20:13:17.280006,2025-06-14 20:13:18.116271,0 days 00:00:00.836265,,,,,,,,898,0.002,2m,3.5,3.0,1.8,394,,,,,,,,,,,,,,,,,,,,,,,,,,,,,,,,,,,,,,,,,,,,,,,,,,,,,,,,,0.4,1,COMPLETE
23,23,1.5632714788501483,2025-06-14 20:13:18.175934,2025-06-14 20:13:19.726016,0 days 00:00:01.550082,,,,,,,,674,0.003,2m,3.0,3.5,2.0,558,,,,,,,,,,,,,,,,,,,,,,,,,,,,,,,,,,,,,,,,,,,674.0,0.008,3m,3.0,1.5,1.3,150.0,,,,,,,,0.3,2,COMPLETE
24,24,-1.1378896078096918,2025-06-14 20:13:19.759005,2025-06-14 20:13:22.751854,0 days 00:00:02.992849,190.0,0.002,1m,3.0,1.0,0.5,634.0,684,0.003,2m,2.5,3.5,2.0,596,,,,,,,,,,,,,,,,,,,,,,,,,,,,,,,,,,,,792.0,0.002,3m,1.0,1.0,1.5,1008.0,782.0,0.009000000000000001,3m,3.0,1.5,1.6,126.0,,,,,,,,0.4,4,COMPLETE
25,25,-1.8907909656252109,2025-06-14 20:13:22.795360,2025-06-14 20:13:24.215995,0 days 00:00:01.420635,,,,,,,,856,0.003,2m,3.0,4.0,1.8,576,,,,,,,,,,,,,,,,,,,,,,,,,,,,,,,,,,,,,,,,,,,602.0,0.006,3m,4.0,1.5,1.2000000000000002,422.0,,,,,,,,0.3,2,COMPLETE
26,26,-2.2418319262575883,2025-06-14 20:13:24.262667,2025-06-14 20:13:25.186532,0 days 00:00:00.923865,,,,,,,,734,0.005,2m,3.0,3.5,2.0,780,,,,,,,,,,,,,,,,,,,,,,,,,,,,,,,,,,,,,,,,,,,,,,,,,,,,,,,,,0.35000000000000003,1,COMPLETE
27,27,-0.8460538450076576,2025-06-14 20:13:25.230018,2025-06-14 20:13:27.910116,0 days 00:00:02.680098,812.0,0.003,3m,3.5,2.0,0.8,954.0,626,0.003,2m,3.0,3.0,1.8,524,,,,,,,,,,,,,,,,,,,,,,,,,,,,,,,,,,,,334.0,0.008,4m,2.0,1.0,1.1,722.0,496.0,0.009000000000000001,4m,3.0,1.0,1.4,148.0,,,,,,,,0.5,4,COMPLETE
28,28,-2.5322468314441116,2025-06-14 20:13:27.975744,2025-06-14 20:13:29.926965,0 days 00:00:01.951221,436.0,0.001,2m,2.0,2.0,0.9,132.0,836,0.001,2m,2.5,3.5,1.9000000000000001,260,,,,,,,,,,,,,,,,,,,,,,,,,,,,,,,,,,,,,,,,,,,732.0,0.006,2m,2.0,1.5,2.0,290.0,,,,,,,,0.45,3,COMPLETE
29,29,-0.34643705463057023,2025-06-14 20:13:29.962019,2025-06-14 20:13:31.793318,0 days 00:00:01.831299,686.0,0.006,3m,3.5,1.5,1.5,690.0,496,0.007,3m,3.5,4.0,1.6,516,,,,,,,,,,,,,,,,,,,,,,,,,,,,,,,,,,,,,,,,,,,430.0,0.008,3m,2.5,1.0,1.0,26.0,,,,,,,,0.5,3,COMPLETE
30,30,-1.905251294376566,2025-06-14 20:13:31.839109,2025-06-14 20:13:33.240471,0 days 00:00:01.401362,,,,,,,,708,0.005,1m,4.0,3.0,1.4,330,,,,,,,,,,,,,,,,,,,,,,,,,,,,,,,,,,,,,,,,,,,300.0,0.005,3m,3.5,2.0,1.5,344.0,,,,,,,,0.3,2,COMPLETE
31,31,0.14343773352282874,2025-06-14 20:13:33.281936,2025-06-14 20:13:34.604878,0 days 00:00:01.322942,,,,,,,,574,0.002,2m,3.5,2.0,1.7000000000000002,452,,,,,,,,,,,,,,,,,,,,,,,,,,,,,,,,,,,,,,,,,,,628.0,0.008,3m,2.0,2.0,1.3,238.0,,,,,,,,0.25,2,COMPLETE
32,32,-0.49645819584139933,2025-06-14 20:13:34.659451,2025-06-14 20:13:35.395466,0 days 00:00:00.736015,,,,,,,,396,0.002,2m,3.5,2.0,1.9000000000000001,372,,,,,,,,,,,,,,,,,,,,,,,,,,,,,,,,,,,,,,,,,,,,,,,,,,,,,,,,,0.25,1,COMPLETE
33,33,0.6147261019481224,2025-06-14 20:13:35.427925,2025-06-14 20:13:36.736646,0 days 00:00:01.308721,,,,,,,,638,0.003,2m,3.0,2.5,2.0,486,,,,,,,,,,,,,,,,,,,,,,,,,,,,,,,,,,,,,,,,,,,774.0,0.007,3m,2.0,1.5,1.2000000000000002,120.0,,,,,,,,0.3,2,COMPLETE
34,34,0.5585848448254591,2025-06-14 20:13:36.756513,2025-06-14 20:13:39.117627,0 days 00:00:02.361114,204.0,0.01,1m,3.0,1.0,1.8,926.0,890,0.002,2m,4.0,3.5,1.4,540,,,,,,,,,,,,,,,,,,,,,,,,,,,,,,,,,,,,568.0,0.005,1m,1.5,2.0,2.0,372.0,902.0,0.009000000000000001,3m,2.5,2.0,1.4,480.0,,,,,,,,0.15000000000000002,4,COMPLETE
35,35,-1.1785055021470383,2025-06-14 20:13:39.150182,2025-06-14 20:13:41.053888,0 days 00:00:01.903706,908.0,0.005,2m,2.0,4.0,1.2000000000000002,872.0,1016,0.001,2m,3.5,1.5,1.8,254,,,,,,,,,,,,,,,,,,,,,,,,,,,,,,,,,,,,,,,,,,,902.0,0.008,3m,1.0,1.0,1.1,302.0,,,,,,,,0.35000000000000003,3,COMPLETE
36,36,0.2238842980707837,2025-06-14 20:13:41.094058,2025-06-14 20:13:43.005221,0 days 00:00:01.911163,56.0,0.001,2m,3.0,2.5,0.7,170.0,352,0.004,2m,2.5,2.5,1.6,352,,,,,,,,,,,,,,,,,,,,,,,,,,,,,,,,,,,,,,,,,,,716.0,0.009000000000000001,3m,2.0,1.5,1.3,428.0,,,,,,,,0.15000000000000002,3,COMPLETE
37,37,-0.23253771071613633,2025-06-14 20:13:43.054169,2025-06-14 20:13:46.072454,0 days 00:00:03.018285,424.0,0.003,3m,2.0,1.5,1.8,746.0,466,0.008,3m,3.0,3.0,1.9000000000000001,424,594.0,0.008,2m,4.0,1.0,1.0,990.0,,,,,,,,,,,,,,,,,,,,,,,,,,,,,232.0,0.008,4m,3.5,2.5,1.4,712.0,554.0,0.007,1m,3.0,2.5,1.5,180.0,,,,,,,,0.4,5,COMPLETE
38,38,0.40523447244196487,2025-06-14 20:13:46.124444,2025-06-14 20:13:46.794434,0 days 00:00:00.669990,,,,,,,,562,0.003,1m,3.5,2.5,1.3,680,,,,,,,,,,,,,,,,,,,,,,,,,,,,,,,,,,,,,,,,,,,,,,,,,,,,,,,,,0.25,1,COMPLETE
39,39,-2.0934360388379525,2025-06-14 20:13:46.830933,2025-06-14 20:13:48.255569,0 days 00:00:01.424636,,,,,,,,254,0.001,2m,4.0,3.5,1.9000000000000001,128,,,,,,,,,,,,,,,,,,,,,,,,,,,,,,,,,,,,,,,,,,,658.0,0.009000000000000001,3m,1.5,2.0,1.7000000000000002,98.0,,,,,,,,0.2,2,COMPLETE
40,40,-2.5942981651736994,2025-06-14 20:13:48.311002,2025-06-14 20:13:50.223954,0 days 00:00:01.912952,880.0,0.007,1m,1.0,2.0,1.6,508.0,742,0.006,3m,3.0,1.0,1.7000000000000002,272,,,,,,,,,,,,,,,,,,,,,,,,,,,,,,,,,,,,,,,,,,,812.0,0.01,3m,1.0,2.5,1.0,248.0,,,,,,,,0.3,3,COMPLETE
41,41,-1.6172151472576874,2025-06-14 20:13:50.260949,2025-06-14 20:13:51.464031,0 days 00:00:01.203082,,,,,,,,774,0.001,2m,3.5,2.5,1.7000000000000002,416,,,,,,,,,,,,,,,,,,,,,,,,,,,,,,,,,,,,,,,,,,,658.0,0.008,3m,2.0,1.0,1.4,188.0,,,,,,,,0.45,2,COMPLETE
42,42,2.3783588894508645,2025-06-14 20:13:51.490143,2025-06-14 20:13:52.895242,0 days 00:00:01.405099,,,,,,,,636,0.002,2m,3.5,2.0,1.5,468,,,,,,,,,,,,,,,,,,,,,,,,,,,,,,,,,,,,,,,,,,,708.0,0.008,3m,2.5,1.0,1.3,196.0,,,,,,,,0.4,2,COMPLETE
43,43,0.8601952683797538,2025-06-14 20:13:52.974974,2025-06-14 20:13:53.771618,0 days 00:00:00.796644,,,,,,,,668,0.002,2m,4.0,2.0,1.5,312,,,,,,,,,,,,,,,,,,,,,,,,,,,,,,,,,,,,,,,,,,,,,,,,,,,,,,,,,0.4,1,COMPLETE
44,44,0.04224481215579062,2025-06-14 20:13:53.826218,2025-06-14 20:13:56.396143,0 days 00:00:02.569925,718.0,0.009000000000000001,3m,3.0,3.5,0.5,1022.0,604,0.003,2m,3.5,2.0,1.2000000000000002,474,,,,,,,,,,,,,,,,,,,,,,,,,,,,,,,,,,,,854.0,0.003,3m,2.5,2.0,0.7,1018.0,744.0,0.007,4m,2.5,1.5,1.3,74.0,,,,,,,,0.35000000000000003,4,COMPLETE
45,45,0.24525872311469962,2025-06-14 20:13:56.420290,2025-06-14 20:13:58.180309,0 days 00:00:01.760019,620.0,0.005,2m,2.0,1.0,1.0,120.0,526,0.002,2m,3.0,1.5,1.4,558,,,,,,,,,,,,,,,,,,,,,,,,,,,,,,,,,,,,,,,,,,,932.0,0.006,3m,3.0,1.0,1.2000000000000002,344.0,,,,,,,,0.3,3,COMPLETE
46,46,-0.38018780198780083,2025-06-14 20:13:58.235247,2025-06-14 20:13:59.004345,0 days 00:00:00.769098,,,,,,,,668,0.004,4m,2.5,1.5,1.6,646,,,,,,,,,,,,,,,,,,,,,,,,,,,,,,,,,,,,,,,,,,,,,,,,,,,,,,,,,0.45,1,COMPLETE
47,47,-0.07187715119728855,2025-06-14 20:13:59.050384,2025-06-14 20:14:00.467240,0 days 00:00:01.416856,,,,,,,,322,0.008,2m,4.0,2.0,2.0,742,,,,,,,,,,,,,,,,,,,,,,,,,,,,,,,,,,,,,,,,,,,838.0,0.007,2m,2.5,1.5,1.6,580.0,,,,,,,,0.25,2,COMPLETE
48,48,-3.765947661378868,2025-06-14 20:14:00.493752,2025-06-14 20:14:03.984101,0 days 00:00:03.490349,462.0,0.003,1m,3.5,2.0,1.2000000000000002,426.0,722,0.007,1m,3.0,4.0,1.9000000000000001,220,756.0,0.01,3m,2.5,2.0,0.5,474.0,,,,,,,,,,,,,,,82.0,0.01,1m,4.0,4.0,1.9000000000000001,680.0,,,,,,,,506.0,0.006,4m,1.5,3.5,1.1,424.0,490.0,0.009000000000000001,3m,3.0,1.0,1.5,236.0,,,,,,,,0.35000000000000003,6,COMPLETE
49,49,-2.8861168218320454,2025-06-14 20:14:04.022630,2025-06-14 20:14:04.808969,0 days 00:00:00.786339,,,,,,,,814,0.004,2m,3.5,1.5,1.8,102,,,,,,,,,,,,,,,,,,,,,,,,,,,,,,,,,,,,,,,,,,,,,,,,,,,,,,,,,0.2,1,COMPLETE
50,50,-2.0553045235919436,2025-06-14 20:14:04.846325,2025-06-14 20:14:07.982245,0 days 00:00:03.135920,126.0,0.001,4m,4.0,2.5,0.7,302.0,460,0.006,4m,2.5,2.0,1.3,308,410.0,0.005,1m,3.5,3.0,1.3,756.0,,,,,,,,,,,,,,,,,,,,,,,,,,,,,160.0,0.002,1m,3.5,1.0,1.7000000000000002,614.0,606.0,0.008,4m,1.5,1.5,0.9,152.0,,,,,,,,0.1,5,COMPLETE
51,51,-1.5599187847444762,2025-06-14 20:14:08.046994,2025-06-14 20:14:09.381096,0 days 00:00:01.334102,,,,,,,,770,0.001,2m,3.5,2.5,1.5,434,,,,,,,,,,,,,,,,,,,,,,,,,,,,,,,,,,,,,,,,,,,674.0,0.008,3m,2.0,1.0,1.4,198.0,,,,,,,,0.4,2,COMPLETE
52,52,0.78859096170256,2025-06-14 20:14:09.423373,2025-06-14 20:14:10.698259,0 days 00:00:01.274886,,,,,,,,920,0.001,2m,3.5,3.0,1.7000000000000002,394,,,,,,,,,,,,,,,,,,,,,,,,,,,,,,,,,,,,,,,,,,,768.0,0.007,3m,2.5,1.0,1.4,88.0,,,,,,,,0.4,2,COMPLETE
53,53,3.162281389988877,2025-06-14 20:14:10.732449,2025-06-14 20:14:11.949446,0 days 00:00:01.216997,,,,,,,,760,0.002,2m,4.0,2.5,1.8,618,,,,,,,,,,,,,,,,,,,,,,,,,,,,,,,,,,,,,,,,,,,700.0,0.01,3m,2.0,1.0,1.2000000000000002,274.0,,,,,,,,0.45,2,COMPLETE
54,54,-2.8603236214462338,2025-06-14 20:14:11.989540,2025-06-14 20:14:13.949058,0 days 00:00:01.959518,268.0,0.006,1m,1.0,4.0,1.9000000000000001,642.0,610,0.002,2m,4.0,2.5,2.0,628,,,,,,,,,,,,,,,,,,,,,,,,,,,,,,,,,,,,,,,,,,,708.0,0.01,3m,3.5,1.5,1.2000000000000002,268.0,,,,,,,,0.45,3,COMPLETE
55,55,-100.0,2025-06-14 20:14:13.987635,2025-06-14 20:14:14.642834,0 days 00:00:00.655199,,,,,,,,538,0.003,2m,4.0,2.0,1.1,846,,,,,,,,,,,,,,,,,,,,,,,,,,,,,,,,,,,,,,,,,,,,,,,,,,,,,,,,,0.5,1,COMPLETE
56,56,3.436131747870864,2025-06-14 20:14:14.680837,2025-06-14 20:14:16.030629,0 days 00:00:01.349792,,,,,,,,852,0.002,2m,4.0,1.5,1.8,502,,,,,,,,,,,,,,,,,,,,,,,,,,,,,,,,,,,,,,,,,,,558.0,0.01,3m,2.0,1.0,1.1,326.0,,,,,,,,0.45,2,COMPLETE
57,57,-3.8684702718145667,2025-06-14 20:14:16.084531,2025-06-14 20:14:17.981403,0 days 00:00:01.896872,854.0,0.01,3m,2.0,3.0,1.4,850.0,832,0.002,3m,4.0,1.5,1.9000000000000001,494,,,,,,,,,,,,,,,,,,,,,,,,,,,,,,,,,,,,,,,,,,,560.0,0.01,2m,2.5,1.0,1.1,338.0,,,,,,,,0.45,3,COMPLETE
58,58,-100.0,2025-06-14 20:14:18.038936,2025-06-14 20:14:18.822114,0 days 00:00:00.783178,,,,,,,,874,0.003,2m,4.0,1.0,1.8,680,,,,,,,,,,,,,,,,,,,,,,,,,,,,,,,,,,,,,,,,,,,,,,,,,,,,,,,,,0.5,1,COMPLETE
59,59,-2.297045090955519,2025-06-14 20:14:18.860589,2025-06-14 20:14:20.106877,0 days 00:00:01.246288,,,,,,,,950,0.01,2m,4.0,1.0,2.0,582,,,,,,,,,,,,,,,,,,,,,,,,,,,,,,,,,,,,,,,,,,,630.0,0.01,3m,1.5,1.0,0.9,394.0,,,,,,,,0.45,2,COMPLETE
60,60,0.10882414942727842,2025-06-14 20:14:20.130196,2025-06-14 20:14:22.715213,0 days 00:00:02.585017,20.0,0.006,4m,3.0,1.5,0.9,526.0,672,0.001,4m,1.5,1.5,1.8,548,,,,,,,,,,,,,,,,,,,,,,,,,,,,,,,,,,,,868.0,0.009000000000000001,3m,1.0,4.0,1.2000000000000002,166.0,522.0,0.009000000000000001,1m,2.0,1.0,0.6,482.0,,,,,,,,0.4,4,COMPLETE
61,61,2.442609269771331,2025-06-14 20:14:22.759541,2025-06-14 20:14:24.043907,0 days 00:00:01.284366,,,,,,,,746,0.002,2m,3.5,3.0,1.6,502,,,,,,,,,,,,,,,,,,,,,,,,,,,,,,,,,,,,,,,,,,,678.0,0.01,3m,2.0,1.5,1.3,222.0,,,,,,,,0.35000000000000003,2,COMPLETE
62,62,3.1995630515472424,2025-06-14 20:14:24.114520,2025-06-14 20:14:25.532277,0 days 00:00:01.417757,,,,,,,,746,0.002,2m,3.5,3.0,1.6,504,,,,,,,,,,,,,,,,,,,,,,,,,,,,,,,,,,,,,,,,,,,580.0,0.01,3m,2.0,1.0,1.2000000000000002,208.0,,,,,,,,0.35000000000000003,2,COMPLETE
63,63,-2.575563840102327,2025-06-14 20:14:25.575196,2025-06-14 20:14:26.326419,0 days 00:00:00.751223,,,,,,,,796,0.002,2m,3.0,3.0,1.6,612,,,,,,,,,,,,,,,,,,,,,,,,,,,,,,,,,,,,,,,,,,,,,,,,,,,,,,,,,0.35000000000000003,1,COMPLETE
64,64,3.500857400962093,2025-06-14 20:14:26.353357,2025-06-14 20:14:27.565868,0 days 00:00:01.212511,,,,,,,,724,0.003,2m,3.5,3.5,1.6,480,,,,,,,,,,,,,,,,,,,,,,,,,,,,,,,,,,,,,,,,,,,34.0,0.01,3m,1.5,1.5,1.2000000000000002,314.0,,,,,,,,0.35000000000000003,2,COMPLETE
65,65,4.002114973495639,2025-06-14 20:14:27.600623,2025-06-14 20:14:28.977100,0 days 00:00:01.376477,,,,,,,,740,0.002,2m,3.5,3.5,1.6,510,,,,,,,,,,,,,,,,,,,,,,,,,,,,,,,,,,,,,,,,,,,40.0,0.01,3m,1.5,1.0,1.1,318.0,,,,,,,,0.35000000000000003,2,COMPLETE
66,66,0.3641965185097603,2025-06-14 20:14:29.005641,2025-06-14 20:14:30.361329,0 days 00:00:01.355688,,,,,,,,848,0.002,2m,4.0,3.5,1.6,494,,,,,,,,,,,,,,,,,,,,,,,,,,,,,,,,,,,,,,,,,,,18.0,0.01,3m,1.5,1.0,1.1,326.0,,,,,,,,0.35000000000000003,2,COMPLETE
67,67,-4.411890722945972,2025-06-14 20:14:30.402728,2025-06-14 20:14:32.338235,0 days 00:00:01.935507,264.0,0.002,2m,1.5,3.5,1.3,584.0,724,0.003,2m,3.5,3.0,1.5,520,,,,,,,,,,,,,,,,,,,,,,,,,,,,,,,,,,,,,,,,,,,106.0,0.01,3m,1.5,1.0,1.0,222.0,,,,,,,,0.35000000000000003,3,COMPLETE
68,68,1.95206745722057,2025-06-14 20:14:32.363236,2025-06-14 20:14:37.669334,0 days 00:00:05.306098,384.0,0.007,1m,2.5,3.0,1.6,370.0,808,0.002,1m,4.0,4.0,1.4,476,722.0,0.008,2m,2.0,1.5,1.8,642.0,1002.0,0.007,1m,1.0,1.0,1.7000000000000002,900.0,96.0,0.001,1m,4.0,1.5,1.4,334.0,226.0,0.007,4m,1.0,2.0,0.9,988.0,28.0,0.01,2m,1.0,4.0,2.0,122.0,318.0,0.004,4m,4.0,2.5,0.5,830.0,128.0,0.01,3m,1.5,1.0,1.2000000000000002,366.0,,,,,,,,0.4,9,COMPLETE
69,69,-0.31374938404187735,2025-06-14 20:14:37.703099,2025-06-14 20:14:39.535539,0 days 00:00:01.832440,626.0,0.009000000000000001,3m,3.5,3.5,1.1,804.0,920,0.001,2m,3.5,3.5,0.7,580,,,,,,,,,,,,,,,,,,,,,,,,,,,,,,,,,,,,,,,,,,,238.0,0.01,3m,1.5,1.5,1.2000000000000002,290.0,,,,,,,,0.45,3,COMPLETE
70,70,-2.6181000837585624,2025-06-14 20:14:39.585044,2025-06-14 20:14:43.819396,0 days 00:00:04.234352,806.0,0.008,1m,2.5,3.5,0.6,488.0,738,0.003,2m,3.5,3.5,1.7000000000000002,458,962.0,0.001,3m,1.5,2.0,0.9,382.0,,,,,,,,376.0,0.008,2m,1.0,4.0,2.0,48.0,558.0,0.008,2m,1.5,3.0,1.5,722.0,,,,,,,,656.0,0.007,3m,2.5,3.5,1.8,42.0,70.0,0.01,3m,1.0,1.0,0.9,404.0,,,,,,,,0.4,7,COMPLETE
71,71,-0.0825207369488692,2025-06-14 20:14:43.850959,2025-06-14 20:14:49.723492,0 days 00:00:05.872533,522.0,0.007,1m,2.5,3.0,1.6,396.0,808,0.002,1m,4.0,4.0,1.4,510,742.0,0.008,2m,2.0,1.5,1.8,612.0,1012.0,0.007,1m,1.0,1.0,1.7000000000000002,1020.0,42.0,0.001,1m,4.0,1.5,1.4,334.0,212.0,0.007,4m,1.0,2.0,0.9,1000.0,38.0,0.01,2m,1.0,4.0,2.0,58.0,328.0,0.004,4m,4.0,2.0,0.5,864.0,140.0,0.01,3m,1.5,1.0,1.1,372.0,180.0,0.01,2m,2.5,3.5,0.5,824.0,0.4,10,COMPLETE
72,72,-1.1695228383253666,2025-06-14 20:14:49.770389,2025-06-14 20:14:54.664671,0 days 00:00:04.894282,388.0,0.007,1m,2.5,3.0,1.9000000000000001,324.0,762,0.002,1m,4.0,4.0,1.6,374,862.0,0.008,2m,1.5,1.5,1.4,882.0,,,,,,,,208.0,0.003,1m,3.5,1.5,1.3,372.0,194.0,0.008,4m,1.5,1.5,1.0,830.0,288.0,0.007,2m,2.0,3.5,1.5,242.0,446.0,0.003,4m,3.5,2.5,0.8,782.0,16.0,0.009000000000000001,3m,1.5,1.0,1.2000000000000002,450.0,,,,,,,,0.35000000000000003,8,COMPLETE
73,73,-2.42276512614563,2025-06-14 20:14:54.730753,2025-06-14 20:15:00.192558,0 days 00:00:05.461805,110.0,0.009000000000000001,1m,2.5,2.5,1.7000000000000002,232.0,700,0.002,1m,4.0,4.0,1.5,460,638.0,0.007,2m,3.0,1.0,2.0,566.0,1020.0,0.006,1m,2.0,2.0,1.3,750.0,194.0,0.004,1m,3.5,1.0,1.5,212.0,376.0,0.006,4m,2.0,2.5,0.5,586.0,280.0,0.008,2m,1.0,3.0,1.7000000000000002,728.0,184.0,0.002,4m,4.0,3.0,0.7,940.0,82.0,0.01,3m,2.0,1.0,1.3,210.0,,,,,,,,0.4,9,COMPLETE
74,74,0.9031765208922572,2025-06-14 20:15:00.237396,2025-06-14 20:15:01.542958,0 days 00:00:01.305562,,,,,,,,644,0.001,1m,4.0,3.0,1.4,550,,,,,,,,,,,,,,,,,,,,,,,,,,,,,,,,,,,,,,,,,,,146.0,0.009000000000000001,3m,1.5,1.5,1.1,320.0,,,,,,,,0.35000000000000003,2,COMPLETE
75,75,-0.6497680663735257,2025-06-14 20:15:01.578778,2025-06-14 20:15:06.936253,0 days 00:00:05.357475,588.0,0.008,1m,2.0,2.5,1.5,78.0,866,0.002,1m,3.5,3.5,1.6,480,482.0,0.005,2m,2.0,1.5,1.7000000000000002,712.0,658.0,0.009000000000000001,1m,1.0,1.0,1.4,696.0,504.0,0.002,1m,3.5,2.0,1.1,758.0,214.0,0.009000000000000001,1m,3.0,1.5,0.7,988.0,856.0,0.005,3m,2.5,4.0,1.1,282.0,324.0,0.005,4m,3.5,2.5,0.6,600.0,56.0,0.01,3m,2.0,1.0,1.2000000000000002,260.0,,,,,,,,0.45,9,COMPLETE
76,76,-1.5363976187685815,2025-06-14 20:15:06.970778,2025-06-14 20:15:11.092333,0 days 00:00:04.121555,736.0,0.008,1m,1.0,4.0,1.3,692.0,794,0.003,2m,3.5,4.0,1.7000000000000002,400,846.0,0.009000000000000001,1m,2.5,3.0,1.8,866.0,,,,,,,,498.0,0.005,3m,2.5,2.0,1.7000000000000002,510.0,496.0,0.005,4m,1.0,3.0,1.1,848.0,,,,,,,,102.0,0.006,4m,2.5,1.5,1.5,796.0,198.0,0.009000000000000001,3m,1.0,1.5,1.0,370.0,,,,,,,,0.4,7,COMPLETE
77,77,-5.6689997297624695,2025-06-14 20:15:11.140145,2025-06-14 20:15:14.697272,0 days 00:00:03.557127,370.0,0.004,1m,4.0,3.0,1.0,576.0,766,0.001,3m,4.0,3.0,1.5,530,278.0,0.007,2m,3.5,2.0,1.3,634.0,,,,,,,,,,,,,,,126.0,0.007,4m,2.0,1.5,1.6,586.0,,,,,,,,26.0,0.004,2m,3.0,2.5,0.9,956.0,578.0,0.01,3m,2.0,1.0,1.3,290.0,,,,,,,,0.35000000000000003,6,COMPLETE
78,78,-1.5621003092106711,2025-06-14 20:15:14.736985,2025-06-14 20:15:16.050868,0 days 00:00:01.313883,,,,,,,,830,0.002,2m,2.0,3.5,1.4,630,,,,,,,,,,,,,,,,,,,,,,,,,,,,,,,,,,,,,,,,,,,110.0,0.01,4m,1.5,3.5,1.2000000000000002,270.0,,,,,,,,0.45,2,COMPLETE
79,79,-4.220457784571637,2025-06-14 20:15:16.081864,2025-06-14 20:15:17.938547,0 days 00:00:01.856683,970.0,0.005,2m,1.5,4.0,1.5,452.0,692,0.003,2m,3.5,2.5,1.6,360,,,,,,,,,,,,,,,,,,,,,,,,,,,,,,,,,,,,,,,,,,,468.0,0.009000000000000001,3m,2.5,1.0,1.1,220.0,,,,,,,,0.5,3,COMPLETE
80,80,-1.2754372750807104,2025-06-14 20:15:17.976557,2025-06-14 20:15:19.265610,0 days 00:00:01.289053,,,,,,,,730,0.002,2m,4.0,3.0,1.5,600,,,,,,,,,,,,,,,,,,,,,,,,,,,,,,,,,,,,,,,,,,,528.0,0.002,1m,2.0,1.5,1.3,546.0,,,,,,,,0.3,2,COMPLETE
81,81,0.821280816910682,2025-06-14 20:15:19.318761,2025-06-14 20:15:20.022542,0 days 00:00:00.703781,,,,,,,,644,0.002,2m,3.5,1.5,1.7000000000000002,506,,,,,,,,,,,,,,,,,,,,,,,,,,,,,,,,,,,,,,,,,,,,,,,,,,,,,,,,,0.3,1,COMPLETE
82,82,-1.252974640314196,2025-06-14 20:15:20.048700,2025-06-14 20:15:20.770725,0 days 00:00:00.722025,,,,,,,,708,0.007,2m,3.5,3.5,1.3,472,,,,,,,,,,,,,,,,,,,,,,,,,,,,,,,,,,,,,,,,,,,,,,,,,,,,,,,,,0.3,1,COMPLETE
83,83,0.9043846817123065,2025-06-14 20:15:20.807887,2025-06-14 20:15:22.073145,0 days 00:00:01.265258,,,,,,,,750,0.009000000000000001,2m,3.0,2.5,1.6,446,,,,,,,,,,,,,,,,,,,,,,,,,,,,,,,,,,,,,,,,,,,392.0,0.01,2m,2.0,1.0,1.2000000000000002,310.0,,,,,,,,0.35000000000000003,2,COMPLETE
84,84,-1.242580377398149,2025-06-14 20:15:22.102596,2025-06-14 20:15:23.446340,0 days 00:00:01.343744,,,,,,,,778,0.004,2m,3.5,4.0,1.7000000000000002,570,,,,,,,,,,,,,,,,,,,,,,,,,,,,,,,,,,,,,,,,,,,628.0,0.009000000000000001,3m,1.5,1.5,1.0,876.0,,,,,,,,0.35000000000000003,2,COMPLETE
85,85,0.3891060347475738,2025-06-14 20:15:23.488520,2025-06-14 20:15:24.225036,0 days 00:00:00.736516,,,,,,,,820,0.001,4m,3.5,1.5,1.8,734,,,,,,,,,,,,,,,,,,,,,,,,,,,,,,,,,,,,,,,,,,,,,,,,,,,,,,,,,0.4,1,COMPLETE
86,86,1.62734241562996,2025-06-14 20:15:24.262404,2025-06-14 20:15:25.596980,0 days 00:00:01.334576,,,,,,,,590,0.002,2m,4.0,2.0,1.4,542,,,,,,,,,,,,,,,,,,,,,,,,,,,,,,,,,,,,,,,,,,,290.0,0.01,3m,1.5,2.5,1.1,364.0,,,,,,,,0.3,2,COMPLETE
87,87,2.6583970161095967,2025-06-14 20:15:25.618888,2025-06-14 20:15:30.332138,0 days 00:00:04.713250,490.0,0.006,4m,3.0,3.0,1.7000000000000002,406.0,662,0.005,1m,3.0,3.0,1.5,416,656.0,0.009000000000000001,2m,1.5,2.5,1.5,458.0,,,,,,,,168.0,0.002,2m,4.0,3.0,2.0,206.0,816.0,0.002,2m,3.0,3.5,0.7,632.0,202.0,0.01,2m,1.5,3.0,1.7000000000000002,642.0,252.0,0.001,1m,4.0,3.0,1.1,444.0,32.0,0.009000000000000001,3m,1.0,1.0,1.3,176.0,,,,,,,,0.4,8,COMPLETE
88,88,3.8245485270834396,2025-06-14 20:15:30.382063,2025-06-14 20:15:34.887947,0 days 00:00:04.505884,486.0,0.006,4m,3.0,3.0,1.7000000000000002,364.0,892,0.005,1m,3.0,3.0,1.5,408,680.0,0.009000000000000001,2m,1.5,2.5,1.5,506.0,,,,,,,,170.0,0.002,2m,4.0,3.0,2.0,234.0,804.0,0.002,2m,3.0,3.5,0.7,848.0,186.0,0.01,2m,1.5,3.0,1.7000000000000002,692.0,264.0,0.001,1m,4.0,3.0,1.1,436.0,38.0,0.009000000000000001,3m,1.0,1.0,1.3,126.0,,,,,,,,0.4,8,COMPLETE
89,89,-0.22825903563775704,2025-06-14 20:15:34.941393,2025-06-14 20:15:39.461004,0 days 00:00:04.519611,476.0,0.006,4m,3.0,3.5,1.9000000000000001,334.0,980,0.005,1m,3.0,3.0,1.5,410,546.0,0.009000000000000001,2m,1.5,2.5,1.5,408.0,,,,,,,,204.0,0.003,2m,3.0,3.0,2.0,168.0,824.0,0.002,2m,3.5,3.5,0.7,620.0,214.0,0.008,2m,1.5,2.5,1.7000000000000002,668.0,218.0,0.001,1m,3.5,3.0,1.2000000000000002,404.0,42.0,0.009000000000000001,3m,1.0,1.0,1.3,122.0,,,,,,,,0.45,8,COMPLETE
90,90,0.8318298487387076,2025-06-14 20:15:39.496932,2025-06-14 20:15:43.989466,0 days 00:00:04.492534,568.0,0.004,4m,3.5,3.0,1.7000000000000002,266.0,912,0.005,1m,3.0,3.0,1.6,438,682.0,0.01,2m,1.0,3.5,1.2000000000000002,194.0,,,,,,,,304.0,0.002,2m,4.0,3.5,1.8,250.0,848.0,0.002,2m,3.0,3.5,0.6,820.0,462.0,0.01,2m,1.5,3.0,1.6,566.0,404.0,0.002,1m,4.0,3.5,1.4,314.0,48.0,0.009000000000000001,3m,1.0,1.0,1.4,174.0,,,,,,,,0.4,8,COMPLETE
91,91,-2.119317778777053,2025-06-14 20:15:44.042738,2025-06-14 20:15:48.943617,0 days 00:00:04.900879,402.0,0.007,4m,3.0,3.0,1.6,386.0,796,0.005,1m,3.5,3.0,1.5,348,796.0,0.009000000000000001,2m,1.5,2.5,1.6,520.0,490.0,0.004,2m,3.5,3.5,1.0,782.0,106.0,0.001,2m,4.0,3.0,2.0,318.0,604.0,0.004,2m,3.5,2.5,0.9,898.0,116.0,0.01,2m,1.5,3.0,1.9000000000000001,632.0,296.0,0.001,1m,4.0,3.0,1.1,552.0,96.0,0.01,3m,1.0,1.0,1.3,148.0,,,,,,,,0.4,9,COMPLETE
92,92,1.7157870973763132,2025-06-14 20:15:48.990571,2025-06-14 20:15:53.322759,0 days 00:00:04.332188,314.0,0.007,4m,2.5,3.5,2.0,234.0,884,0.004,1m,3.5,3.0,1.4,378,658.0,0.008,2m,2.0,3.0,1.4,524.0,,,,,,,,134.0,0.002,2m,3.5,3.5,1.8,88.0,790.0,0.002,2m,3.0,4.0,0.8,768.0,162.0,0.009000000000000001,2m,1.5,3.5,1.8,474.0,108.0,0.003,1m,4.0,2.5,1.0,190.0,134.0,0.01,3m,1.0,1.0,1.2000000000000002,52.0,,,,,,,,0.45,8,COMPLETE
93,93,1.2938480412418911,2025-06-14 20:15:53.354449,2025-06-14 20:15:57.888027,0 days 00:00:04.533578,684.0,0.005,4m,3.0,3.0,1.7000000000000002,182.0,850,0.006,1m,3.0,3.5,1.2000000000000002,492,512.0,0.01,2m,1.5,2.5,1.8,364.0,828.0,0.004,4m,2.0,2.0,2.0,136.0,24.0,0.001,2m,4.0,2.0,1.6,450.0,898.0,0.003,2m,3.5,3.5,1.0,1020.0,18.0,0.009000000000000001,2m,1.0,4.0,1.4,788.0,384.0,0.002,1m,4.0,3.0,0.8,456.0,40.0,0.01,3m,1.0,1.0,1.2000000000000002,242.0,,,,,,,,0.4,9,COMPLETE
94,94,-1.9263363163588512,2025-06-14 20:15:57.909812,2025-06-14 20:16:01.484642,0 days 00:00:03.574830,488.0,0.006,4m,3.5,2.5,1.8,414.0,940,0.003,1m,4.0,3.0,1.6,464,804.0,0.007,2m,1.0,2.0,1.6,678.0,,,,,,,,256.0,0.004,2m,3.5,3.0,1.9000000000000001,270.0,474.0,0.004,2m,3.0,3.0,0.6,938.0,,,,,,,,276.0,0.001,1m,3.5,2.0,1.3,308.0,172.0,0.009000000000000001,3m,2.0,1.0,1.3,638.0,,,,,,,,0.35000000000000003,7,COMPLETE
95,95,-7.513351881450324,2025-06-14 20:16:01.500380,2025-06-14 20:16:06.583518,0 days 00:00:05.083138,220.0,0.006,4m,2.5,3.5,1.4,472.0,654,0.003,1m,3.0,2.5,1.7000000000000002,426,626.0,0.009000000000000001,2m,2.5,3.0,1.7000000000000002,508.0,376.0,0.008,1m,1.5,1.5,1.6,582.0,406.0,0.002,1m,4.0,3.5,1.4,132.0,592.0,0.001,2m,2.5,3.5,0.8,664.0,388.0,0.007,2m,2.5,3.0,2.0,196.0,486.0,0.005,1m,3.0,3.5,1.0,656.0,76.0,0.01,3m,1.5,1.0,1.1,212.0,1014.0,0.001,3m,1.0,1.0,1.7000000000000002,26.0,0.4,10,COMPLETE
96,96,0.715651820604931,2025-06-14 20:16:06.598322,2025-06-14 20:16:10.782268,0 days 00:00:04.183946,342.0,0.008,4m,3.0,2.5,1.5,368.0,624,0.004,1m,3.5,3.0,1.3,522,948.0,0.008,3m,2.0,1.5,1.9000000000000001,300.0,,,,,,,,118.0,0.003,2m,3.0,3.0,1.7000000000000002,18.0,298.0,0.007,1m,2.0,2.5,1.0,800.0,192.0,0.01,2m,1.5,2.5,1.7000000000000002,374.0,206.0,0.003,1m,4.0,3.5,0.6,546.0,686.0,0.009000000000000001,3m,1.0,1.0,1.4,114.0,,,,,,,,0.45,8,COMPLETE
97,97,-2.6032680631696046,2025-06-14 20:16:10.805736,2025-06-14 20:16:15.266907,0 days 00:00:04.461171,544.0,0.005,4m,2.5,2.0,1.9000000000000001,528.0,716,0.002,1m,4.0,2.5,1.5,672,466.0,0.006,2m,2.5,2.5,1.1,790.0,828.0,0.004,1m,2.5,2.5,1.0,840.0,170.0,0.005,2m,3.5,2.0,1.9000000000000001,480.0,662.0,0.005,2m,3.5,4.0,0.8,886.0,272.0,0.008,3m,2.0,3.5,1.2000000000000002,616.0,114.0,0.002,1m,3.5,2.5,0.8,442.0,740.0,0.01,3m,2.5,1.5,1.2000000000000002,266.0,,,,,,,,0.4,9,COMPLETE
98,98,-1.6549797896087455,2025-06-14 20:16:15.298402,2025-06-14 20:16:16.909441,0 days 00:00:01.611039,280.0,0.007,4m,3.5,3.0,1.6,618.0,752,0.002,2m,2.5,3.5,1.5,1014,,,,,,,,,,,,,,,,,,,,,,,,,,,,,,,,,,,,,,,,,,,24.0,0.009000000000000001,3m,2.0,1.0,1.3,184.0,,,,,,,,0.35000000000000003,3,COMPLETE
99,99,-3.2430384865856627,2025-06-14 20:16:16.934751,2025-06-14 20:16:21.430121,0 days 00:00:04.495370,662.0,0.004,4m,3.0,2.5,1.8,190.0,140,0.001,3m,4.0,2.5,1.4,500,390.0,0.009000000000000001,1m,1.5,3.5,1.4,444.0,344.0,0.006,4m,1.5,1.5,1.7000000000000002,216.0,280.0,0.002,1m,4.0,2.5,1.6,290.0,780.0,0.003,3m,2.5,2.0,1.3,448.0,110.0,0.009000000000000001,1m,1.0,2.0,1.5,850.0,580.0,0.001,1m,3.0,3.0,1.4,364.0,792.0,0.01,4m,2.0,1.0,1.5,144.0,20.0,0.005,3m,4.0,2.5,1.2000000000000002,546.0,0.4,10,COMPLETE
100,100,-1.9355059553314164,2025-06-14 20:16:21.457642,2025-06-14 20:16:24.210331,0 days 00:00:02.752689,418.0,0.003,4m,3.5,3.0,1.3,290.0,990,0.002,1m,3.5,3.0,1.6,408,688.0,0.01,3m,1.0,2.0,1.5,236.0,,,,,,,,,,,,,,,880.0,0.002,4m,3.0,3.0,0.6,540.0,,,,,,,,366.0,0.004,2m,4.0,4.0,0.7,792.0,644.0,0.004,3m,1.0,1.5,1.2000000000000002,60.0,,,,,,,,0.5,6,COMPLETE
101,101,2.675294803822138,2025-06-14 20:16:24.248600,2025-06-14 20:16:25.255547,0 days 00:00:01.006947,,,,,,,,686,0.006,2m,3.0,1.5,1.6,300,,,,,,,,,,,,,,,,,,,,,,,,,,,,,,,,,,,,,,,,,,,594.0,0.01,1m,1.5,3.0,1.1,314.0,,,,,,,,0.35000000000000003,2,COMPLETE
102,102,1.1306274643103962,2025-06-14 20:16:25.281982,2025-06-14 20:16:26.290829,0 days 00:00:01.008847,,,,,,,,684,0.006,2m,3.0,1.0,1.7000000000000002,294,,,,,,,,,,,,,,,,,,,,,,,,,,,,,,,,,,,,,,,,,,,576.0,0.01,1m,1.5,3.5,1.1,312.0,,,,,,,,0.35000000000000003,2,COMPLETE
103,103,3.199740121103108,2025-06-14 20:16:26.314004,2025-06-14 20:16:27.359311,0 days 00:00:01.045307,,,,,,,,556,0.005,2m,2.5,1.5,1.6,332,,,,,,,,,,,,,,,,,,,,,,,,,,,,,,,,,,,,,,,,,,,606.0,0.01,1m,1.5,3.0,1.1,350.0,,,,,,,,0.35000000000000003,2,COMPLETE
104,104,1.4265562515521912,2025-06-14 20:16:27.383962,2025-06-14 20:16:28.434192,0 days 00:00:01.050230,,,,,,,,592,0.005,2m,2.5,1.5,1.6,340,,,,,,,,,,,,,,,,,,,,,,,,,,,,,,,,,,,,,,,,,,,612.0,0.009000000000000001,1m,1.5,3.0,1.0,344.0,,,,,,,,0.35000000000000003,2,COMPLETE
105,105,0.28797474271781853,2025-06-14 20:16:28.457579,2025-06-14 20:16:29.481820,0 days 00:00:01.024241,,,,,,,,568,0.006,2m,2.0,1.5,1.8,312,,,,,,,,,,,,,,,,,,,,,,,,,,,,,,,,,,,,,,,,,,,544.0,0.01,1m,2.0,3.0,1.1,234.0,,,,,,,,0.35000000000000003,2,COMPLETE
106,106,3.062647792666022,2025-06-14 20:16:29.518057,2025-06-14 20:16:30.558601,0 days 00:00:01.040544,,,,,,,,500,0.006,2m,2.5,2.0,1.7000000000000002,240,,,,,,,,,,,,,,,,,,,,,,,,,,,,,,,,,,,,,,,,,,,596.0,0.01,1m,1.5,3.0,1.1,284.0,,,,,,,,0.3,2,COMPLETE
107,107,2.1419205622446538,2025-06-14 20:16:30.590744,2025-06-14 20:16:32.095040,0 days 00:00:01.504296,770.0,0.002,3m,4.0,2.0,1.2000000000000002,22.0,482,0.006,2m,2.5,1.5,1.7000000000000002,164,,,,,,,,,,,,,,,,,,,,,,,,,,,,,,,,,,,,,,,,,,,594.0,0.01,1m,1.5,3.0,1.1,296.0,,,,,,,,0.3,3,COMPLETE
108,108,2.220816528876776,2025-06-14 20:16:32.115619,2025-06-14 20:16:33.149329,0 days 00:00:01.033710,,,,,,,,514,0.005,2m,2.5,1.5,1.8,216,,,,,,,,,,,,,,,,,,,,,,,,,,,,,,,,,,,,,,,,,,,648.0,0.01,1m,1.5,3.0,1.0,270.0,,,,,,,,0.3,2,COMPLETE
109,109,-1.0460218067136111,2025-06-14 20:16:33.176412,2025-06-14 20:16:34.195056,0 days 00:00:01.018644,,,,,,,,396,0.007,2m,2.5,2.0,1.7000000000000002,228,,,,,,,,,,,,,,,,,,,,,,,,,,,,,,,,,,,,,,,,,,,498.0,0.01,1m,1.5,3.5,1.1,418.0,,,,,,,,0.35000000000000003,2,COMPLETE
110,110,1.2880595049211399,2025-06-14 20:16:34.218399,2025-06-14 20:16:35.489191,0 days 00:00:01.270792,590.0,0.008,2m,2.0,1.5,2.0,702.0,556,0.005,2m,2.5,3.5,1.6,386,,,,,,,,,,,,,,,,,,,,,,,,,,,,,,,,,,,,,,,,,,,674.0,0.01,1m,1.0,2.5,1.2000000000000002,332.0,,,,,,,,0.35000000000000003,3,COMPLETE
111,111,0.09521268236992732,2025-06-14 20:16:35.511220,2025-06-14 20:16:36.468342,0 days 00:00:00.957122,,,,,,,,666,0.006,2m,2.5,2.0,1.6,280,,,,,,,,,,,,,,,,,,,,,,,,,,,,,,,,,,,,,,,,,,,714.0,0.009000000000000001,1m,2.5,3.0,1.3,206.0,,,,,,,,0.35000000000000003,2,COMPLETE
112,112,-0.13875849053546915,2025-06-14 20:16:36.484830,2025-06-14 20:16:37.374588,0 days 00:00:00.889758,,,,,,,,622,0.005,2m,2.5,1.5,1.7000000000000002,362,,,,,,,,,,,,,,,,,,,,,,,,,,,,,,,,,,,,,,,,,,,612.0,0.01,1m,1.5,3.0,1.0,246.0,,,,,,,,0.35000000000000003,2,COMPLETE
113,113,-0.13878245038799913,2025-06-14 20:16:37.392655,2025-06-14 20:16:38.342331,0 days 00:00:00.949676,,,,,,,,542,0.006,2m,3.0,1.0,1.6,290,,,,,,,,,,,,,,,,,,,,,,,,,,,,,,,,,,,,,,,,,,,570.0,0.01,1m,2.0,3.0,1.4,166.0,,,,,,,,0.3,2,COMPLETE
114,114,2.8091097022657507,2025-06-14 20:16:38.356882,2025-06-14 20:16:38.870581,0 days 00:00:00.513699,,,,,,,,684,0.006,2m,3.0,2.0,1.5,452,,,,,,,,,,,,,,,,,,,,,,,,,,,,,,,,,,,,,,,,,,,,,,,,,,,,,,,,,0.35000000000000003,1,COMPLETE
115,115,1.9129392967871677,2025-06-14 20:16:38.886341,2025-06-14 20:16:40.182894,0 days 00:00:01.296553,164.0,0.009000000000000001,4m,4.0,4.0,1.1,106.0,690,0.006,2m,3.0,1.5,1.8,324,,,,,,,,,,,,,,,,,,,,,,,,,,,,,,,,,,,,,,,,,,,438.0,0.009000000000000001,2m,1.0,2.5,1.0,458.0,,,,,,,,0.35000000000000003,3,COMPLETE
116,116,-4.095608104124825,2025-06-14 20:16:40.198860,2025-06-14 20:16:40.722627,0 days 00:00:00.523767,,,,,,,,778,0.007,2m,2.0,2.5,1.9000000000000001,258,,,,,,,,,,,,,,,,,,,,,,,,,,,,,,,,,,,,,,,,,,,,,,,,,,,,,,,,,0.3,1,COMPLETE
117,117,-1.6136434244262448,2025-06-14 20:16:40.743122,2025-06-14 20:16:41.240790,0 days 00:00:00.497668,,,,,,,,734,0.006,4m,3.0,3.0,1.5,446,,,,,,,,,,,,,,,,,,,,,,,,,,,,,,,,,,,,,,,,,,,,,,,,,,,,,,,,,0.35000000000000003,1,COMPLETE
118,118,-0.8571227365850173,2025-06-14 20:16:41.256704,2025-06-14 20:16:41.751645,0 days 00:00:00.494941,,,,,,,,744,0.005,2m,3.0,2.0,1.6,528,,,,,,,,,,,,,,,,,,,,,,,,,,,,,,,,,,,,,,,,,,,,,,,,,,,,,,,,,0.3,1,COMPLETE
119,119,3.1215693033123157,2025-06-14 20:16:41.783360,2025-06-14 20:16:43.404380,0 days 00:00:01.621020,240.0,0.003,4m,1.5,1.5,1.4,558.0,718,0.005,2m,3.0,3.5,1.7000000000000002,246,,,,,,,,,,,,,,,,,,,,,,,,,,,,,,,,,,,,540.0,0.006,1m,2.5,4.0,1.6,140.0,542.0,0.01,1m,1.5,3.5,1.1,350.0,,,,,,,,0.35000000000000003,4,COMPLETE
120,120,-3.4467135372725175,2025-06-14 20:16:43.420319,2025-06-14 20:16:45.056805,0 days 00:00:01.636486,458.0,0.003,4m,1.5,1.5,1.4,560.0,718,0.005,2m,3.0,3.5,1.7000000000000002,244,,,,,,,,,,,,,,,,,,,,,,,,,,,,,,,,,,,,624.0,0.01,1m,2.0,4.0,1.6,106.0,536.0,0.009000000000000001,1m,1.5,3.5,0.9,390.0,,,,,,,,0.25,4,COMPLETE
121,121,-0.27091056807194147,2025-06-14 20:16:45.073205,2025-06-14 20:16:47.004555,0 days 00:00:01.931350,220.0,0.004,4m,1.0,1.0,1.5,636.0,710,0.006,2m,3.0,3.5,1.7000000000000002,160,914.0,0.004,4m,3.0,3.5,1.1,112.0,,,,,,,,,,,,,,,,,,,,,,,,,,,,,538.0,0.007,1m,2.5,3.5,1.8,234.0,500.0,0.01,1m,1.5,4.0,1.1,356.0,,,,,,,,0.35000000000000003,5,COMPLETE
122,122,2.4054276334768043,2025-06-14 20:16:47.023640,2025-06-14 20:16:47.893708,0 days 00:00:00.870068,,,,,,,,658,0.006,2m,3.0,3.5,1.6,198,,,,,,,,,,,,,,,,,,,,,,,,,,,,,,,,,,,,,,,,,,,588.0,0.01,1m,1.5,3.5,1.2000000000000002,280.0,,,,,,,,0.35000000000000003,2,COMPLETE
123,123,-0.14683992152137737,2025-06-14 20:16:47.910953,2025-06-14 20:16:48.777801,0 days 00:00:00.866848,,,,,,,,688,0.005,2m,3.0,3.0,0.5,234,,,,,,,,,,,,,,,,,,,,,,,,,,,,,,,,,,,,,,,,,,,548.0,0.01,1m,2.0,2.0,1.1,304.0,,,,,,,,0.35000000000000003,2,COMPLETE
124,124,-1.4924363139185162,2025-06-14 20:16:48.785877,2025-06-14 20:16:49.271139,0 days 00:00:00.485262,,,,,,,,782,0.005,2m,2.5,3.5,1.6,562,,,,,,,,,,,,,,,,,,,,,,,,,,,,,,,,,,,,,,,,,,,,,,,,,,,,,,,,,0.05,1,COMPLETE
125,125,-1.7469177483877212,2025-06-14 20:16:49.289360,2025-06-14 20:16:50.528404,0 days 00:00:01.239044,98.0,0.001,4m,1.5,2.0,1.7000000000000002,436.0,758,0.004,2m,3.0,1.5,1.8,202,,,,,,,,,,,,,,,,,,,,,,,,,,,,,,,,,,,,,,,,,,,464.0,0.01,1m,1.5,2.5,1.1,324.0,,,,,,,,0.35000000000000003,3,COMPLETE
126,126,-1.0768551100544859,2025-06-14 20:16:50.555620,2025-06-14 20:16:51.443052,0 days 00:00:00.887432,,,,,,,,604,0.006,2m,2.5,3.5,1.5,428,,,,,,,,,,,,,,,,,,,,,,,,,,,,,,,,,,,,,,,,,,,514.0,0.01,1m,2.0,3.0,1.0,390.0,,,,,,,,0.35000000000000003,2,COMPLETE
127,127,-1.8401192497329746,2025-06-14 20:16:51.457795,2025-06-14 20:16:51.946177,0 days 00:00:00.488382,,,,,,,,676,0.005,3m,3.0,3.0,1.7000000000000002,924,,,,,,,,,,,,,,,,,,,,,,,,,,,,,,,,,,,,,,,,,,,,,,,,,,,,,,,,,0.4,1,COMPLETE
128,128,0.6241048305042101,2025-06-14 20:16:51.966122,2025-06-14 20:16:53.934953,0 days 00:00:01.968831,244.0,0.003,4m,2.0,1.5,1.4,744.0,452,0.007,2m,3.5,2.0,1.6,332,134.0,0.002,4m,1.0,4.0,1.0,258.0,,,,,,,,,,,,,,,,,,,,,,,,,,,,,444.0,0.008,1m,2.0,4.0,1.5,490.0,628.0,0.01,4m,1.0,3.5,1.2000000000000002,286.0,,,,,,,,0.3,5,COMPLETE
129,129,1.4830286574930014,2025-06-14 20:16:53.947338,2025-06-14 20:16:55.559079,0 days 00:00:01.611741,512.0,0.002,4m,3.0,1.0,1.2000000000000002,506.0,700,0.004,2m,3.0,1.5,1.5,388,,,,,,,,,,,,,,,,,,,,,,,,,,,,,,,,,,,,746.0,0.006,1m,3.0,3.5,1.2000000000000002,132.0,566.0,0.009000000000000001,2m,1.5,4.0,1.2000000000000002,258.0,,,,,,,,0.4,4,COMPLETE
130,130,1.878987246548747,2025-06-14 20:16:55.579902,2025-06-14 20:16:56.435869,0 days 00:00:00.855967,,,,,,,,494,0.006,2m,2.5,2.5,1.7000000000000002,480,,,,,,,,,,,,,,,,,,,,,,,,,,,,,,,,,,,,,,,,,,,64.0,0.01,3m,2.0,2.0,1.3,92.0,,,,,,,,0.35000000000000003,2,COMPLETE
131,131,4.820136182765174,2025-06-14 20:16:56.450145,2025-06-14 20:16:57.340062,0 days 00:00:00.889917,,,,,,,,656,0.006,2m,3.0,3.5,1.6,124,,,,,,,,,,,,,,,,,,,,,,,,,,,,,,,,,,,,,,,,,,,584.0,0.01,1m,1.5,3.5,1.2000000000000002,282.0,,,,,,,,0.35000000000000003,2,COMPLETE
132,132,2.870876438159708,2025-06-14 20:16:57.356087,2025-06-14 20:16:58.250659,0 days 00:00:00.894572,,,,,,,,730,0.006,2m,3.0,3.5,1.8,16,,,,,,,,,,,,,,,,,,,,,,,,,,,,,,,,,,,,,,,,,,,596.0,0.01,1m,1.5,3.5,1.2000000000000002,344.0,,,,,,,,0.35000000000000003,2,COMPLETE
133,133,0.45740743865105593,2025-06-14 20:16:58.266427,2025-06-14 20:16:59.155675,0 days 00:00:00.889248,,,,,,,,646,0.006,2m,3.0,3.5,1.9000000000000001,22,,,,,,,,,,,,,,,,,,,,,,,,,,,,,,,,,,,,,,,,,,,600.0,0.01,1m,1.5,3.5,1.1,352.0,,,,,,,,0.35000000000000003,2,COMPLETE
134,134,-0.30454373422333675,2025-06-14 20:16:59.171422,2025-06-14 20:17:00.463313,0 days 00:00:01.291891,66.0,0.005,3m,1.5,2.5,1.3,666.0,732,0.006,2m,3.0,3.5,1.8,64,,,,,,,,,,,,,,,,,,,,,,,,,,,,,,,,,,,,,,,,,,,522.0,0.01,1m,1.5,3.5,1.2000000000000002,326.0,,,,,,,,0.45,3,COMPLETE
135,135,1.0501793392790297,2025-06-14 20:17:00.479486,2025-06-14 20:17:01.406193,0 days 00:00:00.926707,,,,,,,,626,0.007,2m,3.0,3.5,1.8,94,,,,,,,,,,,,,,,,,,,,,,,,,,,,,,,,,,,,,,,,,,,612.0,0.009000000000000001,1m,1.5,3.5,1.1,312.0,,,,,,,,0.35000000000000003,2,COMPLETE
136,136,0.06456065779147002,2025-06-14 20:17:01.421851,2025-06-14 20:17:02.351811,0 days 00:00:00.929960,,,,,,,,702,0.005,2m,3.0,3.5,0.9,132,,,,,,,,,,,,,,,,,,,,,,,,,,,,,,,,,,,,,,,,,,,478.0,0.01,1m,1.5,3.5,1.2000000000000002,382.0,,,,,,,,0.35000000000000003,2,COMPLETE
137,137,3.028048155887715,2025-06-14 20:17:02.367539,2025-06-14 20:17:02.868501,0 days 00:00:00.500962,,,,,,,,670,0.006,2m,3.0,3.5,1.8,36,,,,,,,,,,,,,,,,,,,,,,,,,,,,,,,,,,,,,,,,,,,,,,,,,,,,,,,,,0.4,1,COMPLETE
138,138,-1.4097496631706563,2025-06-14 20:17:02.884726,2025-06-14 20:17:03.384144,0 days 00:00:00.499418,,,,,,,,902,0.006,2m,1.0,3.5,1.8,42,,,,,,,,,,,,,,,,,,,,,,,,,,,,,,,,,,,,,,,,,,,,,,,,,,,,,,,,,0.3,1,COMPLETE
139,139,-3.768049729251016,2025-06-14 20:17:03.390923,2025-06-14 20:17:03.894464,0 days 00:00:00.503541,,,,,,,,818,0.006,2m,2.5,3.5,1.9000000000000001,92,,,,,,,,,,,,,,,,,,,,,,,,,,,,,,,,,,,,,,,,,,,,,,,,,,,,,,,,,0.35000000000000003,1,COMPLETE
140,140,1.6831209469993775,2025-06-14 20:17:03.907978,2025-06-14 20:17:04.441401,0 days 00:00:00.533423,,,,,,,,728,0.006,2m,3.0,3.5,1.7000000000000002,40,,,,,,,,,,,,,,,,,,,,,,,,,,,,,,,,,,,,,,,,,,,,,,,,,,,,,,,,,0.4,1,COMPLETE
141,141,-4.924823940848144,2025-06-14 20:17:04.457558,2025-06-14 20:17:07.368363,0 days 00:00:02.910805,158.0,0.004,4m,2.0,2.0,1.8,606.0,660,0.005,2m,3.0,3.5,1.9000000000000001,16,346.0,0.006,1m,1.0,3.5,0.8,180.0,,,,,,,,460.0,0.007,3m,2.0,4.0,0.5,600.0,990.0,0.001,2m,4.0,4.0,1.4,364.0,,,,,,,,268.0,0.009000000000000001,2m,2.5,3.0,2.0,78.0,548.0,0.005,1m,1.5,4.0,1.1,410.0,,,,,,,,0.4,7,COMPLETE
142,142,-1.751054235966078,2025-06-14 20:17:07.395693,2025-06-14 20:17:08.293528,0 days 00:00:00.897835,,,,,,,,680,0.007,4m,3.0,3.5,1.8,134,,,,,,,,,,,,,,,,,,,,,,,,,,,,,,,,,,,,,,,,,,,646.0,0.01,1m,1.5,3.0,1.2000000000000002,348.0,,,,,,,,0.45,2,COMPLETE
143,143,-0.7179392327746318,2025-06-14 20:17:08.315137,2025-06-14 20:17:09.196054,0 days 00:00:00.880917,,,,,,,,760,0.006,2m,3.0,3.5,1.7000000000000002,118,,,,,,,,,,,,,,,,,,,,,,,,,,,,,,,,,,,,,,,,,,,582.0,0.01,1m,1.0,3.5,1.1,278.0,,,,,,,,0.4,2,COMPLETE
144,144,-1.4045929400599237,2025-06-14 20:17:09.211879,2025-06-14 20:17:09.730952,0 days 00:00:00.519073,,,,,,,,606,0.006,2m,3.0,1.5,1.5,68,,,,,,,,,,,,,,,,,,,,,,,,,,,,,,,,,,,,,,,,,,,,,,,,,,,,,,,,,0.35000000000000003,1,COMPLETE
145,145,0.17835739991767346,2025-06-14 20:17:09.751568,2025-06-14 20:17:10.652531,0 days 00:00:00.900963,,,,,,,,716,0.005,2m,3.0,3.5,1.7000000000000002,84,,,,,,,,,,,,,,,,,,,,,,,,,,,,,,,,,,,,,,,,,,,92.0,0.01,1m,1.5,3.5,0.9,252.0,,,,,,,,0.4,2,COMPLETE
146,146,-1.0622306776745392,2025-06-14 20:17:10.666242,2025-06-14 20:17:11.986282,0 days 00:00:01.320040,358.0,0.006,2m,3.5,2.5,1.1,344.0,644,0.006,2m,3.0,3.5,1.6,260,,,,,,,,,,,,,,,,,,,,,,,,,,,,,,,,,,,,,,,,,,,568.0,0.009000000000000001,1m,1.0,3.0,1.2000000000000002,298.0,,,,,,,,0.45,3,COMPLETE
147,147,1.2657590201291418,2025-06-14 20:17:12.004019,2025-06-14 20:17:12.872659,0 days 00:00:00.868640,,,,,,,,580,0.005,2m,2.5,3.5,1.8,304,,,,,,,,,,,,,,,,,,,,,,,,,,,,,,,,,,,,,,,,,,,630.0,0.01,3m,1.5,3.0,1.0,192.0,,,,,,,,0.35000000000000003,2,COMPLETE
148,148,-1.2476119180020104,2025-06-14 20:17:12.872659,2025-06-14 20:17:13.371647,0 days 00:00:00.498988,,,,,,,,794,0.006,3m,3.0,2.0,1.6,178,,,,,,,,,,,,,,,,,,,,,,,,,,,,,,,,,,,,,,,,,,,,,,,,,,,,,,,,,0.35000000000000003,1,COMPLETE
149,149,0.813253292945963,2025-06-14 20:17:13.391910,2025-06-14 20:17:14.266441,0 days 00:00:00.874531,,,,,,,,674,0.007,2m,2.5,4.0,1.5,412,,,,,,,,,,,,,,,,,,,,,,,,,,,,,,,,,,,,,,,,,,,406.0,0.009000000000000001,1m,4.0,3.5,2.0,426.0,,,,,,,,0.4,2,COMPLETE
