,number,value,datetime_start,datetime_complete,duration,params_AEP_JD_beta_win,params_AEP_JD_stop_loss,params_AEP_JD_trade_freq,params_AEP_JD_z_entry,params_AEP_JD_z_exit,params_AEP_JD_z_stop_scaler,params_AEP_JD_z_win,params_AMGN_JD_beta_win,params_AMGN_JD_stop_loss,params_AMGN_JD_trade_freq,params_AMGN_JD_z_entry,params_AMGN_JD_z_exit,params_AMGN_JD_z_stop_scaler,params_AMGN_JD_z_win,params_CHTR_MTCH_beta_win,params_CHTR_MTCH_stop_loss,params_CHTR_MTCH_trade_freq,params_CHTR_MTCH_z_entry,params_CHTR_MTCH_z_exit,params_CHTR_MTCH_z_stop_scaler,params_CHTR_MTCH_z_win,params_DDOG_GOOGL_beta_win,params_DDOG_GOOGL_stop_loss,params_DDOG_GOOGL_trade_freq,params_DDOG_GOOGL_z_entry,params_DDOG_GOOGL_z_exit,params_DDOG_GOOGL_z_stop_scaler,params_DDOG_GOOGL_z_win,params_DDOG_GOOG_beta_win,params_DDOG_GOOG_stop_loss,params_DDOG_GOOG_trade_freq,params_DDOG_GOOG_z_entry,params_DDOG_GOOG_z_exit,params_DDOG_GOOG_z_stop_scaler,params_DDOG_GOOG_z_win,params_GOOGL_WDAY_beta_win,params_GOOGL_WDAY_stop_loss,params_GOOGL_WDAY_trade_freq,params_GOOGL_WDAY_z_entry,params_GOOGL_WDAY_z_exit,params_GOOGL_WDAY_z_stop_scaler,params_GOOGL_WDAY_z_win,params_GOOG_WDAY_beta_win,params_GOOG_WDAY_stop_loss,params_GOOG_WDAY_trade_freq,params_GOOG_WDAY_z_entry,params_GOOG_WDAY_z_exit,params_GOOG_WDAY_z_stop_scaler,params_GOOG_WDAY_z_win,params_LRCX_NXPI_beta_win,params_LRCX_NXPI_stop_loss,params_LRCX_NXPI_trade_freq,params_LRCX_NXPI_z_entry,params_LRCX_NXPI_z_exit,params_LRCX_NXPI_z_stop_scaler,params_LRCX_NXPI_z_win,params_OKTA_SWKS_beta_win,params_OKTA_SWKS_stop_loss,params_OKTA_SWKS_trade_freq,params_OKTA_SWKS_z_entry,params_OKTA_SWKS_z_exit,params_OKTA_SWKS_z_stop_scaler,params_OKTA_SWKS_z_win,params_ORLY_SIRI_beta_win,params_ORLY_SIRI_stop_loss,params_ORLY_SIRI_trade_freq,params_ORLY_SIRI_z_entry,params_ORLY_SIRI_z_exit,params_ORLY_SIRI_z_stop_scaler,params_ORLY_SIRI_z_win,params_buffer_capital,params_pairs_to_trade,state
0,0,0.9880739925707154,2025-06-22 16:56:15.509421,2025-06-22 16:56:31.502929,0 days 00:00:15.993508,,,,,,,,4616.0,0.015,3m,3.0,0.2,1.0,216.0,3344,0.025,6m,2.6,0.4,0.5,560,,,,,,,,,,,,,,,,,,,,,,,,,,,,,,,,,,,,,,,,,,,2968.0,0.03,5m,1.6,0.2,2.0,664.0,0.5,3,COMPLETE
1,1,0.9845001109079355,2025-06-22 16:56:31.536717,2025-06-22 16:56:40.428853,0 days 00:00:08.892136,6640.0,0.035,8m,3.0,0.2,1.5,1016.0,6536.0,0.04,4m,2.4000000000000004,0.2,2.0,984.0,5560,0.025,3m,2.0,0.6000000000000001,1.0,808,1128.0,0.025,7m,1.2,0.4,2.0,544.0,1688.0,0.05,6m,1.0,1.0,0.5,240.0,6792.0,0.02,3m,1.4,0.8,1.0,656.0,,,,,,,,,,,,,,,,,,,,,,5296.0,0.05,2m,2.8,0.4,1.5,928.0,0.35000000000000003,7,COMPLETE
2,2,0.9207159958421197,2025-06-22 16:56:40.488970,2025-06-22 16:56:43.786997,0 days 00:00:03.298027,,,,,,,,,,,,,,,1160,0.02,2m,1.2,1.0,0.5,168,,,,,,,,,,,,,,,,,,,,,,,,,,,,,,,,,,,,,,,,,,,2216.0,0.02,7m,2.8,0.0,1.0,880.0,0.4,2,COMPLETE
3,3,1.0253010600874866,2025-06-22 16:56:43.849556,2025-06-22 16:56:55.679403,0 days 00:00:11.829847,7208.0,0.025,6m,2.8,0.4,0.5,512.0,7592.0,0.03,3m,2.2,0.0,0.5,576.0,3408,0.02,6m,1.2,1.0,0.5,880,7048.0,0.035,8m,1.4,0.8,1.5,160.0,8072.0,0.05,6m,2.2,0.4,2.0,624.0,3624.0,0.02,2m,1.8,0.2,1.5,784.0,5984.0,0.01,7m,2.6,0.6000000000000001,1.0,232.0,6216.0,0.04,9m,1.0,1.0,1.0,648.0,5192.0,0.04,9m,1.2,0.0,1.5,360.0,4664.0,0.03,2m,2.2,1.0,1.0,576.0,0.15000000000000002,10,COMPLETE
4,4,0.960717894791909,2025-06-22 16:56:55.727001,2025-06-22 16:57:04.351049,0 days 00:00:08.624048,3864.0,0.05,9m,1.4,0.2,1.5,624.0,7728.0,0.035,9m,2.0,0.2,1.0,160.0,2848,0.035,2m,1.2,0.4,0.5,176,1968.0,0.025,5m,1.0,0.2,1.0,680.0,6296.0,0.035,9m,2.8,0.6000000000000001,1.0,656.0,5608.0,0.04,7m,3.0,0.8,2.0,1000.0,,,,,,,,,,,,,,,,,,,,,,4312.0,0.04,2m,1.4,0.8,0.5,672.0,0.1,7,COMPLETE
5,5,0.9191018530651217,2025-06-22 16:57:04.382397,2025-06-22 16:57:12.428609,0 days 00:00:08.046212,1352.0,0.025,9m,1.0,0.8,2.0,992.0,7032.0,0.015,3m,2.2,1.0,1.0,680.0,2240,0.015,9m,2.2,0.6000000000000001,1.5,168,2000.0,0.035,5m,2.6,0.2,1.0,712.0,3376.0,0.03,5m,1.2,0.4,2.0,648.0,6832.0,0.025,3m,1.2,0.2,2.0,320.0,,,,,,,,,,,,,,,,,,,,,,8040.0,0.015,6m,3.0,0.0,0.5,296.0,0.35000000000000003,7,COMPLETE
6,6,1.0260910295296193,2025-06-22 16:57:12.460301,2025-06-22 16:57:23.367247,0 days 00:00:10.906946,7984.0,0.04,5m,2.8,0.0,1.0,400.0,1336.0,0.015,7m,1.2,0.8,0.5,288.0,2672,0.05,3m,1.4,0.8,1.0,992,1792.0,0.05,7m,2.4000000000000004,0.4,2.0,312.0,2840.0,0.015,7m,1.2,0.0,2.0,680.0,4768.0,0.04,7m,1.4,1.0,1.0,344.0,1600.0,0.04,2m,3.0,0.2,2.0,880.0,6208.0,0.015,8m,1.4,0.4,1.5,536.0,7896.0,0.015,9m,1.6,1.0,2.0,432.0,6288.0,0.01,7m,2.4000000000000004,0.4,1.5,576.0,0.1,10,COMPLETE
7,7,1.0445867549388153,2025-06-22 16:57:23.418922,2025-06-22 16:57:27.829009,0 days 00:00:04.410087,,,,,,,,4800.0,0.01,7m,1.2,0.0,2.0,192.0,1288,0.05,8m,2.8,1.0,1.5,832,6144.0,0.05,9m,1.8,0.0,0.5,432.0,,,,,,,,,,,,,,,,,,,,,,,,,,,,,,,,,,,,2008.0,0.045000000000000005,4m,1.4,1.0,2.0,696.0,0.4,4,COMPLETE
8,8,0.9846869294760503,2025-06-22 16:57:27.871050,2025-06-22 16:57:35.984805,0 days 00:00:08.113755,7320.0,0.04,2m,1.6,0.0,1.5,816.0,1664.0,0.03,9m,1.4,0.8,2.0,672.0,5704,0.02,8m,1.4,0.2,2.0,976,4000.0,0.025,2m,1.6,0.6000000000000001,2.0,560.0,6896.0,0.05,4m,2.2,0.8,2.0,704.0,,,,,,,,,,,,,,,,,,,,,,,,,,,,,4088.0,0.05,7m,1.0,0.0,2.0,200.0,0.3,6,COMPLETE
9,9,1.0301550766395462,2025-06-22 16:57:36.010806,2025-06-22 16:57:44.530999,0 days 00:00:08.520193,3600.0,0.02,3m,3.0,0.4,2.0,680.0,3296.0,0.015,6m,2.4000000000000004,0.8,1.0,944.0,4872,0.015,5m,1.0,0.2,1.0,584,5728.0,0.03,4m,1.2,0.2,2.0,288.0,3104.0,0.05,3m,2.4000000000000004,0.6000000000000001,2.0,616.0,1080.0,0.02,9m,2.0,0.4,1.0,840.0,,,,,,,,,,,,,,,,,,,,,,7440.0,0.04,4m,3.0,0.4,0.5,304.0,0.15000000000000002,7,COMPLETE
10,10,1.0049682102606041,2025-06-22 16:57:44.551274,2025-06-22 16:57:48.431094,0 days 00:00:03.879820,,,,,,,,5000.0,0.05,7m,1.0,0.4,1.5,400.0,7840,0.05,7m,3.0,0.0,2.0,688,7464.0,0.01,9m,2.0,0.0,0.5,968.0,,,,,,,,,,,,,,,,,,,,,,,,,,,,,,,,,,,,1416.0,0.04,4m,1.8,0.8,2.0,448.0,0.5,4,COMPLETE
11,11,0.9907730844071512,2025-06-22 16:57:48.478897,2025-06-22 16:57:54.829981,0 days 00:00:06.351084,,,,,,,,3080.0,0.01,6m,1.6,0.6000000000000001,1.5,1000.0,4768,0.04,5m,2.0,0.0,1.5,432,5432.0,0.05,4m,1.8,0.0,0.5,328.0,4744.0,0.035,3m,3.0,0.0,1.5,928.0,,,,,,,,,,,,,,,,,,,,,,,,,,,,,8120.0,0.04,4m,1.0,0.6000000000000001,1.0,368.0,0.2,5,COMPLETE
12,12,1.0,2025-06-22 16:57:54.901343,2025-06-22 16:58:02.302436,0 days 00:00:07.401093,,,,,,,,,,,,,,,6928,0.01,8m,2.8,0.2,1.5,440,,,,,,,,,,,,,,,,,,,,,,,,,,,,,,,,,,,,,,,,,,,,,,,,,,0.2,1,COMPLETE
13,13,1.0010099870702636,2025-06-22 16:58:02.348441,2025-06-22 16:58:12.430859,0 days 00:00:10.082418,3768.0,0.01,3m,2.2,1.0,2.0,176.0,3184.0,0.02,6m,2.8,0.6000000000000001,1.5,880.0,4392,0.04,5m,2.4000000000000004,0.8,1.0,696,5480.0,0.04,4m,3.0,0.0,1.5,352.0,1136.0,0.01,3m,1.8,0.6000000000000001,1.5,320.0,1424.0,0.01,9m,2.6,0.4,0.5,1016.0,8040.0,0.05,9m,1.0,1.0,0.5,152.0,,,,,,,,,,,,,,,6736.0,0.045000000000000005,4m,1.4,1.0,1.5,128.0,0.05,8,COMPLETE
14,14,1.0132338817837565,2025-06-22 16:58:12.462847,2025-06-22 16:58:17.048508,0 days 00:00:04.585661,,,,,,,,5752.0,0.025,5m,1.8,1.0,2.0,456.0,1448,0.01,4m,1.8,0.2,1.5,504,6264.0,0.015,6m,1.4,0.2,1.0,136.0,,,,,,,,,,,,,,,,,,,,,,,,,,,,,,,,,,,,3136.0,0.035,8m,2.4000000000000004,0.6000000000000001,0.5,768.0,0.25,4,COMPLETE
15,15,1.0,2025-06-22 16:58:17.087833,2025-06-22 16:58:23.555994,0 days 00:00:06.468161,,,,,,,,3568.0,0.01,8m,2.6,0.8,1.0,784.0,4472,0.035,8m,1.6,0.8,1.0,336,3944.0,0.04,9m,2.2,0.2,1.5,448.0,4456.0,0.025,2m,2.6,1.0,1.0,408.0,,,,,,,,,,,,,,,,,,,,,,,,,,,,,1024.0,0.025,3m,2.0,0.2,1.5,488.0,0.4,5,COMPLETE
16,16,1.0238950474330912,2025-06-22 16:58:23.587870,2025-06-22 16:58:34.748154,0 days 00:00:11.160284,2040.0,0.01,4m,2.2,0.6000000000000001,2.0,744.0,3968.0,0.02,2m,1.8,0.0,1.5,424.0,6136,0.045000000000000005,5m,3.0,0.4,2.0,680,8160.0,0.045000000000000005,3m,1.0,0.6000000000000001,0.5,256.0,2872.0,0.04,8m,1.8,0.2,1.5,944.0,1048.0,0.05,6m,2.2,0.0,0.5,744.0,1440.0,0.015,4m,1.4,0.0,2.0,992.0,1336.0,0.05,6m,2.8,0.0,2.0,144.0,,,,,,,,6616.0,0.045000000000000005,9m,1.4,0.8,1.0,792.0,0.25,9,COMPLETE
17,17,0.9995665736507716,2025-06-22 16:58:34.777207,2025-06-22 16:58:38.293786,0 days 00:00:03.516579,,,,,,,,2320.0,0.01,6m,1.0,0.4,0.5,536.0,3928,0.03,9m,1.0,0.6000000000000001,1.5,840,,,,,,,,,,,,,,,,,,,,,,,,,,,,,,,,,,,,,,,,,,,3176.0,0.035,4m,1.8,0.4,0.5,1008.0,0.45,3,COMPLETE
18,18,1.011897180923514,2025-06-22 16:58:38.330300,2025-06-22 16:58:45.402818,0 days 00:00:07.072518,5240.0,0.02,3m,2.4000000000000004,0.6000000000000001,0.5,288.0,5552.0,0.02,7m,2.6,0.6000000000000001,2.0,304.0,1984,0.03,7m,2.4000000000000004,0.2,1.0,752,5152.0,0.03,9m,1.6,1.0,1.0,400.0,4768.0,0.02,3m,2.4000000000000004,0.8,0.5,488.0,,,,,,,,,,,,,,,,,,,,,,,,,,,,,7240.0,0.045000000000000005,4m,2.6,0.6000000000000001,2.0,288.0,0.3,6,COMPLETE
19,19,1.0117480104163326,2025-06-22 16:58:45.439591,2025-06-22 16:58:54.609910,0 days 00:00:09.170319,2632.0,0.015,7m,2.6,0.4,1.0,776.0,2584.0,0.045000000000000005,4m,1.4,0.4,1.5,840.0,5152,0.045000000000000005,4m,2.6,1.0,1.5,296,6272.0,0.02,4m,2.0,0.0,1.5,488.0,2184.0,0.04,4m,1.6,0.2,1.0,824.0,3016.0,0.01,5m,2.0,0.6000000000000001,1.5,496.0,3936.0,0.03,6m,2.0,1.0,0.5,552.0,,,,,,,,,,,,,,,5864.0,0.035,8m,1.2,0.2,1.5,424.0,0.15000000000000002,8,COMPLETE
20,20,1.0320273216479647,2025-06-22 16:58:54.637914,2025-06-22 16:59:00.023876,0 days 00:00:05.385962,,,,,,,,3912.0,0.025,2m,2.2,0.8,1.0,704.0,6352,0.015,8m,1.8,0.0,1.0,624,3336.0,0.035,6m,1.6,0.4,0.5,680.0,,,,,,,,,,,,,,,,,,,,,,,,,,,,,,,,,,,,2048.0,0.05,6m,2.0,0.8,1.0,664.0,0.05,4,COMPLETE
21,21,1.0,2025-06-22 16:59:00.064445,2025-06-22 16:59:04.759985,0 days 00:00:04.695540,,,,,,,,4104.0,0.025,2m,2.2,0.8,1.0,696.0,6952,0.015,8m,1.8,0.0,1.0,600,,,,,,,,,,,,,,,,,,,,,,,,,,,,,,,,,,,,,,,,,,,1792.0,0.05,6m,2.0,1.0,1.0,696.0,0.05,3,COMPLETE
22,22,0.9999888388420207,2025-06-22 16:59:04.812583,2025-06-22 16:59:10.168581,0 days 00:00:05.355998,,,,,,,,5176.0,0.025,2m,2.4000000000000004,1.0,1.0,912.0,6216,0.015,8m,1.0,0.0,1.0,600,3536.0,0.035,6m,1.6,0.4,0.5,704.0,,,,,,,,,,,,,,,,,,,,,,,,,,,,,,,,,,,,2424.0,0.045000000000000005,6m,2.2,0.8,0.5,536.0,0.1,4,COMPLETE
23,23,1.042708410607498,2025-06-22 16:59:10.198905,2025-06-22 16:59:15.300335,0 days 00:00:05.101430,,,,,,,,4288.0,0.015,8m,2.0,0.8,0.5,768.0,7696,0.025,5m,1.6,0.2,1.0,936,3344.0,0.045000000000000005,6m,1.2,0.2,0.5,816.0,3992.0,0.045000000000000005,5m,3.0,0.8,1.5,144.0,,,,,,,,,,,,,,,,,,,,,,,,,,,,,3592.0,0.05,9m,1.8,1.0,1.0,776.0,0.05,5,COMPLETE
24,24,1.0041000709616639,2025-06-22 16:59:15.339821,2025-06-22 16:59:20.518973,0 days 00:00:05.179152,,,,,,,,4344.0,0.01,8m,1.8,0.6000000000000001,0.5,768.0,8136,0.025,8m,1.6,0.0,1.5,912,3512.0,0.045000000000000005,6m,1.8,0.4,0.5,864.0,5712.0,0.04,5m,3.0,0.8,1.5,208.0,,,,,,,,,,,,,,,,,,,,,,,,,,,,,3624.0,0.05,9m,1.8,1.0,1.0,824.0,0.05,5,COMPLETE
25,25,1.0,2025-06-22 16:59:20.556484,2025-06-22 16:59:22.724693,0 days 00:00:02.168209,,,,,,,,,,,,,,,7368,0.025,8m,1.8,0.4,1.0,1024,,,,,,,,,,,,,,,,,,,,,,,,,,,,,,,,,,,,,,,,,,,2584.0,0.05,9m,1.6,1.0,1.0,720.0,0.4,2,COMPLETE
26,26,0.9838756051301889,2025-06-22 16:59:22.766587,2025-06-22 16:59:27.628141,0 days 00:00:04.861554,,,,,,,,6176.0,0.035,8m,2.0,1.0,0.5,584.0,6472,0.035,5m,2.2,0.2,0.5,920,2784.0,0.045000000000000005,6m,1.4,0.6000000000000001,0.5,832.0,,,,,,,,,,,,,,,,,,,,,,,,,,,,,,,,,,,,1848.0,0.045000000000000005,3m,1.6,0.8,1.5,624.0,0.2,4,COMPLETE
27,27,1.0,2025-06-22 16:59:27.662665,2025-06-22 16:59:30.045484,0 days 00:00:02.382819,,,,,,,,,,,,,,,7368,0.02,8m,1.6,0.0,1.5,776,,,,,,,,,,,,,,,,,,,,,,,,,,,,,,,,,,,,,,,,,,,3816.0,0.05,5m,1.2,1.0,1.0,864.0,0.1,2,COMPLETE
28,28,1.0318821260844169,2025-06-22 16:59:30.073023,2025-06-22 16:59:36.366994,0 days 00:00:06.293971,5960.0,0.05,7m,1.6,1.0,1.0,128.0,4968.0,0.02,5m,1.6,0.0,0.5,776.0,7440,0.03,7m,2.2,0.8,2.0,856,4616.0,0.05,6m,1.8,0.2,0.5,816.0,3968.0,0.045000000000000005,5m,2.6,1.0,1.0,160.0,,,,,,,,,,,,,,,,,,,,,,,,,,,,,4784.0,0.045000000000000005,9m,2.0,0.8,1.5,744.0,0.45,6,COMPLETE
29,29,1.0120876901706655,2025-06-22 16:59:36.398429,2025-06-22 16:59:39.657124,0 days 00:00:03.258695,,,,,,,,3648.0,0.015,7m,1.2,0.8,1.5,616.0,6840,0.025,6m,2.8,0.4,0.5,728,,,,,,,,,,,,,,,,,,,,,,,,,,,,,,,,,,,,,,,,,,,1944.0,0.025,6m,2.2,1.0,1.0,976.0,0.5,3,COMPLETE
30,30,1.0126512612448357,2025-06-22 16:59:39.697047,2025-06-22 16:59:46.199170,0 days 00:00:06.502123,,,,,,,,4568.0,0.025,8m,2.0,0.6000000000000001,0.5,488.0,3808,0.04,4m,1.4,0.6000000000000001,1.0,944,2776.0,0.04,8m,1.2,0.0,1.0,624.0,5424.0,0.03,2m,1.6,0.8,0.5,488.0,,,,,,,,,,,,,,,,,,,,,,,,,,,,,2672.0,0.04,5m,1.8,0.8,2.0,640.0,0.05,5,COMPLETE
31,31,1.0310694936775449,2025-06-22 16:59:46.231775,2025-06-22 16:59:52.104203,0 days 00:00:05.872428,5680.0,0.05,7m,1.8,1.0,1.0,128.0,5120.0,0.02,5m,1.6,0.0,0.5,776.0,7600,0.03,7m,2.2,0.8,2.0,848,4584.0,0.05,6m,1.8,0.2,0.5,816.0,3848.0,0.045000000000000005,5m,2.8,1.0,1.0,144.0,,,,,,,,,,,,,,,,,,,,,,,,,,,,,4808.0,0.045000000000000005,9m,2.0,0.8,2.0,736.0,0.45,6,COMPLETE
32,32,1.0229787327749469,2025-06-22 16:59:52.136198,2025-06-22 16:59:56.295084,0 days 00:00:04.158886,,,,,,,,5728.0,0.02,5m,1.6,0.0,0.5,720.0,8048,0.035,7m,2.4000000000000004,1.0,2.0,800,4664.0,0.05,6m,2.2,0.2,0.5,968.0,,,,,,,,,,,,,,,,,,,,,,,,,,,,,,,,,,,,3400.0,0.05,9m,1.6,0.6000000000000001,1.5,832.0,0.45,4,COMPLETE
33,33,1.0098321073313818,2025-06-22 16:59:56.315618,2025-06-22 17:00:03.129332,0 days 00:00:06.813714,5936.0,0.045000000000000005,7m,1.0,0.8,0.5,448.0,4696.0,0.015,5m,1.4,0.2,0.5,856.0,5544,0.025,3m,2.0,1.0,2.0,888,3120.0,0.045000000000000005,6m,1.8,0.4,0.5,768.0,4224.0,0.045000000000000005,5m,2.6,1.0,1.0,128.0,,,,,,,,,,,,,,,,,,,,,,,,,,,,,5576.0,0.045000000000000005,9m,2.2,1.0,1.5,920.0,0.35000000000000003,6,COMPLETE
34,34,1.0184713436530852,2025-06-22 17:00:03.166785,2025-06-22 17:00:11.033690,0 days 00:00:07.866905,,,,,,,,4040.0,0.01,2m,1.2,0.2,1.0,632.0,6576,0.03,2m,2.6,0.8,1.5,808,4400.0,0.045000000000000005,3m,1.6,0.0,0.5,872.0,5368.0,0.045000000000000005,5m,3.0,0.8,1.5,328.0,,,,,,,,,,,,,,,,,,,,,,,,,,,,,4936.0,0.05,9m,2.0,0.8,2.0,760.0,0.45,5,COMPLETE
35,35,0.987030312286099,2025-06-22 17:00:11.074609,2025-06-22 17:00:15.993310,0 days 00:00:04.918701,,,,,,,,4856.0,0.02,8m,3.0,0.0,1.0,792.0,7496,0.02,7m,1.8,1.0,0.5,656,2672.0,0.05,2m,2.0,0.2,1.0,640.0,,,,,,,,,,,,,,,,,,,,,,,,,,,,,,,,,,,,2952.0,0.035,6m,2.4000000000000004,1.0,1.0,600.0,0.35000000000000003,4,COMPLETE
36,36,1.0000554536264694,2025-06-22 17:00:16.022955,2025-06-22 17:00:21.657071,0 days 00:00:05.634116,,,,,,,,6208.0,0.015,2m,1.8,0.2,0.5,744.0,5848,0.025,6m,2.0,0.6000000000000001,1.0,856,,,,,,,,,,,,,,,,,,,,,,,,,,,,,,,,,,,,,,,,,,,4320.0,0.045000000000000005,2m,1.8,0.8,1.5,672.0,0.5,3,COMPLETE
37,37,1.0,2025-06-22 17:00:21.698283,2025-06-22 17:00:23.078426,0 days 00:00:01.380143,,,,,,,,,,,,,,,7144,0.01,9m,2.8,1.0,2.0,960,,,,,,,,,,,,,,,,,,,,,,,,,,,,,,,,,,,,,,,,,,,,,,,,,,0.4,1,COMPLETE
38,38,0.9776290509567616,2025-06-22 17:00:23.109080,2025-06-22 17:00:30.595806,0 days 00:00:07.486726,5144.0,0.035,4m,1.4,0.8,1.0,336.0,5440.0,0.03,4m,2.0,0.0,2.0,336.0,7760,0.045000000000000005,2m,1.6,0.8,1.0,504,3912.0,0.04,9m,1.4,0.4,0.5,784.0,3688.0,0.035,8m,2.6,1.0,1.0,288.0,,,,,,,,,,,,,,,,,,,,,,,,,,,,,5136.0,0.04,9m,1.6,0.6000000000000001,1.0,904.0,0.3,6,COMPLETE
39,39,0.9971405692437237,2025-06-22 17:00:30.635602,2025-06-22 17:00:39.586028,0 days 00:00:08.950426,4560.0,0.03,6m,1.8,1.0,1.5,208.0,4360.0,0.025,3m,2.2,0.4,0.5,824.0,1136,0.02,3m,2.2,0.4,0.5,1016,6400.0,0.045000000000000005,6m,2.2,0.0,0.5,904.0,2296.0,0.025,9m,2.8,0.8,1.5,416.0,7888.0,0.035,4m,1.0,1.0,2.0,136.0,,,,,,,,,,,,,,,,,,,,,,3944.0,0.05,3m,1.4,1.0,1.5,808.0,0.1,7,COMPLETE
40,40,1.0545165830670367,2025-06-22 17:00:39.615068,2025-06-22 17:00:44.748698,0 days 00:00:05.133630,,,,,,,,7000.0,0.035,5m,1.4,0.2,1.0,152.0,2608,0.015,7m,1.4,0.6000000000000001,1.5,744,4904.0,0.05,7m,1.2,0.2,1.0,600.0,7136.0,0.045000000000000005,7m,2.2,0.6000000000000001,0.5,192.0,,,,,,,,,,,,,,,,,,,,,,,,,,,,,2112.0,0.03,6m,1.2,0.8,2.0,512.0,0.4,5,COMPLETE
41,41,1.0258979460157762,2025-06-22 17:00:44.783108,2025-06-22 17:00:49.741364,0 days 00:00:04.958256,,,,,,,,6928.0,0.035,5m,1.4,0.0,1.0,176.0,1648,0.015,7m,1.4,0.6000000000000001,1.5,640,5032.0,0.05,7m,1.2,0.2,1.0,544.0,8176.0,0.045000000000000005,7m,2.2,0.6000000000000001,0.5,208.0,,,,,,,,,,,,,,,,,,,,,,,,,,,,,1384.0,0.025,6m,1.2,0.8,2.0,544.0,0.4,5,COMPLETE
42,42,1.0313535583400242,2025-06-22 17:00:49.782403,2025-06-22 17:00:56.642038,0 days 00:00:06.859635,6432.0,0.045000000000000005,5m,1.2,0.8,0.5,896.0,6672.0,0.04,5m,1.2,0.2,1.0,216.0,2896,0.02,7m,1.2,0.8,1.5,736,4240.0,0.05,7m,1.0,0.2,0.5,760.0,7112.0,0.04,7m,2.4000000000000004,0.4,0.5,144.0,3088.0,0.05,8m,3.0,0.0,1.5,488.0,,,,,,,,,,,,,,,,,,,,,,2000.0,0.03,6m,1.0,1.0,2.0,648.0,0.35000000000000003,7,COMPLETE
43,43,1.0376277824200255,2025-06-22 17:00:56.667806,2025-06-22 17:01:00.701629,0 days 00:00:04.033823,,,,,,,,7632.0,0.04,9m,1.6,0.0,1.0,144.0,2416,0.015,7m,1.4,0.6000000000000001,1.5,880,4880.0,0.045000000000000005,7m,1.4,0.4,0.5,600.0,,,,,,,,,,,,,,,,,,,,,,,,,,,,,,,,,,,,2240.0,0.03,7m,1.2,0.8,2.0,704.0,0.45,4,COMPLETE
44,44,1.0855336632778725,2025-06-22 17:01:00.757618,2025-06-22 17:01:04.892896,0 days 00:00:04.135278,,,,,,,,8024.0,0.04,9m,1.0,0.2,1.0,216.0,2416,0.015,5m,1.4,0.6000000000000001,1.5,808,6824.0,0.04,7m,1.4,0.4,1.0,600.0,,,,,,,,,,,,,,,,,,,,,,,,,,,,,,,,,,,,2368.0,0.03,7m,1.4,0.6000000000000001,2.0,544.0,0.15000000000000002,4,COMPLETE
45,45,1.045174594604467,2025-06-22 17:01:04.936590,2025-06-22 17:01:08.953453,0 days 00:00:04.016863,,,,,,,,7880.0,0.04,9m,1.0,0.2,1.0,240.0,2216,0.01,5m,1.2,0.6000000000000001,1.5,920,6888.0,0.04,7m,1.2,0.6000000000000001,1.0,488.0,,,,,,,,,,,,,,,,,,,,,,,,,,,,,,,,,,,,1472.0,0.02,7m,1.2,0.6000000000000001,2.0,512.0,0.15000000000000002,4,COMPLETE
46,46,1.045889260842984,2025-06-22 17:01:08.984205,2025-06-22 17:01:12.156896,0 days 00:00:03.172691,,,,,,,,8192.0,0.04,9m,1.0,0.2,1.5,240.0,3144,0.01,5m,1.2,0.6000000000000001,1.5,808,,,,,,,,,,,,,,,,,,,,,,,,,,,,,,,,,,,,,,,,,,,1480.0,0.02,7m,1.4,0.6000000000000001,2.0,504.0,0.15000000000000002,3,COMPLETE
47,47,0.9972557328846336,2025-06-22 17:01:12.181894,2025-06-22 17:01:14.456279,0 days 00:00:02.274385,,,,,,,,,,,,,,,3112,0.01,5m,1.2,0.6000000000000001,1.5,776,,,,,,,,,,,,,,,,,,,,,,,,,,,,,,,,,,,,,,,,,,,1488.0,0.02,7m,1.4,0.6000000000000001,2.0,480.0,0.15000000000000002,2,COMPLETE
48,48,1.0138004984775881,2025-06-22 17:01:14.471976,2025-06-22 17:01:17.771742,0 days 00:00:03.299766,,,,,,,,8160.0,0.04,9m,1.0,0.2,1.5,232.0,1824,0.01,5m,1.2,0.6000000000000001,1.5,800,,,,,,,,,,,,,,,,,,,,,,,,,,,,,,,,,,,,,,,,,,,1064.0,0.015,7m,1.0,0.4,2.0,368.0,0.2,3,COMPLETE
49,49,1.0589570289463743,2025-06-22 17:01:17.812956,2025-06-22 17:01:21.030019,0 days 00:00:03.217063,,,,,,,,8096.0,0.045000000000000005,9m,1.0,0.2,2.0,256.0,2288,0.01,5m,1.2,0.4,1.5,712,,,,,,,,,,,,,,,,,,,,,,,,,,,,,,,,,,,,,,,,,,,1568.0,0.02,7m,1.2,0.6000000000000001,2.0,520.0,0.15000000000000002,3,COMPLETE
50,50,1.0162860077548892,2025-06-22 17:01:21.053919,2025-06-22 17:01:23.511242,0 days 00:00:02.457323,,,,,,,,,,,,,,,2424,0.01,5m,1.0,0.4,1.5,544,,,,,,,,,,,,,,,,,,,,,,,,,,,,,,,,,,,,,,,,,,,1600.0,0.02,7m,1.2,0.6000000000000001,2.0,512.0,0.15000000000000002,2,COMPLETE
51,51,1.0380344776009645,2025-06-22 17:01:23.535287,2025-06-22 17:01:26.632095,0 days 00:00:03.096808,,,,,,,,8032.0,0.045000000000000005,9m,1.0,0.2,2.0,264.0,2112,0.01,5m,1.2,0.4,1.5,712,,,,,,,,,,,,,,,,,,,,,,,,,,,,,,,,,,,,,,,,,,,1376.0,0.015,7m,1.4,0.6000000000000001,2.0,568.0,0.25,3,COMPLETE
52,52,1.0795160591045905,2025-06-22 17:01:26.664126,2025-06-22 17:01:29.815531,0 days 00:00:03.151405,,,,,,,,7296.0,0.045000000000000005,9m,1.0,0.2,2.0,128.0,1472,0.015,5m,1.0,0.6000000000000001,1.5,752,,,,,,,,,,,,,,,,,,,,,,,,,,,,,,,,,,,,,,,,,,,2352.0,0.02,7m,1.2,0.4,2.0,424.0,0.2,3,COMPLETE
53,53,0.9880903939315547,2025-06-22 17:01:29.863979,2025-06-22 17:01:32.397013,0 days 00:00:02.533034,,,,,,,,,,,,,,,3552,0.015,5m,1.0,0.6000000000000001,1.5,760,,,,,,,,,,,,,,,,,,,,,,,,,,,,,,,,,,,,,,,,,,,2808.0,0.02,7m,1.2,0.4,2.0,408.0,0.15000000000000002,2,COMPLETE
54,54,0.9803905045528349,2025-06-22 17:01:32.420823,2025-06-22 17:01:35.760753,0 days 00:00:03.339930,,,,,,,,7304.0,0.045000000000000005,9m,1.0,0.2,2.0,344.0,2640,0.01,5m,1.2,0.6000000000000001,1.5,680,,,,,,,,,,,,,,,,,,,,,,,,,,,,,,,,,,,,,,,,,,,2376.0,0.015,7m,1.0,0.4,2.0,464.0,0.2,3,COMPLETE
55,55,1.052442239761544,2025-06-22 17:01:35.789690,2025-06-22 17:01:38.991084,0 days 00:00:03.201394,,,,,,,,7336.0,0.05,9m,1.2,0.2,2.0,136.0,3160,0.015,5m,1.4,0.6000000000000001,1.5,888,,,,,,,,,,,,,,,,,,,,,,,,,,,,,,,,,,,,,,,,,,,1096.0,0.025,7m,1.2,0.6000000000000001,2.0,392.0,0.2,3,COMPLETE
56,56,0.959262069118002,2025-06-22 17:01:39.017676,2025-06-22 17:01:41.474163,0 days 00:00:02.456487,,,,,,,,,,,,,,,3192,0.015,5m,1.4,0.4,1.5,816,,,,,,,,,,,,,,,,,,,,,,,,,,,,,,,,,,,,,,,,,,,1184.0,0.025,7m,1.0,0.2,2.0,344.0,0.2,2,COMPLETE
57,57,1.0106474557297263,2025-06-22 17:01:41.525333,2025-06-22 17:01:43.208400,0 days 00:00:01.683067,,,,,,,,,,,,,,,1416,0.015,5m,1.4,0.6000000000000001,1.5,720,,,,,,,,,,,,,,,,,,,,,,,,,,,,,,,,,,,,,,,,,,,,,,,,,,0.25,1,COMPLETE
58,58,1.0454702757157817,2025-06-22 17:01:43.234403,2025-06-22 17:01:46.332301,0 days 00:00:03.097898,,,,,,,,7360.0,0.05,9m,1.2,0.4,2.0,128.0,4160,0.015,5m,1.0,0.4,1.5,880,,,,,,,,,,,,,,,,,,,,,,,,,,,,,,,,,,,,,,,,,,,1576.0,0.025,7m,1.4,0.6000000000000001,2.0,432.0,0.2,3,COMPLETE
59,59,1.0142947942315272,2025-06-22 17:01:46.365019,2025-06-22 17:01:49.450121,0 days 00:00:03.085102,,,,,,,,7240.0,0.05,9m,1.2,0.2,2.0,184.0,2768,0.02,5m,1.2,0.6000000000000001,1.5,776,,,,,,,,,,,,,,,,,,,,,,,,,,,,,,,,,,,,,,,,,,,2200.0,0.03,7m,1.2,0.4,2.0,264.0,0.1,3,COMPLETE
60,60,1.069458915075094,2025-06-22 17:01:49.473435,2025-06-22 17:01:53.295642,0 days 00:00:03.822207,,,,,,,,7760.0,0.045000000000000005,9m,1.0,0.4,2.0,128.0,1944,0.01,9m,1.0,0.6000000000000001,1.5,672,1376.0,0.025,5m,2.6,0.8,1.5,504.0,,,,,,,,,,,,,,,,,,,,,,,,,,,,,,,,,,,,1768.0,0.01,8m,1.4,0.6000000000000001,2.0,392.0,0.15000000000000002,4,COMPLETE
61,61,1.088164831607878,2025-06-22 17:01:53.338255,2025-06-22 17:01:57.268281,0 days 00:00:03.930026,,,,,,,,7712.0,0.045000000000000005,9m,1.0,0.4,2.0,128.0,3576,0.01,9m,1.0,0.6000000000000001,1.5,672,1328.0,0.025,5m,2.8,0.8,1.5,520.0,,,,,,,,,,,,,,,,,,,,,,,,,,,,,,,,,,,,1728.0,0.01,8m,1.4,0.6000000000000001,2.0,392.0,0.15000000000000002,4,COMPLETE
62,62,1.09317916891205,2025-06-22 17:01:57.318500,2025-06-22 17:02:01.399610,0 days 00:00:04.081110,,,,,,,,7664.0,0.045000000000000005,9m,1.0,0.4,2.0,128.0,1792,0.01,9m,1.0,0.6000000000000001,1.5,656,1328.0,0.025,5m,2.8,0.8,1.5,488.0,,,,,,,,,,,,,,,,,,,,,,,,,,,,,,,,,,,,1744.0,0.01,8m,1.6,0.6000000000000001,2.0,392.0,0.15000000000000002,4,COMPLETE
63,63,1.0815606790296122,2025-06-22 17:02:01.433998,2025-06-22 17:02:05.314515,0 days 00:00:03.880517,,,,,,,,7688.0,0.045000000000000005,9m,1.0,0.4,2.0,176.0,1736,0.01,9m,1.0,0.6000000000000001,1.5,552,1024.0,0.025,5m,2.8,0.8,1.5,488.0,,,,,,,,,,,,,,,,,,,,,,,,,,,,,,,,,,,,1784.0,0.01,8m,1.6,0.4,2.0,320.0,0.15000000000000002,4,COMPLETE
64,64,1.092915022065801,2025-06-22 17:02:05.339402,2025-06-22 17:02:09.176769,0 days 00:00:03.837367,,,,,,,,7728.0,0.045000000000000005,9m,1.0,0.4,2.0,200.0,1800,0.01,9m,1.0,0.4,1.5,552,1032.0,0.025,5m,2.8,0.8,1.5,504.0,,,,,,,,,,,,,,,,,,,,,,,,,,,,,,,,,,,,1808.0,0.01,8m,1.6,0.4,2.0,232.0,0.15000000000000002,4,COMPLETE
65,65,1.0702540395094524,2025-06-22 17:02:09.200280,2025-06-22 17:02:13.199009,0 days 00:00:03.998729,,,,,,,,7688.0,0.045000000000000005,9m,1.0,0.4,2.0,200.0,1640,0.01,9m,1.0,0.8,1.5,544,1136.0,0.025,5m,2.8,0.8,1.5,496.0,,,,,,,,,,,,,,,,,,,,,,,,,,,,,,,,,,,,2504.0,0.01,8m,1.6,0.4,2.0,208.0,0.1,4,COMPLETE
66,66,1.0798815548561544,2025-06-22 17:02:13.222751,2025-06-22 17:02:16.977294,0 days 00:00:03.754543,,,,,,,,7640.0,0.045000000000000005,9m,1.0,0.4,2.0,200.0,1640,0.01,9m,1.0,0.8,1.5,552,1056.0,0.02,5m,3.0,0.8,1.5,400.0,,,,,,,,,,,,,,,,,,,,,,,,,,,,,,,,,,,,2464.0,0.01,8m,1.6,0.4,2.0,216.0,0.1,4,COMPLETE
67,67,1.0114202698033148,2025-06-22 17:02:17.009119,2025-06-22 17:02:20.898529,0 days 00:00:03.889410,,,,,,,,6688.0,0.045000000000000005,9m,1.2,0.4,2.0,304.0,1288,0.01,9m,1.0,0.8,1.5,472,1664.0,0.02,5m,3.0,0.8,1.5,424.0,,,,,,,,,,,,,,,,,,,,,,,,,,,,,,,,,,,,3176.0,0.01,8m,1.6,0.2,2.0,232.0,0.1,4,COMPLETE
68,68,1.075985410106912,2025-06-22 17:02:20.927556,2025-06-22 17:02:26.246488,0 days 00:00:05.318932,,,,,,,,7504.0,0.05,9m,1.0,0.4,2.0,176.0,1712,0.01,9m,1.0,0.8,2.0,400,2216.0,0.02,5m,2.8,1.0,1.5,544.0,6256.0,0.01,4m,1.4,0.2,2.0,800.0,,,,,,,,,,,,,,,,,,,,,,,,,,,,,2720.0,0.01,8m,1.6,0.4,2.0,336.0,0.1,5,COMPLETE
69,69,1.033871723103886,2025-06-22 17:02:26.274468,2025-06-22 17:02:30.465825,0 days 00:00:04.191357,,,,,,,,7864.0,0.045000000000000005,9m,1.2,0.4,2.0,192.0,1528,0.015,9m,1.0,0.4,1.5,568,1048.0,0.03,5m,2.8,0.8,1.5,384.0,,,,,,,,,,,,,,,,,,,,,,,,,,,,,,,,,,,,2344.0,0.01,8m,1.6,0.4,2.0,152.0,0.15000000000000002,4,COMPLETE
70,70,1.0004669701972475,2025-06-22 17:02:30.506057,2025-06-22 17:02:35.228830,0 days 00:00:04.722773,,,,,,,,6992.0,0.045000000000000005,3m,1.0,0.6000000000000001,2.0,280.0,1168,0.01,9m,1.0,0.8,1.5,616,1536.0,0.02,5m,2.6,1.0,2.0,464.0,,,,,,,,,,,,,,,,,,,,,,,,,,,,,,,,,,,,1776.0,0.015,8m,1.8,0.4,2.0,288.0,0.1,4,COMPLETE
71,71,1.0526822145805392,2025-06-22 17:02:35.260510,2025-06-22 17:02:40.440871,0 days 00:00:05.180361,,,,,,,,7496.0,0.05,9m,1.0,0.4,2.0,168.0,1816,0.01,9m,1.0,0.8,2.0,424,2072.0,0.02,5m,2.8,1.0,1.5,536.0,6416.0,0.01,4m,1.4,0.2,2.0,792.0,,,,,,,,,,,,,,,,,,,,,,,,,,,,,2720.0,0.01,8m,1.6,0.4,2.0,336.0,0.1,5,COMPLETE
72,72,1.0423642149346177,2025-06-22 17:02:40.491940,2025-06-22 17:02:45.237752,0 days 00:00:04.745812,,,,,,,,7560.0,0.05,9m,1.0,0.4,2.0,208.0,2016,0.01,9m,1.0,0.8,2.0,336,2160.0,0.025,5m,3.0,0.8,1.5,568.0,7656.0,0.015,6m,1.2,0.0,2.0,992.0,,,,,,,,,,,,,,,,,,,,,,,,,,,,,2080.0,0.01,8m,1.6,0.4,2.0,256.0,0.15000000000000002,5,COMPLETE
73,73,1.0857329349539928,2025-06-22 17:02:45.316246,2025-06-22 17:02:50.477963,0 days 00:00:05.161717,,,,,,,,6320.0,0.05,9m,1.2,0.4,2.0,168.0,1720,0.01,9m,1.0,0.6000000000000001,2.0,520,1368.0,0.015,5m,2.8,1.0,1.5,528.0,6368.0,0.015,4m,1.0,0.2,2.0,768.0,,,,,,,,,,,,,,,,,,,,,,,,,,,,,2920.0,0.01,8m,1.8,0.2,2.0,320.0,0.15000000000000002,5,COMPLETE
74,74,1.076664594669118,2025-06-22 17:02:50.515844,2025-06-22 17:02:54.457554,0 days 00:00:03.941710,,,,,,,,7200.0,0.04,9m,1.2,0.4,2.0,160.0,1392,0.015,9m,1.0,0.6000000000000001,2.0,536,1360.0,0.015,5m,2.6,0.8,1.5,368.0,,,,,,,,,,,,,,,,,,,,,,,,,,,,,,,,,,,,2872.0,0.015,8m,1.8,0.0,2.0,160.0,0.2,4,COMPLETE
75,75,1.0496990105479171,2025-06-22 17:02:54.500125,2025-06-22 17:02:59.708745,0 days 00:00:05.208620,,,,,,,,6384.0,0.045000000000000005,6m,1.2,0.6000000000000001,2.0,208.0,1064,0.01,9m,1.2,0.6000000000000001,1.5,512,1856.0,0.015,5m,3.0,0.6000000000000001,1.5,432.0,7632.0,0.02,6m,1.0,0.4,2.0,568.0,,,,,,,,,,,,,,,,,,,,,,,,,,,,,1864.0,0.01,8m,1.4,0.2,2.0,304.0,0.15000000000000002,5,COMPLETE
76,76,1.0078687900432968,2025-06-22 17:02:59.731486,2025-06-22 17:03:03.858061,0 days 00:00:04.126575,,,,,,,,7904.0,0.05,9m,1.0,0.4,2.0,320.0,1920,0.015,9m,1.0,0.6000000000000001,1.5,592,1312.0,0.025,5m,2.4000000000000004,1.0,1.5,520.0,,,,,,,,,,,,,,,,,,,,,,,,,,,,,,,,,,,,3272.0,0.015,8m,1.8,0.2,2.0,192.0,0.15000000000000002,4,COMPLETE
77,77,1.0513886132640486,2025-06-22 17:03:03.885976,2025-06-22 17:03:10.586790,0 days 00:00:06.700814,,,,,,,,6776.0,0.045000000000000005,4m,1.4,0.6000000000000001,2.0,272.0,2424,0.01,9m,1.0,0.4,2.0,464,1680.0,0.025,5m,2.8,0.8,2.0,456.0,5704.0,0.015,4m,1.0,0.0,1.5,856.0,,,,,,,,,,,,,,,,,,,,,,,,,,,,,2520.0,0.01,2m,1.6,0.4,1.5,264.0,0.2,5,COMPLETE
78,78,1.0082981084738352,2025-06-22 17:03:10.625455,2025-06-22 17:03:14.338130,0 days 00:00:03.712675,,,,,,,,7120.0,0.05,9m,1.0,0.4,1.5,392.0,1536,0.015,9m,1.2,0.6000000000000001,1.5,616,1168.0,0.01,8m,2.8,0.8,1.5,336.0,,,,,,,,,,,,,,,,,,,,,,,,,,,,,,,,,,,,2240.0,0.015,8m,1.4,0.4,2.0,352.0,0.1,4,COMPLETE
79,79,1.0357366875762108,2025-06-22 17:03:14.363017,2025-06-22 17:03:18.800060,0 days 00:00:04.437043,,,,,,,,7760.0,0.04,9m,1.2,0.4,2.0,160.0,2128,0.01,4m,1.2,0.6000000000000001,1.0,576,1048.0,0.03,5m,2.4000000000000004,1.0,1.5,664.0,,,,,,,,,,,,,,,,,,,,,,,,,,,,,,,,,,,,3008.0,0.01,8m,1.8,0.0,2.0,312.0,0.25,4,COMPLETE
80,80,1.106124223415635,2025-06-22 17:03:18.825576,2025-06-22 17:03:26.732947,0 days 00:00:07.907371,2760.0,0.03,2m,2.0,0.2,1.5,896.0,6360.0,0.045000000000000005,7m,1.0,0.4,2.0,232.0,1208,0.02,9m,1.0,0.4,1.5,656,2416.0,0.015,2m,2.6,0.6000000000000001,2.0,256.0,5056.0,0.025,9m,2.0,0.2,2.0,736.0,,,,,,,,,,,,,,,,,,,,,,,,,,,,,1744.0,0.01,5m,1.4,0.2,1.5,448.0,0.15000000000000002,6,COMPLETE
81,81,1.0820283557236965,2025-06-22 17:03:26.787508,2025-06-22 17:03:33.733950,0 days 00:00:06.946442,2784.0,0.03,2m,2.0,0.2,1.5,880.0,5968.0,0.045000000000000005,7m,1.0,0.4,2.0,232.0,1712,0.015,9m,1.0,0.4,1.5,648,2392.0,0.015,5m,2.6,0.6000000000000001,2.0,224.0,4968.0,0.025,9m,2.0,0.2,2.0,728.0,,,,,,,,,,,,,,,,,,,,,,,,,,,,,1736.0,0.01,5m,1.4,0.2,1.5,448.0,0.15000000000000002,6,COMPLETE
82,82,1.0891613663313706,2025-06-22 17:03:33.765967,2025-06-22 17:03:41.700353,0 days 00:00:07.934386,2568.0,0.03,2m,2.0,0.2,1.5,872.0,6008.0,0.045000000000000005,7m,1.0,0.4,2.0,232.0,1288,0.02,9m,1.0,0.4,1.5,648,1504.0,0.015,2m,2.6,0.6000000000000001,2.0,248.0,5304.0,0.025,9m,2.0,0.2,2.0,736.0,,,,,,,,,,,,,,,,,,,,,,,,,,,,,1272.0,0.01,5m,1.4,0.2,1.5,448.0,0.15000000000000002,6,COMPLETE
83,83,1.0851567557690336,2025-06-22 17:03:41.737349,2025-06-22 17:03:49.723525,0 days 00:00:07.986176,2904.0,0.03,2m,2.0,0.2,1.5,888.0,6048.0,0.04,7m,1.2,0.4,2.0,264.0,1240,0.02,9m,1.0,0.4,1.5,640,2496.0,0.015,2m,2.6,0.6000000000000001,2.0,208.0,5144.0,0.025,9m,2.0,0.2,2.0,728.0,,,,,,,,,,,,,,,,,,,,,,,,,,,,,1312.0,0.01,5m,1.4,0.2,1.5,448.0,0.15000000000000002,6,COMPLETE
84,84,1.0683621749946888,2025-06-22 17:03:49.759130,2025-06-22 17:03:57.823970,0 days 00:00:08.064840,2768.0,0.03,2m,2.0,0.2,1.5,912.0,5928.0,0.04,7m,1.2,0.4,2.0,368.0,1248,0.02,9m,1.2,0.2,1.5,648,2472.0,0.015,2m,2.6,0.6000000000000001,2.0,216.0,5056.0,0.025,9m,2.0,0.2,2.0,736.0,,,,,,,,,,,,,,,,,,,,,,,,,,,,,1256.0,0.01,5m,1.4,0.2,1.5,456.0,0.15000000000000002,6,COMPLETE
85,85,1.021685365915558,2025-06-22 17:03:57.853490,2025-06-22 17:04:09.381807,0 days 00:00:11.528317,2648.0,0.025,2m,2.0,0.2,1.5,880.0,5984.0,0.035,7m,1.2,0.4,2.0,232.0,1072,0.02,6m,1.0,0.4,1.5,648,1912.0,0.01,2m,2.6,0.6000000000000001,2.0,200.0,6008.0,0.02,9m,2.0,0.2,2.0,744.0,8192.0,0.03,2m,2.6,0.6000000000000001,0.5,128.0,4144.0,0.025,3m,2.0,0.6000000000000001,1.5,584.0,,,,,,,,,,,,,,,1320.0,0.015,5m,1.4,0.2,1.5,384.0,0.15000000000000002,8,COMPLETE
86,86,1.0515302802976962,2025-06-22 17:04:09.419478,2025-06-22 17:04:17.232112,0 days 00:00:07.812634,1848.0,0.035,2m,2.2,0.0,1.5,944.0,6424.0,0.04,7m,1.4,0.6000000000000001,2.0,296.0,1360,0.02,9m,1.2,0.4,1.5,696,2392.0,0.015,2m,2.4000000000000004,0.6000000000000001,2.0,264.0,5120.0,0.03,9m,1.8,0.2,2.0,864.0,,,,,,,,,,,,,,,,,,,,,,,,,,,,,1696.0,0.01,5m,1.4,0.0,1.5,440.0,0.2,6,COMPLETE
87,87,1.053082883677104,2025-06-22 17:04:17.267267,2025-06-22 17:04:27.428132,0 days 00:00:10.160865,3088.0,0.03,2m,1.8,0.2,1.5,832.0,6136.0,0.05,7m,1.2,0.4,2.0,248.0,2288,0.02,2m,1.0,0.4,1.5,624,1472.0,0.015,2m,2.6,0.6000000000000001,2.0,168.0,6648.0,0.025,9m,2.0,0.4,2.0,744.0,5184.0,0.04,5m,2.4000000000000004,0.8,1.5,304.0,,,,,,,,,,,,,,,,,,,,,,1912.0,0.015,5m,1.4,0.2,1.5,488.0,0.15000000000000002,7,COMPLETE
88,88,1.0267241239994378,2025-06-22 17:04:27.472297,2025-06-22 17:04:35.924842,0 days 00:00:08.452545,1040.0,0.025,2m,2.4000000000000004,0.2,1.5,744.0,5416.0,0.045000000000000005,7m,1.0,0.6000000000000001,2.0,224.0,1928,0.02,9m,1.2,0.4,1.5,520,8120.0,0.015,2m,2.4000000000000004,0.6000000000000001,2.0,304.0,5744.0,0.02,9m,1.8,0.0,2.0,584.0,,,,,,,,,,,,,,,,,,,,,,,,,,,,,1240.0,0.01,5m,2.8,0.2,1.5,552.0,0.15000000000000002,6,COMPLETE
89,89,0.9802802382942314,2025-06-22 17:04:35.958842,2025-06-22 17:04:45.805561,0 days 00:00:09.846719,2064.0,0.035,2m,2.0,0.0,1.5,840.0,5664.0,0.04,7m,1.0,0.4,1.5,280.0,3568,0.025,3m,1.0,0.4,1.0,664,2984.0,0.01,2m,2.6,0.6000000000000001,2.0,224.0,4936.0,0.025,9m,1.6,0.2,2.0,696.0,6376.0,0.045000000000000005,4m,1.6,0.2,1.0,896.0,,,,,,,,,,,,,,,,,,,,,,2088.0,0.015,5m,1.4,0.2,1.5,464.0,0.15000000000000002,7,COMPLETE
90,90,1.0145743893832364,2025-06-22 17:04:45.837405,2025-06-22 17:04:54.008155,0 days 00:00:08.170750,3296.0,0.03,2m,2.0,0.4,2.0,680.0,6512.0,0.045000000000000005,7m,1.2,0.4,2.0,512.0,1304,0.02,9m,1.2,0.2,2.0,144,1832.0,0.01,3m,2.8,0.6000000000000001,2.0,272.0,4520.0,0.03,9m,2.2,0.4,2.0,640.0,3976.0,0.03,8m,1.0,0.4,2.0,632.0,,,,,,,,,,,,,,,,,,,,,,1024.0,0.01,5m,1.6,0.0,1.5,416.0,0.1,7,COMPLETE
91,91,1.096191529175938,2025-06-22 17:04:54.059732,2025-06-22 17:05:02.295868,0 days 00:00:08.236136,2304.0,0.02,2m,2.4000000000000004,0.2,1.5,960.0,5928.0,0.045000000000000005,7m,1.0,0.4,2.0,184.0,1680,0.025,9m,1.0,0.4,1.5,592,1616.0,0.02,2m,2.8,0.8,2.0,160.0,5360.0,0.015,9m,2.0,0.0,2.0,896.0,,,,,,,,,,,,,,,,,,,,,,,,,,,,,1704.0,0.01,5m,1.6,0.2,1.5,392.0,0.15000000000000002,6,COMPLETE
92,92,1.0701631339331117,2025-06-22 17:05:02.328126,2025-06-22 17:05:10.247837,0 days 00:00:07.919711,2304.0,0.02,2m,2.4000000000000004,0.2,1.5,968.0,5904.0,0.045000000000000005,7m,1.0,0.4,2.0,152.0,1616,0.025,9m,1.0,0.4,1.5,600,1584.0,0.015,2m,2.8,0.8,2.0,136.0,5368.0,0.015,9m,2.0,0.0,2.0,904.0,,,,,,,,,,,,,,,,,,,,,,,,,,,,,1592.0,0.01,5m,1.6,0.2,1.5,360.0,0.15000000000000002,6,COMPLETE
93,93,1.017245357988166,2025-06-22 17:05:10.295196,2025-06-22 17:05:18.601859,0 days 00:00:08.306663,1696.0,0.025,2m,2.2,0.2,1.5,1024.0,5320.0,0.04,7m,1.0,0.4,2.0,216.0,1032,0.025,9m,1.0,0.4,1.5,624,2512.0,0.015,2m,2.6,0.4,2.0,184.0,6024.0,0.02,9m,1.8,0.0,2.0,776.0,,,,,,,,,,,,,,,,,,,,,,,,,,,,,1952.0,0.01,5m,1.4,0.2,1.5,400.0,0.15000000000000002,6,COMPLETE
94,94,1.0933505694825616,2025-06-22 17:05:18.626655,2025-06-22 17:05:24.815593,0 days 00:00:06.188938,3120.0,0.035,8m,1.8,0.0,1.5,936.0,6240.0,0.05,7m,1.0,0.4,2.0,256.0,1856,0.025,9m,1.2,0.4,1.5,576,2224.0,0.02,4m,3.0,0.6000000000000001,2.0,232.0,4400.0,0.015,9m,2.2,0.2,2.0,680.0,,,,,,,,,,,,,,,,,,,,,,,,,,,,,1672.0,0.01,5m,1.8,0.2,1.5,600.0,0.2,6,COMPLETE
95,95,1.0420680046788313,2025-06-22 17:05:24.845819,2025-06-22 17:05:31.467564,0 days 00:00:06.621745,4152.0,0.035,8m,1.8,0.0,1.5,960.0,6264.0,0.05,7m,1.2,0.4,2.0,264.0,1816,0.03,9m,1.2,0.4,1.5,488,2064.0,0.02,4m,3.0,0.8,2.0,240.0,4376.0,0.015,9m,2.2,0.2,2.0,664.0,,,,,,,,,,,,,,,,,,,,,,,,,,,,,1376.0,0.015,3m,1.8,0.2,1.5,376.0,0.2,6,COMPLETE
96,96,1.096655765268407,2025-06-22 17:05:31.519508,2025-06-22 17:05:36.731116,0 days 00:00:05.211608,,,,,,,,6856.0,0.05,7m,1.0,0.6000000000000001,2.0,184.0,2120,0.025,9m,1.2,0.4,1.5,576,1704.0,0.02,4m,3.0,0.6000000000000001,2.0,160.0,4672.0,0.015,9m,2.4000000000000004,0.4,2.0,848.0,,,,,,,,,,,,,,,,,,,,,,,,,,,,,1592.0,0.01,5m,2.0,0.2,1.5,608.0,0.2,5,COMPLETE
97,97,1.0859050369720862,2025-06-22 17:05:36.761060,2025-06-22 17:05:43.804064,0 days 00:00:07.043004,,,,,,,,6840.0,0.05,7m,1.0,0.6000000000000001,1.5,184.0,2936,0.025,4m,1.2,0.4,1.5,568,1344.0,0.02,4m,3.0,0.4,2.0,160.0,3496.0,0.01,2m,2.4000000000000004,0.4,2.0,856.0,,,,,,,,,,,,,,,,,,,,,,,,,,,,,1624.0,0.01,4m,2.0,0.2,1.5,616.0,0.2,5,COMPLETE
98,98,1.0324730759114071,2025-06-22 17:05:43.831237,2025-06-22 17:05:50.850857,0 days 00:00:07.019620,,,,,,,,6808.0,0.05,7m,1.0,0.6000000000000001,1.5,192.0,2552,0.025,4m,1.2,0.4,1.5,576,1312.0,0.02,4m,3.0,0.6000000000000001,2.0,160.0,3472.0,0.01,2m,2.4000000000000004,0.4,2.0,864.0,,,,,,,,,,,,,,,,,,,,,,,,,,,,,1624.0,0.01,4m,2.0,0.2,1.5,592.0,0.2,5,COMPLETE
99,99,1.0791402910189032,2025-06-22 17:05:50.879678,2025-06-22 17:05:57.706043,0 days 00:00:06.826365,,,,,,,,6648.0,0.05,7m,1.0,0.6000000000000001,2.0,144.0,2848,0.025,9m,1.4,0.2,1.5,592,1736.0,0.02,4m,3.0,0.8,2.0,136.0,3208.0,0.015,2m,2.2,0.4,2.0,912.0,,,,,,,,,,,,,,,,,,,,,,,,,,,,,1176.0,0.01,4m,2.0,0.0,1.5,632.0,0.25,5,COMPLETE
