,number,value,datetime_start,datetime_complete,duration,params_AAPL_VRSK_beta_win,params_AAPL_VRSK_stop_loss,params_AAPL_VRSK_trade_freq,params_AAPL_VRSK_z_entry,params_AAPL_VRSK_z_exit,params_AAPL_VRSK_z_stop_scaler,params_AAPL_VRSK_z_win,params_CDW_PCAR_beta_win,params_CDW_PCAR_stop_loss,params_CDW_PCAR_trade_freq,params_CDW_PCAR_z_entry,params_CDW_PCAR_z_exit,params_CDW_PCAR_z_stop_scaler,params_CDW_PCAR_z_win,params_DASH_GEHC_beta_win,params_DASH_GEHC_stop_loss,params_DASH_GEHC_trade_freq,params_DASH_GEHC_z_entry,params_DASH_GEHC_z_exit,params_DASH_GEHC_z_stop_scaler,params_DASH_GEHC_z_win,params_FANG_WBD_beta_win,params_FANG_WBD_stop_loss,params_FANG_WBD_trade_freq,params_FANG_WBD_z_entry,params_FANG_WBD_z_exit,params_FANG_WBD_z_stop_scaler,params_FANG_WBD_z_win,params_GOOG_GOOGL_beta_win,params_GOOG_GOOGL_stop_loss,params_GOOG_GOOGL_trade_freq,params_GOOG_GOOGL_z_entry,params_GOOG_GOOGL_z_exit,params_GOOG_GOOGL_z_stop_scaler,params_GOOG_GOOGL_z_win,params_HON_ROP_beta_win,params_HON_ROP_stop_loss,params_HON_ROP_trade_freq,params_HON_ROP_z_entry,params_HON_ROP_z_exit,params_HON_ROP_z_stop_scaler,params_HON_ROP_z_win,params_MAR_MRVL_beta_win,params_MAR_MRVL_stop_loss,params_MAR_MRVL_trade_freq,params_MAR_MRVL_z_entry,params_MAR_MRVL_z_exit,params_MAR_MRVL_z_stop_scaler,params_MAR_MRVL_z_win,params_NVDA_WBD_beta_win,params_NVDA_WBD_stop_loss,params_NVDA_WBD_trade_freq,params_NVDA_WBD_z_entry,params_NVDA_WBD_z_exit,params_NVDA_WBD_z_stop_scaler,params_NVDA_WBD_z_win,params_PAYX_PYPL_beta_win,params_PAYX_PYPL_stop_loss,params_PAYX_PYPL_trade_freq,params_PAYX_PYPL_z_entry,params_PAYX_PYPL_z_exit,params_PAYX_PYPL_z_stop_scaler,params_PAYX_PYPL_z_win,params_ROP_ROST_beta_win,params_ROP_ROST_stop_loss,params_ROP_ROST_trade_freq,params_ROP_ROST_z_entry,params_ROP_ROST_z_exit,params_ROP_ROST_z_stop_scaler,params_ROP_ROST_z_win,params_buffer_capital,params_pairs_to_trade,state
0,0,-1.6977491191519116,2025-06-14 20:00:21.654309,2025-06-14 20:00:24.360099,0 days 00:00:02.705790,1000.0,0.002,1m,2.5,2.0,0.6,468.0,876.0,0.003,3m,1.0,3.0,1.3,394.0,,,,,,,,,,,,,,,,,,,,,,,,,,,,,,,,,,,,,,,,,,,,,,,,,,342,0.009000000000000001,3m,3.5,2.0,1.3,502,0.5,3,COMPLETE
1,1,0.959001300038054,2025-06-14 20:00:24.463828,2025-06-14 20:00:27.043883,0 days 00:00:02.580055,984.0,0.006,3m,2.5,3.0,1.0,592.0,210.0,0.009000000000000001,1m,3.0,3.0,1.9000000000000001,948.0,,,,,,,,,,,,,,,,,,,,,,,,,,,,,,,,,,,,,,,,,,,,,,,,,,324,0.009000000000000001,2m,4.0,1.5,1.9000000000000001,320,0.3,3,COMPLETE
2,2,0.7495662185007385,2025-06-14 20:00:27.098208,2025-06-14 20:00:34.376378,0 days 00:00:07.278170,572.0,0.008,4m,1.5,3.5,2.0,386.0,978.0,0.007,3m,1.5,4.0,0.7,698.0,,,,,,,,110.0,0.003,4m,1.0,4.0,1.6,146.0,76.0,0.001,3m,2.5,2.5,0.6,388.0,34.0,0.005,2m,3.0,3.5,0.8,230.0,920.0,0.003,3m,2.5,1.0,1.3,360.0,670.0,0.006,4m,2.0,2.5,0.8,548.0,652.0,0.001,4m,3.0,1.5,0.5,828.0,270,0.008,4m,1.0,1.5,0.5,50,0.2,9,COMPLETE
3,3,-0.15315174462141778,2025-06-14 20:00:34.439667,2025-06-14 20:00:38.624342,0 days 00:00:04.184675,352.0,0.007,2m,1.0,3.5,1.3,856.0,844.0,0.01,4m,3.5,4.0,1.9000000000000001,582.0,,,,,,,,434.0,0.006,3m,2.5,3.5,0.7,974.0,,,,,,,,960.0,0.01,4m,2.5,1.5,1.3,260.0,,,,,,,,,,,,,,,,,,,,,,544,0.009000000000000001,1m,1.5,3.5,1.3,326,0.05,5,COMPLETE
4,4,-0.13612798268186188,2025-06-14 20:00:38.706348,2025-06-14 20:00:43.013413,0 days 00:00:04.307065,754.0,0.009000000000000001,1m,2.5,3.0,1.1,992.0,56.0,0.007,4m,3.5,3.0,1.7000000000000002,226.0,,,,,,,,886.0,0.003,3m,3.5,2.5,1.1,452.0,,,,,,,,956.0,0.01,1m,1.5,1.5,1.9000000000000001,592.0,,,,,,,,,,,,,,,,,,,,,,974,0.009000000000000001,4m,1.5,2.0,1.9000000000000001,702,0.2,5,COMPLETE
5,5,-2.2147341574990627,2025-06-14 20:00:43.605492,2025-06-14 20:00:50.311578,0 days 00:00:06.706086,804.0,0.008,1m,2.5,3.5,0.6,550.0,218.0,0.004,2m,1.5,3.0,1.6,72.0,,,,,,,,32.0,0.006,1m,3.0,3.5,1.5,220.0,,,,,,,,604.0,0.006,1m,4.0,2.0,1.9000000000000001,106.0,974.0,0.008,4m,3.0,4.0,1.8,922.0,304.0,0.007,4m,1.5,1.0,1.8,648.0,370.0,0.007,1m,2.0,1.0,1.4,490.0,430,0.001,4m,2.5,4.0,0.8,278,0.15000000000000002,8,COMPLETE
6,6,1.2310846588313462,2025-06-14 20:00:50.369166,2025-06-14 20:00:53.441037,0 days 00:00:03.071871,56.0,0.009000000000000001,3m,2.5,1.5,1.1,276.0,588.0,0.007,2m,2.5,2.5,0.8,598.0,,,,,,,,,,,,,,,,,,,,,,254.0,0.009000000000000001,2m,2.0,3.5,1.6,890.0,,,,,,,,,,,,,,,,,,,,,,264,0.008,1m,4.0,1.0,0.6,718,0.45,4,COMPLETE
7,7,1.4707319237678291,2025-06-14 20:00:53.514419,2025-06-14 20:00:56.191851,0 days 00:00:02.677432,948.0,0.008,2m,4.0,3.0,1.6,760.0,832.0,0.01,3m,3.5,2.5,1.5,514.0,,,,,,,,,,,,,,,,,,,,,,,,,,,,,,,,,,,,,,,,,,,,,,,,,,952,0.004,3m,2.0,2.5,0.8,652,0.1,3,COMPLETE
8,8,-3.130366408998659,2025-06-14 20:00:56.264433,2025-06-14 20:01:01.785851,0 days 00:00:05.521418,150.0,0.002,2m,4.0,3.0,1.4,444.0,172.0,0.001,2m,2.5,4.0,1.8,892.0,,,,,,,,574.0,0.009000000000000001,4m,2.0,1.5,1.2000000000000002,294.0,,,,,,,,142.0,0.007,1m,3.0,3.0,1.7000000000000002,862.0,338.0,0.005,2m,1.5,3.0,1.4,492.0,370.0,0.006,3m,2.0,3.0,1.2000000000000002,674.0,,,,,,,,186,0.009000000000000001,3m,3.0,3.0,1.2000000000000002,68,0.05,7,COMPLETE
9,9,-2.89023446754189,2025-06-14 20:01:01.874973,2025-06-14 20:01:09.959935,0 days 00:00:08.084962,1010.0,0.007,3m,4.0,1.5,0.8,766.0,698.0,0.01,4m,2.5,3.5,0.8,766.0,432.0,0.007,4m,4.0,1.5,0.9,224.0,64.0,0.007,2m,3.0,1.0,1.9000000000000001,316.0,678.0,0.01,4m,4.0,4.0,2.0,420.0,1012.0,0.004,4m,4.0,1.5,0.5,248.0,410.0,0.006,4m,1.0,3.5,1.7000000000000002,748.0,612.0,0.004,2m,1.0,1.5,1.6,82.0,552.0,0.003,1m,2.0,3.5,0.7,384.0,90,0.004,2m,4.0,1.5,0.9,844,0.45,10,COMPLETE
10,10,-1.5416506399759295,2025-06-14 20:01:10.023020,2025-06-14 20:01:11.056925,0 days 00:00:01.033905,,,,,,,,,,,,,,,,,,,,,,,,,,,,,,,,,,,,,,,,,,,,,,,,,,,,,,,,,,,,,,,,988,0.004,3m,2.5,3.0,1.6,1010,0.35000000000000003,1,COMPLETE
11,11,-3.1225302942146405,2025-06-14 20:01:11.104238,2025-06-14 20:01:13.958081,0 days 00:00:02.853843,28.0,0.01,3m,3.5,1.0,1.7000000000000002,92.0,524.0,0.007,2m,4.0,1.5,1.1,454.0,,,,,,,,,,,,,,,,,,,,,,,,,,,,,,,,,,,,,,,,,,,,,,,,,,636,0.006,1m,2.0,1.0,0.5,650,0.4,3,COMPLETE
12,12,2.7160551686908336,2025-06-14 20:01:14.007385,2025-06-14 20:01:15.950202,0 days 00:00:01.942817,,,,,,,,564.0,0.008,3m,2.0,2.0,0.5,574.0,,,,,,,,,,,,,,,,,,,,,,,,,,,,,,,,,,,,,,,,,,,,,,,,,,750,0.006,1m,3.0,2.5,0.8,792,0.25,2,COMPLETE
13,13,-0.71815513651708,2025-06-14 20:01:16.007291,2025-06-14 20:01:16.909909,0 days 00:00:00.902618,,,,,,,,,,,,,,,,,,,,,,,,,,,,,,,,,,,,,,,,,,,,,,,,,,,,,,,,,,,,,,,,780,0.005,1m,3.0,2.5,0.9,894,0.15000000000000002,1,COMPLETE
14,14,0.9770259087588722,2025-06-14 20:01:16.961595,2025-06-14 20:01:18.940504,0 days 00:00:01.978909,,,,,,,,378.0,0.009000000000000001,3m,2.0,1.5,1.3,308.0,,,,,,,,,,,,,,,,,,,,,,,,,,,,,,,,,,,,,,,,,,,,,,,,,,818,0.002,3m,2.0,2.5,1.1,524,0.25,2,COMPLETE
15,15,-5.171732894705162,2025-06-14 20:01:19.002604,2025-06-14 20:01:24.367942,0 days 00:00:05.365338,530.0,0.004,2m,3.5,4.0,1.7000000000000002,778.0,686.0,0.008,3m,4.0,2.0,0.5,520.0,,,,,,,,964.0,0.001,1m,4.0,1.5,0.5,800.0,,,,,,,,504.0,0.001,3m,1.0,4.0,1.0,580.0,102.0,0.01,1m,4.0,1.5,0.6,30.0,,,,,,,,,,,,,,,784,0.006,1m,3.0,3.0,0.7,554,0.1,6,COMPLETE
16,16,-2.822807551185484,2025-06-14 20:01:24.444924,2025-06-14 20:01:26.106130,0 days 00:00:01.661206,,,,,,,,442.0,0.005,3m,3.0,1.0,1.5,746.0,,,,,,,,,,,,,,,,,,,,,,,,,,,,,,,,,,,,,,,,,,,,,,,,,,656,0.003,3m,2.0,2.0,1.0,876,0.3,2,COMPLETE
17,17,-4.66222985221942,2025-06-14 20:01:26.165482,2025-06-14 20:01:29.565173,0 days 00:00:03.399691,744.0,0.004,4m,3.5,2.5,1.6,1024.0,764.0,0.009000000000000001,1m,2.0,2.0,1.1,228.0,,,,,,,,,,,,,,,,,,,,,,660.0,0.001,3m,1.0,2.5,1.3,1008.0,,,,,,,,,,,,,,,,,,,,,,902,0.007,2m,3.5,3.5,1.5,766,0.25,4,COMPLETE
18,18,-9.92311120829435,2025-06-14 20:01:29.622808,2025-06-14 20:01:31.308532,0 days 00:00:01.685724,,,,,,,,1014.0,0.01,3m,3.0,2.0,1.5,636.0,,,,,,,,,,,,,,,,,,,,,,,,,,,,,,,,,,,,,,,,,,,,,,,,,,654,0.005,1m,1.0,2.5,0.7,1016,0.15000000000000002,2,COMPLETE
19,19,-3.402303744533038,2025-06-14 20:01:31.357970,2025-06-14 20:01:34.550713,0 days 00:00:03.192743,322.0,0.004,2m,1.5,2.5,1.9000000000000001,674.0,578.0,0.008,3m,2.0,2.5,1.0,406.0,,,,,,,,,,,,,,,,,,,,,,336.0,0.004,4m,3.5,1.0,0.5,464.0,,,,,,,,,,,,,,,,,,,,,,852,0.003,3m,2.5,3.5,1.0,608,0.1,4,COMPLETE
20,20,-7.404436695265134,2025-06-14 20:01:34.603402,2025-06-14 20:01:39.549016,0 days 00:00:04.945614,854.0,0.005,2m,3.0,4.0,1.5,22.0,350.0,0.006,3m,3.5,1.5,0.5,832.0,,,,,,,,610.0,0.01,2m,1.0,2.5,0.9,676.0,,,,,,,,782.0,0.008,3m,2.0,2.5,0.9,40.0,668.0,0.002,3m,4.0,2.0,0.5,156.0,,,,,,,,,,,,,,,558,0.007,1m,1.5,3.0,1.5,480,0.2,6,COMPLETE
21,21,0.14242635309011106,2025-06-14 20:01:39.610047,2025-06-14 20:01:42.839995,0 days 00:00:03.229948,352.0,0.01,3m,2.0,1.0,1.1,258.0,588.0,0.008,2m,2.5,2.5,0.7,586.0,,,,,,,,,,,,,,,,,,,,,,308.0,0.008,2m,2.0,4.0,1.6,788.0,,,,,,,,,,,,,,,,,,,,,,1022,0.007,1m,3.5,1.0,0.6,760,0.4,4,COMPLETE
22,22,-3.167592477569895,2025-06-14 20:01:42.896845,2025-06-14 20:01:45.469848,0 days 00:00:02.573003,626.0,0.009000000000000001,3m,3.0,2.0,0.9,276.0,662.0,0.005,2m,2.5,2.5,0.7,518.0,,,,,,,,,,,,,,,,,,,,,,,,,,,,,,,,,,,,,,,,,,,,,,,,,,728,0.01,1m,4.0,2.0,0.7,772,0.5,3,COMPLETE
23,23,0.22968116621605147,2025-06-14 20:01:45.538029,2025-06-14 20:01:46.431752,0 days 00:00:00.893723,,,,,,,,,,,,,,,,,,,,,,,,,,,,,,,,,,,,,,,,,,,,,,,,,,,,,,,,,,,,,,,,916,0.004,1m,3.0,1.0,0.8,424,0.35000000000000003,1,COMPLETE
24,24,0.6198890751831588,2025-06-14 20:01:46.488846,2025-06-14 20:01:49.866177,0 days 00:00:03.377331,220.0,0.008,4m,2.0,1.5,1.2000000000000002,266.0,850.0,0.006,1m,1.5,2.5,0.9,642.0,,,,,,,,,,,,,,,,,,,,,,346.0,0.009000000000000001,2m,2.0,3.5,1.5,750.0,,,,,,,,,,,,,,,,,,,,,,422,0.006,1m,3.5,4.0,0.5,624,0.35000000000000003,4,COMPLETE
25,25,4.240432885034944,2025-06-14 20:01:49.925538,2025-06-14 20:01:51.851149,0 days 00:00:01.925611,,,,,,,,472.0,0.008,2m,2.0,2.0,0.5,1014.0,,,,,,,,,,,,,,,,,,,,,,,,,,,,,,,,,,,,,,,,,,,,,,,,,,46,0.008,3m,2.5,1.5,0.8,710,0.45,2,COMPLETE
26,26,-0.13003261547518222,2025-06-14 20:01:51.923216,2025-06-14 20:01:53.597990,0 days 00:00:01.674774,,,,,,,,432.0,0.009000000000000001,3m,2.0,2.0,0.6,1010.0,,,,,,,,,,,,,,,,,,,,,,,,,,,,,,,,,,,,,,,,,,,,,,,,,,42,0.005,3m,2.0,1.5,1.1,920,0.1,2,COMPLETE
27,27,-0.8937983292868236,2025-06-14 20:01:53.640524,2025-06-14 20:01:54.630527,0 days 00:00:00.990003,,,,,,,,,,,,,,,,,,,,,,,,,,,,,,,,,,,,,,,,,,,,,,,,,,,,,,,,,,,,,,,,718,0.008,3m,2.5,2.5,0.9,806,0.25,1,COMPLETE
28,28,-4.571566822696036,2025-06-14 20:01:54.683437,2025-06-14 20:01:56.644041,0 days 00:00:01.960604,,,,,,,,304.0,0.008,3m,1.0,1.0,1.4,68.0,,,,,,,,,,,,,,,,,,,,,,,,,,,,,,,,,,,,,,,,,,,,,,,,,,456,0.003,3m,2.5,2.0,1.1,674,0.4,2,COMPLETE
29,29,0.47265460014659905,2025-06-14 20:01:56.699437,2025-06-14 20:01:59.139610,0 days 00:00:02.440173,894.0,0.001,2m,4.0,2.0,1.8,928.0,494.0,0.01,2m,1.5,1.5,0.5,822.0,,,,,,,,,,,,,,,,,,,,,,,,,,,,,,,,,,,,,,,,,,,,,,,,,,884,0.01,3m,3.0,2.5,0.8,418,0.5,3,COMPLETE
30,30,-2.9929074819034356,2025-06-14 20:01:59.221618,2025-06-14 20:02:03.602434,0 days 00:00:04.380816,662.0,0.006,2m,3.0,3.0,1.4,662.0,760.0,0.009000000000000001,1m,2.0,2.0,1.1,1020.0,,,,,,,,346.0,0.001,1m,2.0,3.0,2.0,592.0,,,,,,,,816.0,0.003,1m,3.0,1.0,1.1,430.0,,,,,,,,,,,,,,,,,,,,,,156,0.007,3m,2.0,1.5,1.2000000000000002,586,0.3,5,COMPLETE
31,31,-1.8617738099795833,2025-06-14 20:02:03.654001,2025-06-14 20:02:06.132836,0 days 00:00:02.478835,440.0,0.009000000000000001,3m,2.0,1.5,0.8,322.0,590.0,0.007,2m,2.5,2.5,0.6,448.0,,,,,,,,,,,,,,,,,,,,,,,,,,,,,,,,,,,,,,,,,,,,,,,,,,240,0.008,2m,3.5,1.0,0.6,714,0.45,3,COMPLETE
32,32,-1.1525516812808425,2025-06-14 20:02:06.212373,2025-06-14 20:02:08.825262,0 days 00:00:02.612889,66.0,0.007,3m,3.0,2.5,1.3,120.0,506.0,0.006,2m,3.0,2.5,0.8,538.0,,,,,,,,,,,,,,,,,,,,,,,,,,,,,,,,,,,,,,,,,,,,,,,,,,18,0.008,4m,4.0,1.0,0.6,730,0.45,3,COMPLETE
33,33,-8.193289989072262,2025-06-14 20:02:08.887168,2025-06-14 20:02:12.055135,0 days 00:00:03.167967,454.0,0.01,1m,1.0,2.0,1.5,170.0,658.0,0.008,2m,2.0,2.0,0.6,316.0,,,,,,,,,,,,,,,,,,,,,,160.0,0.007,2m,1.5,3.0,2.0,968.0,,,,,,,,,,,,,,,,,,,,,,354,0.006,1m,2.5,2.0,0.7,818,0.5,4,COMPLETE
34,34,-5.3533598228082795,2025-06-14 20:02:12.116250,2025-06-14 20:02:13.855499,0 days 00:00:01.739249,,,,,,,,760.0,0.007,2m,1.0,3.5,0.9,678.0,,,,,,,,,,,,,,,,,,,,,,,,,,,,,,,,,,,,,,,,,,,,,,,,,,136,0.008,3m,4.0,1.5,1.0,944,0.45,2,COMPLETE
35,35,-0.6488578173680408,2025-06-14 20:02:13.908338,2025-06-14 20:02:18.058049,0 days 00:00:04.149711,242.0,0.009000000000000001,4m,3.5,1.0,0.5,654.0,448.0,0.003,3m,2.5,2.5,1.2000000000000002,466.0,,,,,,,,758.0,0.008,2m,4.0,1.5,1.6,24.0,,,,,,,,490.0,0.009000000000000001,2m,2.5,3.5,1.5,676.0,,,,,,,,,,,,,,,,,,,,,,292,0.007,2m,3.0,1.0,0.8,674,0.4,5,COMPLETE
36,36,-1.1257751876901343,2025-06-14 20:02:18.126490,2025-06-14 20:02:21.587978,0 days 00:00:03.461488,160.0,0.005,3m,1.5,1.5,1.2000000000000002,782.0,940.0,0.009000000000000001,4m,3.0,3.0,0.5,356.0,,,,,,,,,,,,,,,,,,,,,,206.0,0.006,2m,1.5,3.0,1.7000000000000002,880.0,,,,,,,,,,,,,,,,,,,,,,216,0.01,4m,1.5,2.0,0.5,490,0.35000000000000003,4,COMPLETE
37,37,-3.6431479459024927,2025-06-14 20:02:21.650900,2025-06-14 20:02:23.445704,0 days 00:00:01.794804,,,,,,,,890.0,0.008,3m,1.5,2.0,0.8,922.0,,,,,,,,,,,,,,,,,,,,,,,,,,,,,,,,,,,,,,,,,,,,,,,,,,500,0.009000000000000001,1m,2.0,1.5,0.6,208,0.2,2,COMPLETE
38,38,2.56332240286569,2025-06-14 20:02:23.496871,2025-06-14 20:02:26.044260,0 days 00:00:02.547389,458.0,0.008,2m,2.0,2.5,1.6,368.0,558.0,0.006,2m,3.5,1.5,2.0,584.0,,,,,,,,,,,,,,,,,,,,,,,,,,,,,,,,,,,,,,,,,,,,,,,,,,366,0.004,4m,1.0,2.5,1.3,566,0.3,3,COMPLETE
39,39,-4.28778515698577,2025-06-14 20:02:26.105385,2025-06-14 20:02:27.019904,0 days 00:00:00.914519,,,,,,,,,,,,,,,,,,,,,,,,,,,,,,,,,,,,,,,,,,,,,,,,,,,,,,,,,,,,,,,,586,0.002,4m,1.0,2.5,1.4,410,0.05,1,COMPLETE
40,40,6.562114307837154,2025-06-14 20:02:27.073519,2025-06-14 20:02:33.728428,0 days 00:00:06.654909,454.0,0.007,2m,2.0,3.5,1.9000000000000001,512.0,288.0,0.004,1m,3.5,1.5,1.9000000000000001,718.0,,,,,,,,272.0,0.004,4m,1.5,2.0,0.5,1006.0,,,,,,,,32.0,0.003,3m,3.5,2.0,0.7,372.0,118.0,0.001,2m,2.5,2.5,0.9,998.0,986.0,0.001,1m,4.0,4.0,0.5,974.0,1008.0,0.01,3m,4.0,4.0,2.0,46.0,400,0.004,4m,1.5,3.0,1.7000000000000002,560,0.3,8,COMPLETE
41,41,-0.031261369365590645,2025-06-14 20:02:33.815044,2025-06-14 20:02:36.488042,0 days 00:00:02.672998,464.0,0.007,2m,2.0,3.5,2.0,520.0,302.0,0.004,1m,3.5,1.5,2.0,732.0,,,,,,,,,,,,,,,,,,,,,,,,,,,,,,,,,,,,,,,,,,,,,,,,,,494,0.004,4m,1.5,3.0,1.9000000000000001,572,0.3,3,COMPLETE
42,42,0.803704624397902,2025-06-14 20:02:36.557702,2025-06-14 20:02:42.926412,0 days 00:00:06.368710,652.0,0.008,2m,1.5,3.0,1.8,388.0,146.0,0.004,1m,3.5,1.0,2.0,672.0,,,,,,,,268.0,0.004,4m,1.5,2.0,0.5,1022.0,,,,,,,,416.0,0.002,3m,3.5,2.0,0.7,364.0,34.0,0.001,2m,2.5,2.5,1.0,990.0,1020.0,0.001,1m,4.0,4.0,0.5,978.0,944.0,0.01,3m,4.0,4.0,2.0,40.0,380,0.005,4m,1.0,3.0,1.7000000000000002,630,0.2,8,COMPLETE
43,43,-4.028986007561563,2025-06-14 20:02:43.005311,2025-06-14 20:02:59.439061,0 days 00:00:16.433750,404.0,0.006,2m,2.0,2.5,1.6,476.0,252.0,0.003,1m,4.0,1.5,1.8,574.0,976.0,0.001,3m,1.0,4.0,2.0,994.0,234.0,0.004,4m,1.5,2.0,0.9,808.0,1006.0,0.005,2m,1.0,1.0,1.5,900.0,20.0,0.003,3m,3.5,2.0,0.6,368.0,218.0,0.004,2m,2.0,2.5,0.9,732.0,16.0,0.001,1m,4.0,4.0,1.1,1016.0,982.0,0.01,3m,4.0,2.5,2.0,42.0,316,0.004,4m,1.5,3.5,2.0,534,0.3,10,COMPLETE
44,44,-17.200345523023692,2025-06-14 20:02:59.581146,2025-06-14 20:03:14.189775,0 days 00:00:14.608629,536.0,0.007,2m,1.5,4.0,1.8,598.0,80.0,0.002,4m,3.5,1.5,1.9000000000000001,852.0,,,,,,,,712.0,0.005,4m,2.0,1.0,0.8,852.0,132.0,0.01,1m,1.0,1.0,0.6,24.0,632.0,0.002,3m,4.0,2.5,1.1,136.0,632.0,0.001,1m,3.0,3.0,0.9,750.0,968.0,0.01,1m,3.0,3.0,0.5,222.0,74.0,0.006,2m,1.0,3.0,1.4,992.0,394,0.002,4m,1.0,2.5,1.8,352,0.25,9,COMPLETE
45,45,-3.86513813103858,2025-06-14 20:03:14.276663,2025-06-14 20:03:20.608100,0 days 00:00:06.331437,944.0,0.006,2m,2.0,3.0,1.9000000000000001,404.0,368.0,0.005,1m,3.5,2.0,1.7000000000000002,782.0,,,,,,,,432.0,0.002,3m,1.5,3.0,1.4,464.0,,,,,,,,108.0,0.005,3m,2.5,1.0,0.7,540.0,242.0,0.007,2m,3.5,1.5,1.5,564.0,790.0,0.003,3m,3.0,2.0,0.9,792.0,778.0,0.008,3m,3.0,2.5,1.7000000000000002,264.0,600,0.003,4m,1.5,3.0,1.3,672,0.15000000000000002,8,COMPLETE
46,46,-3.507248952734388,2025-06-14 20:03:20.684777,2025-06-14 20:03:26.477274,0 days 00:00:05.792497,578.0,0.008,2m,1.0,3.5,1.6,712.0,546.0,0.004,2m,4.0,1.0,1.7000000000000002,504.0,,,,,,,,148.0,0.007,4m,2.5,2.0,1.1,644.0,,,,,,,,818.0,0.004,4m,3.5,2.0,0.9,694.0,480.0,0.01,2m,2.0,4.0,2.0,1020.0,840.0,0.009000000000000001,2m,3.5,3.5,1.5,402.0,,,,,,,,714,0.005,4m,1.0,3.0,1.7000000000000002,468,0.35000000000000003,7,COMPLETE
47,47,-4.382535285082114,2025-06-14 20:03:26.550582,2025-06-14 20:03:32.290182,0 days 00:00:05.739600,268.0,0.005,2m,2.5,3.5,1.9000000000000001,568.0,632.0,0.006,3m,3.0,1.5,1.9000000000000001,626.0,,,,,,,,464.0,0.005,4m,1.0,3.0,1.8,918.0,,,,,,,,702.0,0.002,3m,3.0,1.5,1.2000000000000002,334.0,702.0,0.003,1m,1.0,2.0,1.1,364.0,390.0,0.003,1m,3.0,3.5,2.0,858.0,,,,,,,,970,0.004,3m,1.5,2.5,1.4,596,0.3,7,COMPLETE
48,48,-5.06917541971302,2025-06-14 20:03:32.367680,2025-06-14 20:03:39.804851,0 days 00:00:07.437171,694.0,0.003,1m,2.5,3.0,1.7000000000000002,856.0,812.0,0.002,2m,4.0,2.0,1.8,392.0,,,,,,,,288.0,0.003,1m,3.0,4.0,0.7,548.0,518.0,0.001,1m,4.0,4.0,1.2000000000000002,952.0,444.0,0.003,3m,4.0,2.5,0.7,456.0,168.0,0.008,3m,2.0,3.0,0.7,830.0,128.0,0.004,1m,4.0,2.5,0.8,348.0,290.0,0.004,2m,3.5,4.0,1.0,644.0,80,0.001,4m,2.0,3.5,0.9,830,0.2,9,COMPLETE
49,49,0.8598995613019187,2025-06-14 20:03:39.904668,2025-06-14 20:03:45.101963,0 days 00:00:05.197295,394.0,0.008,2m,2.0,2.5,2.0,350.0,468.0,0.01,4m,3.5,3.0,1.6,708.0,,,,,,,,694.0,0.007,3m,1.5,2.0,1.3,416.0,,,,,,,,568.0,0.001,4m,2.5,3.0,0.9,174.0,844.0,0.005,4m,3.0,1.0,0.8,596.0,,,,,,,,,,,,,,,948,0.003,3m,2.5,2.0,1.2000000000000002,722,0.25,6,COMPLETE
50,50,0.5863398498521437,2025-06-14 20:03:45.172040,2025-06-14 20:03:47.535039,0 days 00:00:02.362999,566.0,0.007,4m,1.0,4.0,1.5,524.0,404.0,0.005,3m,1.5,1.5,2.0,968.0,,,,,,,,,,,,,,,,,,,,,,,,,,,,,,,,,,,,,,,,,,,,,,,,,,326,0.005,2m,2.0,2.5,1.4,532,0.1,3,COMPLETE
51,51,-7.2181142016200885,2025-06-14 20:03:47.625492,2025-06-14 20:03:49.409581,0 days 00:00:01.784089,,,,,,,,712.0,0.007,2m,3.0,2.5,1.4,596.0,,,,,,,,,,,,,,,,,,,,,,,,,,,,,,,,,,,,,,,,,,,,,,,,,,264,0.004,1m,2.5,1.5,0.9,778,0.4,2,COMPLETE
52,52,-6.975237753167312,2025-06-14 20:03:49.484594,2025-06-14 20:03:52.148278,0 days 00:00:02.663684,490.0,0.009000000000000001,1m,2.5,3.5,1.1,430.0,548.0,0.007,2m,2.0,3.5,0.6,558.0,,,,,,,,,,,,,,,,,,,,,,,,,,,,,,,,,,,,,,,,,,,,,,,,,,442,0.009000000000000001,1m,1.0,2.5,0.7,692,0.45,3,COMPLETE
53,53,-0.5809559792499136,2025-06-14 20:03:52.221478,2025-06-14 20:03:55.862269,0 days 00:00:03.640791,142.0,0.008,2m,2.5,2.5,1.4,216.0,622.0,0.006,2m,2.5,3.0,1.9000000000000001,470.0,,,,,,,,,,,,,,,,,,,,,,258.0,0.007,2m,2.0,4.0,1.4,634.0,,,,,,,,,,,,,,,,,,,,,,192,0.006,4m,1.5,4.0,1.6,632,0.35000000000000003,4,COMPLETE
54,54,-0.015543084887825116,2025-06-14 20:03:55.920365,2025-06-14 20:04:00.361273,0 days 00:00:04.440908,772.0,0.009000000000000001,3m,3.0,2.0,1.3,474.0,308.0,0.007,2m,3.0,2.0,1.2000000000000002,624.0,,,,,,,,194.0,0.01,2m,2.5,1.0,0.6,708.0,,,,,,,,86.0,0.009000000000000001,2m,1.5,3.5,1.8,890.0,,,,,,,,,,,,,,,,,,,,,,108,0.003,3m,3.0,3.0,0.8,864,0.4,5,COMPLETE
55,55,-2.028341646338059,2025-06-14 20:04:00.448117,2025-06-14 20:04:02.405152,0 days 00:00:01.957035,,,,,,,,718.0,0.008,3m,2.5,2.0,1.6,152.0,,,,,,,,,,,,,,,,,,,,,,,,,,,,,,,,,,,,,,,,,,,,,,,,,,536,0.005,1m,1.5,2.0,1.0,740,0.5,2,COMPLETE
56,56,-3.9631594833516655,2025-06-14 20:04:02.478319,2025-06-14 20:04:03.525082,0 days 00:00:01.046763,,,,,,,,,,,,,,,,,,,,,,,,,,,,,,,,,,,,,,,,,,,,,,,,,,,,,,,,,,,,,,,,794,0.009000000000000001,1m,2.0,3.5,2.0,108,0.15000000000000002,1,COMPLETE
57,57,0.14755205386869197,2025-06-14 20:04:03.605544,2025-06-14 20:04:06.415865,0 days 00:00:02.810321,306.0,0.01,2m,2.5,3.0,1.0,344.0,210.0,0.009000000000000001,1m,3.5,2.5,0.7,498.0,,,,,,,,,,,,,,,,,,,,,,,,,,,,,,,,,,,,,,,,,,,,,,,,,,384,0.004,3m,3.5,1.0,1.1,560,0.05,3,COMPLETE
58,58,-0.2510932265905377,2025-06-14 20:04:06.497017,2025-06-14 20:04:08.512708,0 days 00:00:02.015691,,,,,,,,486.0,0.007,2m,2.0,1.0,0.9,418.0,,,,,,,,,,,,,,,,,,,,,,,,,,,,,,,,,,,,,,,,,,,,,,,,,,850,0.002,4m,4.0,3.0,0.7,652,0.45,2,COMPLETE
59,59,-2.579032517596744,2025-06-14 20:04:08.585942,2025-06-14 20:04:12.997034,0 days 00:00:04.411092,832.0,0.007,3m,2.5,3.5,1.7000000000000002,606.0,536.0,0.01,3m,4.0,1.5,1.8,548.0,,,,,,,,370.0,0.002,4m,3.5,2.5,1.0,732.0,,,,,,,,200.0,0.005,2m,3.0,3.0,1.5,784.0,,,,,,,,,,,,,,,,,,,,,,480,0.006,1m,2.5,2.0,0.8,780,0.25,5,COMPLETE
60,60,-2.9868936152924217,2025-06-14 20:04:13.060370,2025-06-14 20:04:16.733529,0 days 00:00:03.673159,964.0,0.008,2m,2.0,3.0,1.4,192.0,406.0,0.005,2m,2.5,2.0,1.5,802.0,,,,,,,,,,,,,,,,,,,,,,68.0,0.006,2m,2.5,3.5,1.2000000000000002,512.0,,,,,,,,,,,,,,,,,,,,,,282,0.007,3m,2.0,2.5,0.6,942,0.15000000000000002,4,COMPLETE
61,61,0.4264636525526605,2025-06-14 20:04:16.796609,2025-06-14 20:04:18.724333,0 days 00:00:01.927724,,,,,,,,364.0,0.009000000000000001,3m,2.0,1.5,1.3,260.0,,,,,,,,,,,,,,,,,,,,,,,,,,,,,,,,,,,,,,,,,,,,,,,,,,1008,0.001,3m,2.0,2.5,0.9,506,0.25,2,COMPLETE
62,62,-0.4511453939756493,2025-06-14 20:04:18.815282,2025-06-14 20:04:19.952549,0 days 00:00:01.137267,,,,,,,,,,,,,,,,,,,,,,,,,,,,,,,,,,,,,,,,,,,,,,,,,,,,,,,,,,,,,,,,778,0.002,3m,2.5,2.5,1.0,618,0.3,1,COMPLETE
63,63,-1.3858576639118958,2025-06-14 20:04:20.018362,2025-06-14 20:04:22.844329,0 days 00:00:02.825967,62.0,0.006,1m,1.5,1.5,1.0,310.0,406.0,0.009000000000000001,3m,2.0,1.5,1.3,162.0,,,,,,,,,,,,,,,,,,,,,,,,,,,,,,,,,,,,,,,,,,,,,,,,,,834,0.003,3m,2.0,2.5,1.3,450,0.3,3,COMPLETE
64,64,-0.208280478099944,2025-06-14 20:04:22.915459,2025-06-14 20:04:24.831760,0 days 00:00:01.916301,,,,,,,,272.0,0.008,3m,1.5,3.0,1.4,666.0,,,,,,,,,,,,,,,,,,,,,,,,,,,,,,,,,,,,,,,,,,,,,,,,,,886,0.008,3m,3.0,2.0,0.8,544,0.2,2,COMPLETE
65,65,-0.18276180014554314,2025-06-14 20:04:24.910508,2025-06-14 20:04:26.863084,0 days 00:00:01.952576,,,,,,,,588.0,0.01,3m,2.0,1.5,1.0,318.0,,,,,,,,,,,,,,,,,,,,,,,,,,,,,,,,,,,,,,,,,,,,,,,,,,940,0.007,2m,1.5,1.5,0.5,578,0.25,2,COMPLETE
66,66,-1.475548960522471,2025-06-14 20:04:26.949502,2025-06-14 20:04:29.769089,0 days 00:00:02.819587,190.0,0.01,4m,4.0,3.0,1.9000000000000001,848.0,352.0,0.008,3m,2.5,2.0,0.5,28.0,,,,,,,,,,,,,,,,,,,,,,,,,,,,,,,,,,,,,,,,,,,,,,,,,,408,0.002,3m,3.5,2.5,1.1,376,0.35000000000000003,3,COMPLETE
67,67,-3.125987964878097,2025-06-14 20:04:29.824817,2025-06-14 20:04:30.869573,0 days 00:00:01.044756,,,,,,,,,,,,,,,,,,,,,,,,,,,,,,,,,,,,,,,,,,,,,,,,,,,,,,,,,,,,,,,,348,0.006,1m,2.5,3.0,1.5,684,0.2,1,COMPLETE
68,68,1.138588092731323,2025-06-14 20:04:30.928040,2025-06-14 20:04:34.238060,0 days 00:00:03.310020,706.0,0.009000000000000001,2m,3.0,3.5,0.7,466.0,458.0,0.009000000000000001,1m,2.0,2.5,1.2000000000000002,596.0,,,,,,,,,,,,,,,,,,,,,,256.0,0.01,1m,2.0,2.5,1.4,328.0,,,,,,,,,,,,,,,,,,,,,,808,0.008,3m,2.0,1.0,0.6,746,0.5,4,COMPLETE
69,69,-1.1604134108089357,2025-06-14 20:04:34.341098,2025-06-14 20:04:38.167374,0 days 00:00:03.826276,1018.0,0.009000000000000001,2m,3.0,3.5,0.8,470.0,616.0,0.006,1m,3.5,2.5,1.0,594.0,,,,,,,,,,,,,,,,,,,,,,256.0,0.01,1m,2.0,2.5,1.4,294.0,,,,,,,,,,,,,,,,,,,,,,740,0.008,1m,2.0,1.0,0.6,750,0.5,4,COMPLETE
70,70,-5.711217815541313,2025-06-14 20:04:38.247801,2025-06-14 20:04:42.502617,0 days 00:00:04.254816,726.0,0.008,2m,4.0,4.0,0.7,526.0,558.0,0.009000000000000001,1m,2.0,2.5,0.7,716.0,,,,,,,,546.0,0.004,4m,2.0,3.5,1.7000000000000002,922.0,,,,,,,,414.0,0.01,1m,1.5,2.0,1.7000000000000002,400.0,,,,,,,,,,,,,,,,,,,,,,690,0.008,3m,1.0,1.0,0.7,802,0.45,5,COMPLETE
71,71,-0.24293195705437012,2025-06-14 20:04:42.562841,2025-06-14 20:04:45.675832,0 days 00:00:03.112991,918.0,0.009000000000000001,2m,3.5,3.5,0.7,430.0,500.0,0.009000000000000001,1m,2.0,3.0,1.2000000000000002,756.0,,,,,,,,,,,,,,,,,,,,,,,,,,,,,,,,,,,,,,,,,,,,,,,,,,826,0.009000000000000001,3m,2.0,1.0,0.7,644,0.5,3,COMPLETE
72,72,0.5570894191056087,2025-06-14 20:04:45.738137,2025-06-14 20:04:49.585237,0 days 00:00:03.847100,800.0,0.008,2m,3.5,3.5,0.9,286.0,454.0,0.008,1m,1.5,2.5,1.5,620.0,,,,,,,,,,,,,,,,,,,,,,16.0,0.008,1m,2.5,1.5,1.4,292.0,,,,,,,,,,,,,,,,,,,,,,240,0.008,3m,1.5,1.5,0.5,702,0.45,4,COMPLETE
73,73,0.5396845994676742,2025-06-14 20:04:49.640427,2025-06-14 20:04:52.312519,0 days 00:00:02.672092,604.0,0.01,3m,2.5,3.0,1.6,366.0,512.0,0.01,2m,2.0,2.5,0.6,522.0,,,,,,,,,,,,,,,,,,,,,,,,,,,,,,,,,,,,,,,,,,,,,,,,,,916,0.009000000000000001,3m,2.0,1.0,0.9,604,0.5,3,COMPLETE
74,74,-1.1184353976957686,2025-06-14 20:04:52.375200,2025-06-14 20:04:54.255490,0 days 00:00:01.880290,,,,,,,,424.0,0.008,4m,2.5,2.0,1.1,668.0,,,,,,,,,,,,,,,,,,,,,,,,,,,,,,,,,,,,,,,,,,,,,,,,,,798,0.007,4m,2.5,1.5,0.8,518,0.25,2,COMPLETE
75,75,0.7227650231840118,2025-06-14 20:04:54.307787,2025-06-14 20:04:57.847403,0 days 00:00:03.539616,370.0,0.009000000000000001,2m,3.0,1.0,1.2000000000000002,228.0,382.0,0.009000000000000001,3m,2.0,1.0,2.0,490.0,,,,,,,,,,,,,,,,,,,,,,266.0,0.009000000000000001,1m,2.0,2.0,1.6,198.0,,,,,,,,,,,,,,,,,,,,,,620,0.004,3m,3.0,2.0,0.6,658,0.4,4,COMPLETE
76,76,-1.959329460469917,2025-06-14 20:04:57.948784,2025-06-14 20:05:03.215826,0 days 00:00:05.267042,854.0,0.007,2m,2.0,4.0,0.5,954.0,332.0,0.01,1m,3.0,1.5,0.7,862.0,,,,,,,,1016.0,0.008,3m,1.0,1.5,1.3,106.0,,,,,,,,174.0,0.01,1m,3.0,2.5,1.3,62.0,322.0,0.003,2m,3.5,2.0,1.2000000000000002,276.0,,,,,,,,,,,,,,,752,0.005,2m,1.5,2.5,0.6,892,0.1,6,COMPLETE
77,77,-1.1995173063069688,2025-06-14 20:05:03.290900,2025-06-14 20:05:06.063634,0 days 00:00:02.772734,296.0,0.008,3m,2.0,2.5,0.9,710.0,988.0,0.007,2m,3.5,2.0,1.4,432.0,,,,,,,,,,,,,,,,,,,,,,,,,,,,,,,,,,,,,,,,,,,,,,,,,,150,0.007,4m,2.0,1.0,1.2000000000000002,708,0.4,3,COMPLETE
78,78,-4.136719822529159,2025-06-14 20:05:06.135982,2025-06-14 20:05:14.633135,0 days 00:00:08.497153,708.0,0.009000000000000001,2m,3.0,2.0,0.6,500.0,260.0,0.009000000000000001,3m,2.0,2.5,0.5,568.0,162.0,0.009000000000000001,2m,2.5,3.5,0.5,782.0,848.0,0.002,2m,3.5,2.5,0.7,370.0,466.0,0.006,4m,2.5,2.5,1.2000000000000002,136.0,118.0,0.008,1m,1.0,3.0,1.9000000000000001,504.0,570.0,0.001,2m,1.5,3.5,1.6,880.0,830.0,0.008,2m,2.5,3.5,1.5,798.0,802.0,0.008,4m,1.0,2.0,1.1,276.0,686,0.004,3m,3.0,2.5,1.6,848,0.35000000000000003,10,COMPLETE
79,79,1.1874350997834615,2025-06-14 20:05:14.703588,2025-06-14 20:05:16.715033,0 days 00:00:02.011445,,,,,,,,672.0,0.008,1m,1.5,2.0,0.8,900.0,,,,,,,,,,,,,,,,,,,,,,,,,,,,,,,,,,,,,,,,,,,,,,,,,,468,0.01,1m,4.0,3.0,0.5,788,0.3,2,COMPLETE
80,80,-1.5844308086366619,2025-06-14 20:05:16.774350,2025-06-14 20:05:17.868635,0 days 00:00:01.094285,,,,,,,,,,,,,,,,,,,,,,,,,,,,,,,,,,,,,,,,,,,,,,,,,,,,,,,,,,,,,,,,482,0.01,1m,4.0,3.0,0.5,804,0.3,1,COMPLETE
81,81,-1.9818756226503356,2025-06-14 20:05:17.924213,2025-06-14 20:05:19.725003,0 days 00:00:01.800790,,,,,,,,650.0,0.008,1m,1.0,2.0,1.0,880.0,,,,,,,,,,,,,,,,,,,,,,,,,,,,,,,,,,,,,,,,,,,,,,,,,,574,0.01,1m,4.0,3.0,0.5,736,0.3,2,COMPLETE
82,82,1.6899561154088822,2025-06-14 20:05:19.777586,2025-06-14 20:05:21.564296,0 days 00:00:01.786710,,,,,,,,572.0,0.008,1m,1.5,2.0,0.8,960.0,,,,,,,,,,,,,,,,,,,,,,,,,,,,,,,,,,,,,,,,,,,,,,,,,,454,0.008,1m,4.0,3.5,0.6,770,0.25,2,COMPLETE
83,83,1.8515600905764265,2025-06-14 20:05:21.617093,2025-06-14 20:05:24.414816,0 days 00:00:02.797723,518.0,0.007,4m,4.0,3.5,1.3,562.0,568.0,0.007,1m,1.5,2.0,0.8,952.0,,,,,,,,,,,,,,,,,,,,,,,,,,,,,,,,,,,,,,,,,,,,,,,,,,518,0.008,1m,4.0,4.0,0.6,770,0.35000000000000003,3,COMPLETE
84,84,1.77726635059829,2025-06-14 20:05:24.477651,2025-06-14 20:05:26.349750,0 days 00:00:01.872099,,,,,,,,680.0,0.007,1m,1.5,2.0,0.8,956.0,,,,,,,,,,,,,,,,,,,,,,,,,,,,,,,,,,,,,,,,,,,,,,,,,,452,0.008,1m,4.0,4.0,0.7,776,0.35000000000000003,2,COMPLETE
85,85,-4.893947542966186,2025-06-14 20:05:26.433214,2025-06-14 20:05:28.975832,0 days 00:00:02.542618,516.0,0.006,4m,4.0,2.0,1.3,636.0,600.0,0.007,1m,1.0,2.0,0.9,988.0,,,,,,,,,,,,,,,,,,,,,,,,,,,,,,,,,,,,,,,,,,,,,,,,,,524,0.008,1m,4.0,4.0,0.7,846,0.35000000000000003,3,COMPLETE
86,86,-1.1819460089806213,2025-06-14 20:05:29.040578,2025-06-14 20:05:30.103331,0 days 00:00:01.062753,,,,,,,,,,,,,,,,,,,,,,,,,,,,,,,,,,,,,,,,,,,,,,,,,,,,,,,,,,,,,,,,432,0.009000000000000001,1m,4.0,4.0,1.8,764,0.35000000000000003,1,COMPLETE
87,87,-2.3993741580127317,2025-06-14 20:05:30.168668,2025-06-14 20:05:37.055324,0 days 00:00:06.886656,424.0,0.006,4m,4.0,1.5,1.1,84.0,802.0,0.006,1m,1.5,2.0,0.8,956.0,,,,,,,,318.0,0.005,1m,1.5,3.0,0.9,538.0,,,,,,,,382.0,0.004,4m,3.5,4.0,1.0,590.0,780.0,0.004,1m,2.5,1.5,0.5,638.0,534.0,0.002,3m,3.5,2.0,0.6,526.0,28.0,0.004,3m,2.5,3.5,1.7000000000000002,684.0,366,0.007,1m,3.5,4.0,0.7,822,0.3,8,COMPLETE
88,88,1.7930858934652634,2025-06-14 20:05:37.147740,2025-06-14 20:05:39.021893,0 days 00:00:01.874153,,,,,,,,566.0,0.007,1m,1.5,2.0,0.6,934.0,,,,,,,,,,,,,,,,,,,,,,,,,,,,,,,,,,,,,,,,,,,,,,,,,,512,0.008,1m,4.0,3.5,0.8,718,0.4,2,COMPLETE
89,89,-0.15063240978128312,2025-06-14 20:05:39.109161,2025-06-14 20:05:41.148451,0 days 00:00:02.039290,,,,,,,,916.0,0.006,1m,1.5,2.0,0.6,928.0,,,,,,,,,,,,,,,,,,,,,,,,,,,,,,,,,,,,,,,,,,,,,,,,,,548,0.008,1m,4.0,3.5,0.8,882,0.4,2,COMPLETE
90,90,-0.6304876717930146,2025-06-14 20:05:41.213612,2025-06-14 20:05:42.260708,0 days 00:00:01.047096,,,,,,,,,,,,,,,,,,,,,,,,,,,,,,,,,,,,,,,,,,,,,,,,,,,,,,,,,,,,,,,,446,0.009000000000000001,1m,3.5,4.0,0.8,714,0.35000000000000003,1,COMPLETE
91,91,2.670006104540251,2025-06-14 20:05:42.327322,2025-06-14 20:05:45.049900,0 days 00:00:02.722578,342.0,0.007,4m,3.5,3.0,1.5,736.0,572.0,0.007,1m,1.5,2.0,0.8,990.0,,,,,,,,,,,,,,,,,,,,,,,,,,,,,,,,,,,,,,,,,,,,,,,,,,418,0.008,1m,4.0,3.5,0.9,670,0.4,3,COMPLETE
92,92,1.8927532931393212,2025-06-14 20:05:45.107231,2025-06-14 20:05:46.941110,0 days 00:00:01.833879,,,,,,,,572.0,0.007,1m,1.5,2.0,0.6,992.0,,,,,,,,,,,,,,,,,,,,,,,,,,,,,,,,,,,,,,,,,,,,,,,,,,502,0.008,1m,4.0,3.5,0.9,670,0.4,2,COMPLETE
93,93,2.347296862566034,2025-06-14 20:05:47.018281,2025-06-14 20:05:48.926312,0 days 00:00:01.908031,,,,,,,,562.0,0.007,1m,1.5,2.0,0.6,994.0,,,,,,,,,,,,,,,,,,,,,,,,,,,,,,,,,,,,,,,,,,,,,,,,,,506,0.008,1m,4.0,3.5,0.9,668,0.4,2,COMPLETE
94,94,1.6080440024882379,2025-06-14 20:05:49.001212,2025-06-14 20:05:50.863952,0 days 00:00:01.862740,,,,,,,,532.0,0.007,1m,1.5,2.0,0.6,1000.0,,,,,,,,,,,,,,,,,,,,,,,,,,,,,,,,,,,,,,,,,,,,,,,,,,506,0.008,1m,4.0,3.5,0.9,674,0.4,2,COMPLETE
95,95,2.7256220174106303,2025-06-14 20:05:50.932697,2025-06-14 20:05:52.981489,0 days 00:00:02.048792,,,,,,,,568.0,0.007,1m,1.5,2.0,0.5,1020.0,,,,,,,,,,,,,,,,,,,,,,,,,,,,,,,,,,,,,,,,,,,,,,,,,,418,0.008,1m,4.0,3.5,1.0,692,0.4,2,COMPLETE
96,96,-10.96172654825948,2025-06-14 20:05:53.070183,2025-06-14 20:05:54.971273,0 days 00:00:01.901090,,,,,,,,564.0,0.007,1m,1.0,2.0,0.5,1016.0,,,,,,,,,,,,,,,,,,,,,,,,,,,,,,,,,,,,,,,,,,,,,,,,,,414,0.007,1m,4.0,3.5,1.0,602,0.4,2,COMPLETE
97,97,2.818738993041703,2025-06-14 20:05:55.044768,2025-06-14 20:05:57.618473,0 days 00:00:02.573705,334.0,0.005,4m,3.5,2.5,1.5,724.0,626.0,0.006,1m,1.5,1.5,0.6,918.0,,,,,,,,,,,,,,,,,,,,,,,,,,,,,,,,,,,,,,,,,,,,,,,,,,556,0.008,1m,3.5,3.5,1.0,692,0.4,3,COMPLETE
98,98,2.6262498599574027,2025-06-14 20:05:57.670411,2025-06-14 20:06:00.448181,0 days 00:00:02.777770,342.0,0.005,4m,3.5,2.5,1.5,828.0,636.0,0.006,1m,1.5,1.5,0.5,982.0,,,,,,,,,,,,,,,,,,,,,,,,,,,,,,,,,,,,,,,,,,,,,,,,,,620,0.009000000000000001,1m,3.5,3.5,0.9,658,0.4,3,COMPLETE
99,99,-8.009022253692802,2025-06-14 20:06:00.543306,2025-06-14 20:06:06.524233,0 days 00:00:05.980927,352.0,0.004,4m,3.5,2.5,1.5,820.0,642.0,0.006,1m,1.0,1.5,0.5,986.0,,,,,,,,186.0,0.008,4m,2.0,2.0,0.5,752.0,,,,,,,,966.0,0.005,3m,4.0,1.5,0.6,116.0,36.0,0.006,4m,3.5,3.5,1.1,484.0,732.0,0.004,4m,2.5,4.0,1.0,38.0,,,,,,,,616,0.009000000000000001,1m,3.5,3.5,1.0,630,0.45,7,COMPLETE
100,100,1.325441526823481,2025-06-14 20:06:06.599134,2025-06-14 20:06:09.558221,0 days 00:00:02.959087,326.0,0.005,4m,3.5,2.5,1.5,894.0,604.0,0.005,1m,1.5,1.5,0.5,1024.0,,,,,,,,,,,,,,,,,,,,,,,,,,,,,,,,,,,,,,,,,,,,,,,,,,564,0.009000000000000001,1m,3.5,3.5,0.9,558,0.4,3,COMPLETE
101,101,1.9708795952423106,2025-06-14 20:06:09.643408,2025-06-14 20:06:12.307046,0 days 00:00:02.663638,502.0,0.005,4m,3.5,2.5,1.4,738.0,528.0,0.006,1m,1.5,1.5,0.7,900.0,,,,,,,,,,,,,,,,,,,,,,,,,,,,,,,,,,,,,,,,,,,,,,,,,,592,0.008,1m,3.5,3.5,1.0,660,0.4,3,COMPLETE
102,102,2.9550425760906474,2025-06-14 20:06:12.388218,2025-06-14 20:06:15.037996,0 days 00:00:02.649778,476.0,0.004,4m,3.5,2.5,1.4,726.0,486.0,0.006,1m,1.5,1.5,0.7,980.0,,,,,,,,,,,,,,,,,,,,,,,,,,,,,,,,,,,,,,,,,,,,,,,,,,596,0.009000000000000001,1m,3.5,3.5,1.0,656,0.4,3,COMPLETE
103,103,1.9208761987708354,2025-06-14 20:06:15.107265,2025-06-14 20:06:17.963660,0 days 00:00:02.856395,398.0,0.004,4m,3.5,2.5,1.4,740.0,522.0,0.006,1m,1.5,1.5,0.7,914.0,,,,,,,,,,,,,,,,,,,,,,,,,,,,,,,,,,,,,,,,,,,,,,,,,,650,0.009000000000000001,1m,3.5,3.5,1.1,640,0.45,3,COMPLETE
104,104,0.8979163175645846,2025-06-14 20:06:18.042566,2025-06-14 20:06:20.511637,0 days 00:00:02.469071,480.0,0.003,4m,3.5,2.5,1.5,800.0,176.0,0.006,1m,1.5,1.5,0.6,978.0,,,,,,,,,,,,,,,,,,,,,,,,,,,,,,,,,,,,,,,,,,,,,,,,,,598,0.009000000000000001,1m,3.5,3.5,1.0,582,0.4,3,COMPLETE
105,105,-11.016421209642305,2025-06-14 20:06:20.606357,2025-06-14 20:06:23.066325,0 days 00:00:02.459968,422.0,0.005,4m,3.5,2.5,1.6,714.0,478.0,0.005,1m,1.0,1.5,0.5,884.0,,,,,,,,,,,,,,,,,,,,,,,,,,,,,,,,,,,,,,,,,,,,,,,,,,538,0.007,1m,3.5,3.5,1.1,686,0.4,3,COMPLETE
106,106,2.25019284443744,2025-06-14 20:06:23.128754,2025-06-14 20:06:25.739277,0 days 00:00:02.610523,270.0,0.004,4m,3.5,2.0,1.7000000000000002,630.0,634.0,0.006,1m,1.5,1.0,0.7,834.0,,,,,,,,,,,,,,,,,,,,,,,,,,,,,,,,,,,,,,,,,,,,,,,,,,682,0.009000000000000001,4m,3.5,3.5,1.0,620,0.45,3,COMPLETE
107,107,2.645221121202503,2025-06-14 20:06:25.802537,2025-06-14 20:06:28.467438,0 days 00:00:02.664901,222.0,0.003,4m,3.5,2.0,1.7000000000000002,678.0,634.0,0.006,1m,1.5,1.0,0.6,834.0,,,,,,,,,,,,,,,,,,,,,,,,,,,,,,,,,,,,,,,,,,,,,,,,,,684,0.009000000000000001,4m,3.0,3.5,0.9,612,0.45,3,COMPLETE
108,108,2.2095478980876555,2025-06-14 20:06:28.557250,2025-06-14 20:06:31.950261,0 days 00:00:03.393011,220.0,0.003,4m,3.5,2.0,1.8,688.0,598.0,0.005,1m,1.5,1.0,0.6,938.0,,,,,,,,,,,,,,,,,,,,,,714.0,0.002,4m,4.0,1.0,0.8,236.0,,,,,,,,,,,,,,,,,,,,,,630,0.01,4m,3.0,3.5,0.9,596,0.45,4,COMPLETE
109,109,1.6761293340273486,2025-06-14 20:06:32.003744,2025-06-14 20:06:33.637270,0 days 00:00:01.633526,,,,,,,,732.0,0.006,4m,1.5,1.0,0.5,1010.0,,,,,,,,,,,,,,,,,,,,,,,,,,,,,,,,,,,,,,,,,,,,,,,,,,658,0.009000000000000001,4m,3.0,3.5,0.9,690,0.45,2,COMPLETE
110,110,-11.616590473784218,2025-06-14 20:06:33.710718,2025-06-14 20:06:36.498637,0 days 00:00:02.787919,116.0,0.002,4m,3.5,3.0,1.7000000000000002,826.0,690.0,0.005,1m,1.0,1.5,0.5,856.0,,,,,,,,,,,,,,,,,,,,,,,,,,,,,,,,,,,,,,,,,,,,,,,,,,300,0.009000000000000001,4m,3.0,3.5,0.9,648,0.4,3,COMPLETE
111,111,2.305784737651731,2025-06-14 20:06:36.561638,2025-06-14 20:06:39.278437,0 days 00:00:02.716799,272.0,0.004,4m,3.5,2.0,1.7000000000000002,630.0,614.0,0.006,1m,1.5,1.0,0.7,824.0,,,,,,,,,,,,,,,,,,,,,,,,,,,,,,,,,,,,,,,,,,,,,,,,,,708,0.009000000000000001,4m,3.5,3.5,1.0,616,0.45,3,COMPLETE
112,112,2.6021366038055818,2025-06-14 20:06:39.347897,2025-06-14 20:06:41.728081,0 days 00:00:02.380184,334.0,0.003,4m,3.5,2.0,1.6,770.0,616.0,0.006,1m,1.5,1.0,0.6,770.0,,,,,,,,,,,,,,,,,,,,,,,,,,,,,,,,,,,,,,,,,,,,,,,,,,768,0.009000000000000001,4m,3.5,3.5,1.0,574,0.45,3,COMPLETE
113,113,1.5117376643452225,2025-06-14 20:06:41.806848,2025-06-14 20:06:44.702305,0 days 00:00:02.895457,348.0,0.003,4m,4.0,2.5,1.6,778.0,642.0,0.006,1m,1.5,1.0,0.6,784.0,,,,,,,,,,,,,,,,,,,,,,,,,,,,,,,,,,,,,,,,,,,,,,,,,,756,0.009000000000000001,4m,3.5,3.5,1.0,562,0.45,3,COMPLETE
114,114,-0.07479828935089271,2025-06-14 20:06:44.773467,2025-06-14 20:06:48.374938,0 days 00:00:03.601471,374.0,0.003,4m,3.0,2.5,1.5,744.0,548.0,0.006,1m,1.5,1.0,0.6,968.0,,,,,,,,,,,,,,,,,,,,,,874.0,0.006,3m,3.5,1.5,0.5,16.0,,,,,,,,,,,,,,,,,,,,,,666,0.01,4m,3.5,3.0,1.1,494,0.45,4,COMPLETE
115,115,2.5481201337667025,2025-06-14 20:06:48.439391,2025-06-14 20:06:55.779972,0 days 00:00:07.340581,450.0,0.001,4m,3.5,2.0,1.5,696.0,502.0,0.004,1m,1.5,1.5,0.5,918.0,,,,,,,,674.0,0.006,2m,3.0,1.0,1.1,604.0,950.0,0.006,3m,3.0,2.0,2.0,714.0,910.0,0.001,3m,3.0,1.5,0.8,720.0,472.0,0.002,3m,1.5,2.5,2.0,670.0,940.0,0.005,1m,3.5,3.0,0.7,886.0,1024.0,0.009000000000000001,3m,3.5,3.0,1.7000000000000002,200.0,394,0.009000000000000001,4m,3.0,3.5,1.2000000000000002,546,0.4,9,COMPLETE
116,116,-2.2360119201645934,2025-06-14 20:06:55.851004,2025-06-14 20:07:02.940674,0 days 00:00:07.089670,468.0,0.001,4m,3.5,2.0,1.5,690.0,502.0,0.004,2m,1.5,1.5,0.5,906.0,,,,,,,,614.0,0.006,2m,3.0,1.0,1.1,876.0,946.0,0.006,3m,3.0,2.0,2.0,696.0,918.0,0.001,3m,3.0,1.5,0.8,942.0,540.0,0.002,3m,1.5,2.5,2.0,832.0,922.0,0.005,1m,3.5,3.0,0.7,894.0,1014.0,0.01,3m,3.5,3.0,1.7000000000000002,202.0,336,0.01,4m,3.0,3.5,1.2000000000000002,464,0.45,9,COMPLETE
117,117,0.5384421861116718,2025-06-14 20:07:02.988261,2025-06-14 20:07:10.318260,0 days 00:00:07.329999,442.0,0.002,4m,3.5,2.0,1.6,804.0,480.0,0.004,1m,1.5,1.5,0.5,734.0,,,,,,,,794.0,0.003,2m,2.5,1.5,1.5,624.0,728.0,0.004,3m,3.0,1.5,1.7000000000000002,640.0,570.0,0.003,3m,3.5,1.0,0.6,834.0,416.0,0.002,3m,1.0,3.0,1.8,646.0,916.0,0.002,1m,3.5,3.5,1.3,694.0,842.0,0.008,3m,4.0,3.5,1.8,120.0,410,0.009000000000000001,4m,3.0,3.0,1.3,520,0.4,9,COMPLETE
118,118,-9.955367337055277,2025-06-14 20:07:10.404622,2025-06-14 20:07:16.964127,0 days 00:00:06.559505,554.0,0.001,4m,3.5,2.0,1.4,892.0,586.0,0.003,1m,1.0,1.5,0.5,786.0,,,,,,,,490.0,0.004,2m,3.5,1.0,0.8,146.0,,,,,,,,994.0,0.001,3m,3.0,2.0,1.0,724.0,304.0,0.004,3m,2.0,2.5,1.4,932.0,1014.0,0.007,1m,4.0,3.0,0.7,928.0,684.0,0.009000000000000001,3m,3.5,3.0,1.4,410.0,364,0.009000000000000001,4m,3.0,3.5,1.1,548,0.35000000000000003,8,COMPLETE
119,119,-1.4960933774164042,2025-06-14 20:07:17.062483,2025-06-14 20:07:25.319580,0 days 00:00:08.257097,334.0,0.004,4m,3.5,2.0,1.4,664.0,670.0,0.005,1m,1.5,1.0,0.6,810.0,932.0,0.002,1m,1.0,1.0,1.8,60.0,664.0,0.005,2m,3.0,4.0,1.2000000000000002,966.0,268.0,0.008,2m,2.0,3.0,0.9,750.0,782.0,0.004,3m,3.0,1.5,1.1,646.0,114.0,0.002,3m,1.5,2.0,0.7,420.0,564.0,0.005,1m,3.0,2.0,1.0,784.0,880.0,0.006,3m,3.0,4.0,1.9000000000000001,176.0,710,0.009000000000000001,4m,3.0,3.5,0.8,580,0.4,10,COMPLETE
120,120,-2.3440756613421647,2025-06-14 20:07:25.421242,2025-06-14 20:07:32.856309,0 days 00:00:07.435067,292.0,0.002,4m,3.0,2.5,1.6,758.0,630.0,0.004,2m,1.5,1.5,0.5,874.0,,,,,,,,422.0,0.009000000000000001,3m,2.5,1.5,0.6,778.0,798.0,0.003,3m,3.5,3.0,1.6,532.0,912.0,0.002,3m,4.0,1.0,0.9,824.0,448.0,0.001,2m,2.0,2.0,1.2000000000000002,706.0,740.0,0.002,1m,3.5,4.0,0.5,1024.0,1014.0,0.009000000000000001,1m,3.5,2.0,1.6,356.0,768,0.004,4m,3.5,3.0,1.2000000000000002,534,0.45,9,COMPLETE
121,121,-0.33255085458939665,2025-06-14 20:07:32.943467,2025-06-14 20:07:35.641320,0 days 00:00:02.697853,244.0,0.005,4m,4.0,2.5,1.8,886.0,94.0,0.007,1m,1.5,1.5,0.6,998.0,,,,,,,,,,,,,,,,,,,,,,,,,,,,,,,,,,,,,,,,,,,,,,,,,,400,0.008,4m,1.0,3.5,0.9,696,0.4,3,COMPLETE
122,122,-0.08475937820434036,2025-06-14 20:07:35.702809,2025-06-14 20:07:37.600128,0 days 00:00:01.897319,,,,,,,,548.0,0.006,1m,1.5,1.0,0.6,974.0,,,,,,,,,,,,,,,,,,,,,,,,,,,,,,,,,,,,,,,,,,,,,,,,,,426,0.008,2m,3.5,3.5,0.9,732,0.4,2,COMPLETE
123,123,-2.158931987830564,2025-06-14 20:07:37.740681,2025-06-14 20:07:51.722357,0 days 00:00:13.981676,372.0,0.003,4m,3.5,1.5,1.5,722.0,516.0,0.006,1m,2.0,1.5,1.9000000000000001,934.0,,,,,,,,106.0,0.006,2m,3.5,2.0,1.0,226.0,,,,,,,,692.0,0.003,3m,2.5,2.0,0.5,1012.0,810.0,0.003,3m,3.0,3.0,1.8,252.0,880.0,0.008,4m,4.0,2.5,0.7,592.0,390.0,0.007,4m,4.0,3.5,1.5,38.0,574,0.009000000000000001,4m,3.5,3.5,1.5,636,0.4,8,COMPLETE
124,124,2.14176870588436,2025-06-14 20:07:51.866982,2025-06-14 20:07:58.586849,0 days 00:00:06.719867,418.0,0.005,4m,3.5,2.0,1.7000000000000002,780.0,616.0,0.003,1m,1.5,1.5,0.6,690.0,,,,,,,,,,,,,,,,,,,,,,,,,,,,,,,,,,,,,,,,,,,,,,,,,,476,0.008,1m,3.0,3.5,0.9,594,0.4,3,COMPLETE
125,125,1.9499544167028995,2025-06-14 20:07:58.724904,2025-06-14 20:08:06.543460,0 days 00:00:07.818556,452.0,0.004,1m,3.0,3.0,1.6,690.0,430.0,0.005,1m,1.5,1.5,0.5,920.0,,,,,,,,,,,,,,,,,,,,,,468.0,0.001,4m,3.5,1.5,0.8,544.0,,,,,,,,,,,,,,,,,,,,,,312,0.01,1m,4.0,3.5,1.0,654,0.45,4,COMPLETE
126,126,2.8991955208405527,2025-06-14 20:08:06.649602,2025-06-14 20:08:09.364269,0 days 00:00:02.714667,,,,,,,,658.0,0.007,4m,1.5,1.0,2.0,1022.0,,,,,,,,,,,,,,,,,,,,,,,,,,,,,,,,,,,,,,,,,,,,,,,,,,378,0.008,4m,3.0,3.5,1.0,620,0.35000000000000003,2,COMPLETE
127,127,1.271390206410353,2025-06-14 20:08:09.482313,2025-06-14 20:08:12.193739,0 days 00:00:02.711426,490.0,0.001,4m,4.0,2.0,1.8,842.0,736.0,0.001,4m,3.5,1.0,2.0,1022.0,,,,,,,,,,,,,,,,,,,,,,,,,,,,,,,,,,,,,,,,,,,,,,,,,,386,0.006,4m,3.0,4.0,1.0,568,0.35000000000000003,3,COMPLETE
128,128,-0.6504402246613435,2025-06-14 20:08:12.279043,2025-06-14 20:08:14.261661,0 days 00:00:01.982618,,,,,,,,648.0,0.006,4m,2.0,1.0,1.9000000000000001,942.0,,,,,,,,,,,,,,,,,,,,,,,,,,,,,,,,,,,,,,,,,,,,,,,,,,334,0.003,4m,2.5,3.5,1.1,606,0.3,2,COMPLETE
129,129,-2.3944213389296505,2025-06-14 20:08:14.372699,2025-06-14 20:08:20.632386,0 days 00:00:06.259687,192.0,0.006,4m,3.5,2.5,1.5,580.0,698.0,0.006,4m,1.0,1.0,2.0,976.0,,,,,,,,910.0,0.006,4m,2.5,2.5,1.4,480.0,,,,,,,,532.0,0.002,3m,3.5,2.0,0.7,630.0,588.0,0.002,2m,2.5,2.5,1.0,798.0,472.0,0.003,2m,2.0,3.5,1.3,390.0,,,,,,,,242,0.005,4m,3.0,3.0,1.4,510,0.35000000000000003,7,COMPLETE
130,130,0.5327917042330479,2025-06-14 20:08:20.732979,2025-06-14 20:08:23.744956,0 days 00:00:03.011977,386.0,0.002,4m,1.5,3.0,2.0,866.0,660.0,0.007,4m,1.5,1.0,0.7,1002.0,,,,,,,,,,,,,,,,,,,,,,,,,,,,,,,,,,,,,,,,,,,,,,,,,,64,0.009000000000000001,4m,2.5,3.5,0.8,702,0.25,3,COMPLETE
131,131,1.759338543349205,2025-06-14 20:08:23.816772,2025-06-14 20:08:25.924711,0 days 00:00:02.107939,,,,,,,,586.0,0.007,1m,1.5,1.5,2.0,986.0,,,,,,,,,,,,,,,,,,,,,,,,,,,,,,,,,,,,,,,,,,,,,,,,,,370,0.008,1m,3.0,3.5,1.0,666,0.4,2,COMPLETE
132,132,1.114746130696974,2025-06-14 20:08:26.032003,2025-06-14 20:08:27.913710,0 days 00:00:01.881707,,,,,,,,610.0,0.007,2m,1.5,2.0,0.5,954.0,,,,,,,,,,,,,,,,,,,,,,,,,,,,,,,,,,,,,,,,,,,,,,,,,,606,0.008,4m,3.5,3.5,0.9,628,0.4,2,COMPLETE
133,133,1.0383362478919018,2025-06-14 20:08:28.005904,2025-06-14 20:08:29.832958,0 days 00:00:01.827054,,,,,,,,540.0,0.008,1m,1.5,1.5,0.6,766.0,,,,,,,,,,,,,,,,,,,,,,,,,,,,,,,,,,,,,,,,,,,,,,,,,,730,0.008,1m,4.0,3.5,0.9,612,0.45,2,COMPLETE
134,134,2.455449226739496,2025-06-14 20:08:29.925981,2025-06-14 20:08:30.918930,0 days 00:00:00.992949,,,,,,,,,,,,,,,,,,,,,,,,,,,,,,,,,,,,,,,,,,,,,,,,,,,,,,,,,,,,,,,,438,0.007,4m,3.0,3.5,1.0,546,0.35000000000000003,1,COMPLETE
135,135,-2.6454649050220906,2025-06-14 20:08:31.031711,2025-06-14 20:08:32.010439,0 days 00:00:00.978728,,,,,,,,,,,,,,,,,,,,,,,,,,,,,,,,,,,,,,,,,,,,,,,,,,,,,,,,,,,,,,,,640,0.007,4m,3.0,3.5,1.1,540,0.3,1,COMPLETE
136,136,1.3981894572809825,2025-06-14 20:08:32.137723,2025-06-14 20:08:33.133081,0 days 00:00:00.995358,,,,,,,,,,,,,,,,,,,,,,,,,,,,,,,,,,,,,,,,,,,,,,,,,,,,,,,,,,,,,,,,390,0.007,4m,3.0,3.5,1.0,486,0.35000000000000003,1,COMPLETE
137,137,1.336360091889236,2025-06-14 20:08:33.245361,2025-06-14 20:08:34.290510,0 days 00:00:01.045149,,,,,,,,,,,,,,,,,,,,,,,,,,,,,,,,,,,,,,,,,,,,,,,,,,,,,,,,,,,,,,,,428,0.006,4m,3.0,3.5,0.8,580,0.35000000000000003,1,COMPLETE
138,138,0.39458835726733343,2025-06-14 20:08:34.365767,2025-06-14 20:08:37.021160,0 days 00:00:02.655393,308.0,0.005,4m,2.0,2.5,1.6,606.0,710.0,0.005,4m,2.0,1.0,1.9000000000000001,844.0,,,,,,,,,,,,,,,,,,,,,,,,,,,,,,,,,,,,,,,,,,,,,,,,,,406,0.007,4m,3.0,4.0,1.7000000000000002,552,0.3,3,COMPLETE
139,139,0.44689691341184723,2025-06-14 20:08:37.097966,2025-06-14 20:08:38.159757,0 days 00:00:01.061791,,,,,,,,,,,,,,,,,,,,,,,,,,,,,,,,,,,,,,,,,,,,,,,,,,,,,,,,,,,,,,,,456,0.009000000000000001,2m,1.0,3.5,1.9000000000000001,590,0.25,1,COMPLETE
140,140,-3.368904642928731,2025-06-14 20:08:38.249754,2025-06-14 20:08:41.163386,0 days 00:00:02.913632,592.0,0.007,1m,3.0,2.0,1.9000000000000001,650.0,494.0,0.006,2m,3.5,1.5,0.7,1022.0,,,,,,,,,,,,,,,,,,,,,,,,,,,,,,,,,,,,,,,,,,,,,,,,,,360,0.007,4m,3.5,3.0,1.0,724,0.35000000000000003,3,COMPLETE
141,141,-1.6543706699176215,2025-06-14 20:08:41.295472,2025-06-14 20:08:43.186849,0 days 00:00:01.891377,,,,,,,,586.0,0.007,1m,1.5,2.0,0.5,992.0,,,,,,,,,,,,,,,,,,,,,,,,,,,,,,,,,,,,,,,,,,,,,,,,,,492,0.008,1m,3.0,3.5,0.9,284,0.4,2,COMPLETE
142,142,1.284074098293863,2025-06-14 20:08:43.282588,2025-06-14 20:08:45.287758,0 days 00:00:02.005170,,,,,,,,556.0,0.007,1m,1.5,1.5,0.6,968.0,,,,,,,,,,,,,,,,,,,,,,,,,,,,,,,,,,,,,,,,,,,,,,,,,,552,0.008,1m,3.5,3.5,1.0,678,0.4,2,COMPLETE
143,143,2.665266434344938,2025-06-14 20:08:45.391275,2025-06-14 20:08:48.417738,0 days 00:00:03.026463,350.0,0.004,4m,3.5,1.5,1.4,762.0,524.0,0.008,1m,1.5,2.0,0.5,1004.0,,,,,,,,,,,,,,,,,,,,,,,,,,,,,,,,,,,,,,,,,,,,,,,,,,532,0.008,1m,4.0,3.5,1.1,648,0.4,3,COMPLETE
144,144,2.4513674897546225,2025-06-14 20:08:48.506143,2025-06-14 20:08:51.510687,0 days 00:00:03.004544,430.0,0.004,4m,3.5,1.5,1.4,762.0,508.0,0.008,1m,1.5,2.0,0.5,922.0,,,,,,,,,,,,,,,,,,,,,,,,,,,,,,,,,,,,,,,,,,,,,,,,,,470,0.009000000000000001,4m,4.0,3.5,1.2000000000000002,636,0.45,3,COMPLETE
145,145,-0.8681739558211369,2025-06-14 20:08:51.604689,2025-06-14 20:09:00.726596,0 days 00:00:09.121907,338.0,0.003,4m,3.5,1.5,1.3,816.0,466.0,0.008,1m,1.5,1.0,0.5,642.0,18.0,0.005,1m,4.0,2.5,1.4,478.0,388.0,0.007,1m,4.0,3.5,1.6,366.0,346.0,0.008,3m,2.0,2.0,1.8,310.0,764.0,0.004,3m,3.0,1.0,0.6,416.0,238.0,0.004,3m,1.5,1.5,1.6,956.0,624.0,0.01,3m,3.0,1.0,0.9,756.0,690.0,0.009000000000000001,2m,2.5,3.0,1.1,550.0,672,0.008,1m,3.0,3.5,1.1,562,0.4,10,COMPLETE
146,146,2.004596104271014,2025-06-14 20:09:00.833460,2025-06-14 20:09:04.505937,0 days 00:00:03.672477,240.0,0.005,4m,3.5,1.0,1.5,942.0,626.0,0.002,2m,2.0,1.5,0.5,886.0,,,,,,,,,,,,,,,,,,,,,,314.0,0.003,3m,4.0,2.5,1.0,942.0,,,,,,,,,,,,,,,,,,,,,,532,0.008,4m,3.5,4.0,1.1,614,0.35000000000000003,4,COMPLETE
147,147,-2.1778364769135417,2025-06-14 20:09:04.613369,2025-06-14 20:09:07.425277,0 days 00:00:02.811908,538.0,0.004,4m,3.5,2.5,1.4,792.0,446.0,0.008,1m,4.0,2.0,2.0,1024.0,,,,,,,,,,,,,,,,,,,,,,,,,,,,,,,,,,,,,,,,,,,,,,,,,,574,0.006,1m,3.0,3.5,1.3,526,0.4,3,COMPLETE
148,148,0.09369214611656716,2025-06-14 20:09:07.520915,2025-06-14 20:09:10.286293,0 days 00:00:02.765378,398.0,0.002,4m,2.0,3.0,1.3,732.0,516.0,0.006,1m,1.5,1.5,0.5,534.0,,,,,,,,,,,,,,,,,,,,,,,,,,,,,,,,,,,,,,,,,,,,,,,,,,438,0.009000000000000001,1m,2.5,3.0,1.1,646,0.3,3,COMPLETE
149,149,3.563774318861208,2025-06-14 20:09:10.369984,2025-06-14 20:09:13.268948,0 days 00:00:02.898964,322.0,0.006,4m,3.5,1.5,1.7000000000000002,678.0,658.0,0.004,4m,1.5,1.0,0.6,946.0,,,,,,,,,,,,,,,,,,,,,,,,,,,,,,,,,,,,,,,,,,,,,,,,,,344,0.004,4m,4.0,3.5,1.0,752,0.45,3,COMPLETE
