,number,value,datetime_start,datetime_complete,duration,params_AAPL_INTU_beta_win,params_AAPL_INTU_stop_loss,params_AAPL_INTU_trade_freq,params_AAPL_INTU_z_entry,params_AAPL_INTU_z_exit,params_AAPL_INTU_z_stop_scaler,params_AAPL_INTU_z_win,params_AAPL_VRSK_beta_win,params_AAPL_VRSK_stop_loss,params_AAPL_VRSK_trade_freq,params_AAPL_VRSK_z_entry,params_AAPL_VRSK_z_exit,params_AAPL_VRSK_z_stop_scaler,params_AAPL_VRSK_z_win,params_AEP_PANW_beta_win,params_AEP_PANW_stop_loss,params_AEP_PANW_trade_freq,params_AEP_PANW_z_entry,params_AEP_PANW_z_exit,params_AEP_PANW_z_stop_scaler,params_AEP_PANW_z_win,params_AMGN_ZS_beta_win,params_AMGN_ZS_stop_loss,params_AMGN_ZS_trade_freq,params_AMGN_ZS_z_entry,params_AMGN_ZS_z_exit,params_AMGN_ZS_z_stop_scaler,params_AMGN_ZS_z_win,params_ATVI_MSFT_beta_win,params_ATVI_MSFT_stop_loss,params_ATVI_MSFT_trade_freq,params_ATVI_MSFT_z_entry,params_ATVI_MSFT_z_exit,params_ATVI_MSFT_z_stop_scaler,params_ATVI_MSFT_z_win,params_BKNG_EA_beta_win,params_BKNG_EA_stop_loss,params_BKNG_EA_trade_freq,params_BKNG_EA_z_entry,params_BKNG_EA_z_exit,params_BKNG_EA_z_stop_scaler,params_BKNG_EA_z_win,params_DXCM_ORLY_beta_win,params_DXCM_ORLY_stop_loss,params_DXCM_ORLY_trade_freq,params_DXCM_ORLY_z_entry,params_DXCM_ORLY_z_exit,params_DXCM_ORLY_z_stop_scaler,params_DXCM_ORLY_z_win,params_FISV_WDAY_beta_win,params_FISV_WDAY_stop_loss,params_FISV_WDAY_trade_freq,params_FISV_WDAY_z_entry,params_FISV_WDAY_z_exit,params_FISV_WDAY_z_stop_scaler,params_FISV_WDAY_z_win,params_ORLY_VRTX_beta_win,params_ORLY_VRTX_stop_loss,params_ORLY_VRTX_trade_freq,params_ORLY_VRTX_z_entry,params_ORLY_VRTX_z_exit,params_ORLY_VRTX_z_stop_scaler,params_ORLY_VRTX_z_win,params_TEAM_ZS_beta_win,params_TEAM_ZS_stop_loss,params_TEAM_ZS_trade_freq,params_TEAM_ZS_z_entry,params_TEAM_ZS_z_exit,params_TEAM_ZS_z_stop_scaler,params_TEAM_ZS_z_win,params_buffer_capital,params_pairs_to_trade,state
0,0,-0.10922956134114793,2025-06-15 01:07:55.976379,2025-06-15 01:07:57.158724,0 days 00:00:01.182345,,,,,,,,,,,,,,,,,,,,,,,,,,,,,876.0,0.003,3m,1.0,3.0,1.3,394.0,,,,,,,,342,0.009000000000000001,3m,3.5,2.0,1.3,502,,,,,,,,1000.0,0.002,1m,2.5,2.0,0.6,468.0,,,,,,,,0.5,3,COMPLETE
1,1,6.765141839234156,2025-06-15 01:07:57.246775,2025-06-15 01:07:58.448380,0 days 00:00:01.201605,,,,,,,,,,,,,,,,,,,,,,,,,,,,,210.0,0.009000000000000001,1m,3.0,3.0,1.9000000000000001,948.0,,,,,,,,324,0.009000000000000001,2m,4.0,1.5,1.9000000000000001,320,,,,,,,,984.0,0.006,3m,2.5,3.0,1.0,592.0,,,,,,,,0.3,3,COMPLETE
2,2,-1.8825989813624189,2025-06-15 01:07:58.509448,2025-06-15 01:08:01.618037,0 days 00:00:03.108589,76.0,0.001,3m,2.5,2.5,0.6,388.0,,,,,,,,110.0,0.003,4m,1.0,4.0,1.6,146.0,670.0,0.006,4m,2.0,2.5,0.8,548.0,978.0,0.007,3m,1.5,4.0,0.7,698.0,34.0,0.005,2m,3.0,3.5,0.8,230.0,270,0.008,4m,1.0,1.5,0.5,50,920.0,0.003,3m,2.5,1.0,1.3,360.0,572.0,0.008,4m,1.5,3.5,2.0,386.0,652.0,0.001,4m,3.0,1.5,0.5,828.0,0.2,9,COMPLETE
3,3,-2.1997717581367593,2025-06-15 01:08:01.688116,2025-06-15 01:08:03.593279,0 days 00:00:01.905163,,,,,,,,,,,,,,,434.0,0.006,3m,2.5,3.5,0.7,974.0,,,,,,,,844.0,0.01,4m,3.5,4.0,1.9000000000000001,582.0,960.0,0.01,4m,2.5,1.5,1.3,260.0,544,0.009000000000000001,1m,1.5,3.5,1.3,326,,,,,,,,352.0,0.007,2m,1.0,3.5,1.3,856.0,,,,,,,,0.05,5,COMPLETE
4,4,2.515936137211305,2025-06-15 01:08:03.665320,2025-06-15 01:08:05.290963,0 days 00:00:01.625643,,,,,,,,,,,,,,,886.0,0.003,3m,3.5,2.5,1.1,452.0,,,,,,,,56.0,0.007,4m,3.5,3.0,1.7000000000000002,226.0,956.0,0.01,1m,1.5,1.5,1.9000000000000001,592.0,974,0.009000000000000001,4m,1.5,2.0,1.9000000000000001,702,,,,,,,,754.0,0.009000000000000001,1m,2.5,3.0,1.1,992.0,,,,,,,,0.2,5,COMPLETE
5,5,-3.2791071936231235,2025-06-15 01:08:05.368140,2025-06-15 01:08:08.314562,0 days 00:00:02.946422,,,,,,,,,,,,,,,32.0,0.006,1m,3.0,3.5,1.5,220.0,304.0,0.007,4m,1.5,1.0,1.8,648.0,218.0,0.004,2m,1.5,3.0,1.6,72.0,604.0,0.006,1m,4.0,2.0,1.9000000000000001,106.0,430,0.001,4m,2.5,4.0,0.8,278,974.0,0.008,4m,3.0,4.0,1.8,922.0,804.0,0.008,1m,2.5,3.5,0.6,550.0,370.0,0.007,1m,2.0,1.0,1.4,490.0,0.15000000000000002,8,COMPLETE
6,6,2.1995658262217392,2025-06-15 01:08:08.368810,2025-06-15 01:08:09.849286,0 days 00:00:01.480476,,,,,,,,,,,,,,,,,,,,,,,,,,,,,588.0,0.007,2m,2.5,2.5,0.8,598.0,254.0,0.009000000000000001,2m,2.0,3.5,1.6,890.0,264,0.008,1m,4.0,1.0,0.6,718,,,,,,,,56.0,0.009000000000000001,3m,2.5,1.5,1.1,276.0,,,,,,,,0.45,4,COMPLETE
7,7,4.308617908139845,2025-06-15 01:08:09.912206,2025-06-15 01:08:11.026028,0 days 00:00:01.113822,,,,,,,,,,,,,,,,,,,,,,,,,,,,,832.0,0.01,3m,3.5,2.5,1.5,514.0,,,,,,,,952,0.004,3m,2.0,2.5,0.8,652,,,,,,,,948.0,0.008,2m,4.0,3.0,1.6,760.0,,,,,,,,0.1,3,COMPLETE
8,8,5.291264978331471,2025-06-15 01:08:11.085364,2025-06-15 01:08:13.853390,0 days 00:00:02.768026,,,,,,,,,,,,,,,574.0,0.009000000000000001,4m,2.0,1.5,1.2000000000000002,294.0,370.0,0.006,3m,2.0,3.0,1.2000000000000002,674.0,172.0,0.001,2m,2.5,4.0,1.8,892.0,142.0,0.007,1m,3.0,3.0,1.7000000000000002,862.0,186,0.009000000000000001,3m,3.0,3.0,1.2000000000000002,68,338.0,0.005,2m,1.5,3.0,1.4,492.0,150.0,0.002,2m,4.0,3.0,1.4,444.0,,,,,,,,0.05,7,COMPLETE
9,9,2.827335480858816,2025-06-15 01:08:13.935874,2025-06-15 01:08:20.775212,0 days 00:00:06.839338,678.0,0.01,4m,4.0,4.0,2.0,420.0,432.0,0.007,4m,4.0,1.5,0.9,224.0,64.0,0.007,2m,3.0,1.0,1.9000000000000001,316.0,612.0,0.004,2m,1.0,1.5,1.6,82.0,698.0,0.01,4m,2.5,3.5,0.8,766.0,1012.0,0.004,4m,4.0,1.5,0.5,248.0,90,0.004,2m,4.0,1.5,0.9,844,410.0,0.006,4m,1.0,3.5,1.7000000000000002,748.0,1010.0,0.007,3m,4.0,1.5,0.8,766.0,552.0,0.003,1m,2.0,3.5,0.7,384.0,0.45,10,COMPLETE
10,10,-100.0,2025-06-15 01:08:20.883225,2025-06-15 01:08:21.579130,0 days 00:00:00.695905,,,,,,,,,,,,,,,,,,,,,,,,,,,,,,,,,,,,,,,,,,,640,0.006,2m,3.0,1.0,2.0,966,,,,,,,,,,,,,,,,,,,,,,0.35000000000000003,1,COMPLETE
11,11,0.24553251991795857,2025-06-15 01:08:21.641888,2025-06-15 01:08:24.468099,0 days 00:00:02.826211,,,,,,,,,,,,,,,704.0,0.01,4m,1.5,1.0,0.9,768.0,106.0,0.01,3m,4.0,4.0,1.0,926.0,344.0,0.001,1m,2.5,1.0,2.0,968.0,430.0,0.001,3m,3.0,3.0,1.3,992.0,68,0.01,3m,3.0,3.0,1.6,90,46.0,0.001,2m,1.0,2.5,0.5,76.0,32.0,0.003,3m,3.5,2.5,1.5,32.0,,,,,,,,0.3,7,COMPLETE
12,12,3.9854806875104325,2025-06-15 01:08:24.512290,2025-06-15 01:08:27.320228,0 days 00:00:02.807938,,,,,,,,,,,,,,,442.0,0.009000000000000001,4m,2.0,2.0,1.3,34.0,1022.0,0.001,1m,3.0,3.5,0.5,172.0,348.0,0.001,1m,3.0,1.5,2.0,1010.0,64.0,0.007,1m,3.0,4.0,1.6,736.0,178,0.006,2m,3.5,3.0,1.6,244,364.0,0.005,2m,2.0,2.5,0.9,474.0,312.0,0.004,2m,3.5,4.0,0.9,598.0,,,,,,,,0.35000000000000003,7,COMPLETE
13,13,-0.509577810504068,2025-06-15 01:08:27.392530,2025-06-15 01:08:27.917917,0 days 00:00:00.525387,,,,,,,,,,,,,,,,,,,,,,,,,,,,,,,,,,,,,,,,,,,690,0.007,2m,3.0,2.5,1.1,454,,,,,,,,,,,,,,,,,,,,,,0.25,1,COMPLETE
14,14,1.8920483028578567,2025-06-15 01:08:27.962107,2025-06-15 01:08:30.408908,0 days 00:00:02.446801,,,,,,,,,,,,,,,650.0,0.008,2m,4.0,2.0,0.6,644.0,,,,,,,,36.0,0.005,1m,2.0,2.0,1.1,892.0,648.0,0.003,3m,1.0,2.5,1.0,542.0,448,0.01,3m,3.5,3.0,1.6,170,130.0,0.01,1m,4.0,1.5,1.3,188.0,308.0,0.005,4m,1.5,2.5,1.6,246.0,,,,,,,,0.05,6,COMPLETE
15,15,1.016306295939824,2025-06-15 01:08:30.486871,2025-06-15 01:08:31.877417,0 days 00:00:01.390546,,,,,,,,,,,,,,,,,,,,,,,,,,,,,234.0,0.003,2m,4.0,3.5,1.8,828.0,,,,,,,,188,0.004,2m,2.5,4.0,1.1,380,,,,,,,,540.0,0.002,3m,3.0,3.0,1.9000000000000001,636.0,,,,,,,,0.35000000000000003,3,COMPLETE
16,16,1.964970972956817,2025-06-15 01:08:31.943868,2025-06-15 01:08:34.597074,0 days 00:00:02.653206,,,,,,,,,,,,,,,1002.0,0.001,1m,2.0,1.5,2.0,436.0,422.0,0.009000000000000001,3m,3.0,2.5,1.4,1022.0,412.0,0.008,1m,3.0,3.5,1.4,1016.0,300.0,0.008,1m,3.5,2.5,1.7000000000000002,792.0,28,0.007,3m,4.0,2.0,1.8,22,658.0,0.004,2m,2.0,3.0,1.0,668.0,194.0,0.005,2m,2.0,2.0,1.4,374.0,,,,,,,,0.25,7,COMPLETE
17,17,2.6560200429013263,2025-06-15 01:08:34.666092,2025-06-15 01:08:35.497550,0 days 00:00:00.831458,,,,,,,,,,,,,,,,,,,,,,,,,,,,,224.0,0.008,2m,2.0,4.0,1.2000000000000002,742.0,,,,,,,,372,0.001,1m,3.5,3.5,1.4,188,,,,,,,,,,,,,,,,,,,,,,0.15000000000000002,2,COMPLETE
18,18,2.02341971688749,2025-06-15 01:08:35.556575,2025-06-15 01:08:37.110777,0 days 00:00:01.554202,,,,,,,,,,,,,,,,,,,,,,,,,,,,,132.0,0.005,1m,3.0,3.5,1.8,878.0,754.0,0.002,1m,2.0,4.0,1.1,1006.0,630,0.008,3m,3.0,1.5,1.1,142,,,,,,,,688.0,0.001,3m,3.0,4.0,1.0,158.0,,,,,,,,0.3,4,COMPLETE
19,19,4.489614206977982,2025-06-15 01:08:37.181217,2025-06-15 01:08:39.574008,0 days 00:00:02.392791,,,,,,,,,,,,,,,262.0,0.01,4m,1.0,2.5,1.1,678.0,,,,,,,,508.0,0.003,2m,2.0,2.0,1.6,442.0,210.0,0.007,3m,2.5,1.0,2.0,694.0,810,0.01,2m,2.0,3.5,1.5,410,650.0,0.007,1m,1.5,2.0,2.0,372.0,436.0,0.006,2m,3.5,1.0,1.8,690.0,,,,,,,,0.4,6,COMPLETE
20,20,2.897263808252347,2025-06-15 01:08:39.632493,2025-06-15 01:08:42.630505,0 days 00:00:02.998012,,,,,,,,,,,,,,,642.0,0.008,4m,2.0,1.5,1.6,304.0,30.0,0.003,3m,2.5,3.0,2.0,736.0,152.0,0.002,1m,4.0,2.5,1.1,660.0,432.0,0.005,2m,3.5,3.0,1.5,416.0,180,0.005,3m,4.0,2.5,1.8,550,222.0,0.002,3m,3.5,4.0,1.5,658.0,176.0,0.004,4m,2.0,3.0,1.2000000000000002,480.0,38.0,0.01,3m,4.0,4.0,1.9000000000000001,28.0,0.2,8,COMPLETE
21,21,4.120237940745708,2025-06-15 01:08:42.689425,2025-06-15 01:08:44.598332,0 days 00:00:01.908907,,,,,,,,,,,,,,,270.0,0.01,4m,1.0,3.0,1.1,674.0,,,,,,,,492.0,0.002,2m,2.0,2.0,1.6,390.0,194.0,0.007,3m,2.5,1.0,2.0,692.0,794,0.01,2m,2.0,3.5,1.5,394,,,,,,,,386.0,0.006,2m,3.5,1.0,1.8,694.0,,,,,,,,0.4,5,COMPLETE
22,22,2.805276343162837,2025-06-15 01:08:44.669175,2025-06-15 01:08:46.936429,0 days 00:00:02.267254,,,,,,,,,,,,,,,300.0,0.01,4m,1.5,2.5,0.9,954.0,,,,,,,,574.0,0.003,2m,2.0,2.0,1.8,444.0,160.0,0.008,3m,2.0,1.0,1.8,844.0,790,0.009000000000000001,2m,2.0,3.5,1.7000000000000002,580,640.0,0.007,1m,1.5,2.0,2.0,348.0,614.0,0.006,2m,4.0,2.0,1.7000000000000002,894.0,,,,,,,,0.4,6,COMPLETE
23,23,1.1160465423631958,2025-06-15 01:08:46.990262,2025-06-15 01:08:50.082564,0 days 00:00:03.092302,,,,,,,,,,,,,,,274.0,0.008,4m,1.5,2.0,1.3,568.0,812.0,0.008,1m,4.0,2.0,1.2000000000000002,322.0,330.0,0.001,2m,2.5,1.5,1.5,272.0,368.0,0.006,3m,3.5,2.0,2.0,648.0,522,0.01,2m,2.5,3.0,2.0,322,642.0,0.009000000000000001,1m,1.5,2.0,1.9000000000000001,312.0,438.0,0.004,2m,3.0,1.0,1.4,686.0,1024.0,0.006,2m,1.0,2.5,1.3,998.0,0.4,8,COMPLETE
24,24,5.5727856584354205,2025-06-15 01:08:50.126556,2025-06-15 01:08:52.491360,0 days 00:00:02.364804,,,,,,,,,,,,,,,528.0,0.004,4m,1.0,3.0,0.9,800.0,,,,,,,,700.0,0.004,2m,1.5,1.5,1.7000000000000002,270.0,172.0,0.008,4m,2.5,3.0,1.5,434.0,838,0.007,2m,1.5,4.0,1.4,438,480.0,0.006,1m,2.0,3.0,1.6,536.0,192.0,0.006,2m,3.5,2.5,0.8,410.0,,,,,,,,0.3,6,COMPLETE
25,25,4.456911615960084,2025-06-15 01:08:52.580985,2025-06-15 01:08:54.137792,0 days 00:00:01.556807,,,,,,,,,,,,,,,,,,,,,,,,,,,,,744.0,0.006,2m,1.0,1.0,2.0,84.0,102.0,0.009000000000000001,4m,1.5,3.0,1.4,400.0,298,0.007,2m,1.0,4.0,1.2000000000000002,230,,,,,,,,188.0,0.007,3m,4.0,2.5,0.8,372.0,,,,,,,,0.3,4,COMPLETE
26,26,2.5639017607358245,2025-06-15 01:08:54.201029,2025-06-15 01:08:58.303872,0 days 00:00:04.102843,1016.0,0.005,2m,1.0,1.0,1.5,998.0,942.0,0.002,2m,1.0,4.0,2.0,996.0,782.0,0.004,1m,2.5,3.0,0.8,790.0,292.0,0.004,2m,1.0,4.0,0.7,364.0,648.0,0.009000000000000001,2m,1.5,1.5,1.7000000000000002,232.0,328.0,0.008,4m,3.0,3.5,1.1,466.0,444,0.008,4m,1.5,2.0,0.9,122,408.0,0.005,2m,2.5,3.0,1.6,608.0,130.0,0.01,2m,3.0,3.0,0.5,452.0,938.0,0.01,4m,4.0,2.5,2.0,78.0,0.25,10,COMPLETE
27,27,1.8915687813907067,2025-06-15 01:08:58.351134,2025-06-15 01:09:01.352348,0 days 00:00:03.001214,,,,,,,,,,,,,,,544.0,0.004,3m,1.5,3.0,0.5,878.0,452.0,0.001,3m,2.0,3.0,1.3,764.0,426.0,0.004,1m,3.0,3.0,1.9000000000000001,928.0,540.0,0.004,4m,1.5,2.5,1.5,36.0,200,0.007,1m,3.5,2.5,1.4,484,240.0,0.004,2m,2.0,3.0,1.1,874.0,886.0,0.005,2m,2.0,3.5,0.8,284.0,,,,,,,,0.15000000000000002,7,COMPLETE
28,28,3.163457225809875,2025-06-15 01:09:01.406220,2025-06-15 01:09:02.205239,0 days 00:00:00.799019,,,,,,,,,,,,,,,,,,,,,,,,,,,,,116.0,0.004,4m,1.0,4.0,1.9000000000000001,816.0,,,,,,,,898,0.005,2m,1.0,4.0,1.0,610,,,,,,,,,,,,,,,,,,,,,,0.1,2,COMPLETE
29,29,4.560000541460534,2025-06-15 01:09:02.262728,2025-06-15 01:09:05.849795,0 days 00:00:03.587067,30.0,0.009000000000000001,1m,1.0,4.0,0.5,42.0,,,,,,,,508.0,0.001,2m,2.0,1.5,1.4,490.0,302.0,0.006,3m,3.0,2.0,1.0,382.0,264.0,0.006,3m,1.5,3.5,1.7000000000000002,146.0,758.0,0.009000000000000001,1m,3.5,3.0,1.7000000000000002,332.0,376,0.009000000000000001,3m,2.5,1.5,1.2000000000000002,314,496.0,0.006,1m,3.0,3.5,1.4,526.0,262.0,0.003,3m,3.5,2.5,1.0,554.0,50.0,0.003,3m,1.0,3.0,0.9,720.0,0.3,9,COMPLETE
30,30,4.664665878043357,2025-06-15 01:09:05.910767,2025-06-15 01:09:06.825416,0 days 00:00:00.914649,,,,,,,,,,,,,,,,,,,,,,,,,,,,,760.0,0.002,2m,3.5,1.0,1.4,344.0,,,,,,,,120,0.008,3m,3.0,1.0,1.4,516,,,,,,,,,,,,,,,,,,,,,,0.35000000000000003,2,COMPLETE
31,31,-0.6413079459769078,2025-06-15 01:09:06.888483,2025-06-15 01:09:07.833331,0 days 00:00:00.944848,,,,,,,,,,,,,,,,,,,,,,,,,,,,,788.0,0.002,2m,3.5,1.0,1.4,316.0,,,,,,,,134,0.008,3m,3.0,1.0,1.4,500,,,,,,,,,,,,,,,,,,,,,,0.35000000000000003,2,COMPLETE
32,32,4.220631072825287,2025-06-15 01:09:07.895338,2025-06-15 01:09:09.223794,0 days 00:00:01.328456,,,,,,,,,,,,,,,,,,,,,,,,,,,,,668.0,0.002,2m,3.0,1.5,1.3,330.0,,,,,,,,306,0.008,3m,3.5,1.0,1.3,518,,,,,,,,100.0,0.001,4m,4.0,2.5,1.2000000000000002,424.0,,,,,,,,0.5,3,COMPLETE
33,33,0.8382420385794186,2025-06-15 01:09:09.278094,2025-06-15 01:09:10.866876,0 days 00:00:01.588782,,,,,,,,,,,,,,,,,,,,,,,,,,,,,944.0,0.001,2m,3.5,1.0,1.5,158.0,126.0,0.006,4m,2.5,2.0,0.6,518.0,248,0.009000000000000001,3m,3.0,1.5,1.3,436,,,,,,,,468.0,0.003,1m,3.0,3.0,0.7,540.0,,,,,,,,0.25,4,COMPLETE
34,34,5.321366841379166,2025-06-15 01:09:10.933604,2025-06-15 01:09:13.017781,0 days 00:00:02.084177,,,,,,,,,,,,,,,578.0,0.005,4m,3.0,4.0,1.0,354.0,,,,,,,,766.0,0.004,3m,4.0,3.0,1.8,346.0,436.0,0.007,1m,1.0,3.5,1.2000000000000002,602.0,114,0.009000000000000001,4m,2.5,1.0,1.8,362,,,,,,,,248.0,0.006,2m,3.5,2.0,1.0,170.0,,,,,,,,0.2,5,COMPLETE
35,35,6.035778681134362,2025-06-15 01:09:13.081174,2025-06-15 01:09:15.216770,0 days 00:00:02.135596,,,,,,,,,,,,,,,562.0,0.005,4m,3.0,4.0,1.0,340.0,,,,,,,,892.0,0.005,3m,4.0,3.0,1.8,560.0,414.0,0.007,1m,1.0,3.5,1.2000000000000002,606.0,36,0.009000000000000001,4m,1.5,2.0,1.9000000000000001,350,,,,,,,,238.0,0.006,2m,3.5,2.0,1.0,156.0,,,,,,,,0.2,5,COMPLETE
36,36,8.767585150271879,2025-06-15 01:09:15.286330,2025-06-15 01:09:17.243637,0 days 00:00:01.957307,,,,,,,,,,,,,,,422.0,0.005,4m,3.0,4.0,0.9,368.0,,,,,,,,912.0,0.005,3m,4.0,3.0,0.5,522.0,464.0,0.008,1m,1.0,3.5,1.0,596.0,1024,0.009000000000000001,4m,1.5,2.0,1.9000000000000001,360,,,,,,,,242.0,0.006,2m,3.5,2.0,1.0,58.0,,,,,,,,0.2,5,COMPLETE
37,37,4.714819869958117,2025-06-15 01:09:17.303898,2025-06-15 01:09:19.450530,0 days 00:00:02.146632,,,,,,,,,,,,,,,418.0,0.005,4m,3.5,3.5,0.8,560.0,,,,,,,,1016.0,0.005,3m,4.0,3.0,0.5,552.0,526.0,0.008,1m,1.0,4.0,0.9,510.0,1018,0.002,4m,1.5,2.0,1.9000000000000001,278,,,,,,,,234.0,0.007,2m,3.0,1.5,0.9,50.0,,,,,,,,0.2,5,COMPLETE
38,38,3.2504727869280554,2025-06-15 01:09:19.533161,2025-06-15 01:09:21.925289,0 days 00:00:02.392128,,,,,,,,,,,,,,,352.0,0.003,4m,3.5,4.0,0.7,158.0,,,,,,,,938.0,0.006,3m,4.0,2.5,0.5,650.0,682.0,0.009000000000000001,1m,1.5,3.5,0.8,372.0,870,0.006,4m,1.0,2.0,1.9000000000000001,346,790.0,0.008,4m,4.0,1.0,0.7,998.0,620.0,0.005,2m,2.5,2.0,0.7,126.0,,,,,,,,0.15000000000000002,6,COMPLETE
39,39,5.612178313980589,2025-06-15 01:09:22.007360,2025-06-15 01:09:24.109078,0 days 00:00:02.101718,,,,,,,,,,,,,,,762.0,0.004,4m,3.0,3.5,0.9,412.0,,,,,,,,874.0,0.007,3m,4.0,2.5,0.9,498.0,374.0,0.01,4m,1.0,4.0,1.2000000000000002,450.0,726,0.007,4m,1.5,1.5,1.7000000000000002,226,,,,,,,,360.0,0.007,1m,3.5,2.5,1.1,86.0,,,,,,,,0.25,5,COMPLETE
40,40,6.349109708425403,2025-06-15 01:09:24.168115,2025-06-15 01:09:25.944120,0 days 00:00:01.776005,,,,,,,,,,,,,,,,,,,,,,,,,,,,,892.0,0.008,3m,4.0,2.5,0.9,492.0,356.0,0.01,2m,1.0,4.0,0.7,302.0,744,0.008,4m,1.5,2.0,2.0,230,,,,,,,,378.0,0.007,1m,3.0,1.5,1.1,100.0,,,,,,,,0.1,4,COMPLETE
41,41,5.742006939115172,2025-06-15 01:09:26.026410,2025-06-15 01:09:27.680832,0 days 00:00:01.654422,,,,,,,,,,,,,,,,,,,,,,,,,,,,,894.0,0.008,3m,4.0,2.5,0.9,492.0,376.0,0.01,2m,1.0,4.0,0.7,162.0,734,0.009000000000000001,4m,1.5,2.0,2.0,228,,,,,,,,352.0,0.007,1m,3.0,1.5,1.1,86.0,,,,,,,,0.1,4,COMPLETE
42,42,3.589816724984322,2025-06-15 01:09:27.755621,2025-06-15 01:09:28.960039,0 days 00:00:01.204418,,,,,,,,,,,,,,,,,,,,,,,,,,,,,928.0,0.009000000000000001,3m,4.0,3.0,0.6,590.0,,,,,,,,934,0.009000000000000001,4m,1.5,2.0,2.0,274,,,,,,,,392.0,0.008,1m,3.0,1.5,1.1,214.0,,,,,,,,0.1,3,COMPLETE
43,43,1.7561034578309038,2025-06-15 01:09:29.032911,2025-06-15 01:09:30.831738,0 days 00:00:01.798827,,,,,,,,,,,,,,,,,,,,,,,,,,,,,830.0,0.009000000000000001,3m,3.5,2.5,0.8,462.0,480.0,0.01,2m,1.0,4.0,0.7,148.0,730,0.008,4m,1.0,2.0,1.9000000000000001,212,,,,,,,,292.0,0.007,1m,2.5,1.5,1.2000000000000002,94.0,,,,,,,,0.05,4,COMPLETE
44,44,-0.27233982470366164,2025-06-15 01:09:30.891326,2025-06-15 01:09:32.538208,0 days 00:00:01.646882,,,,,,,,,,,,,,,,,,,,,,,,,,,,,1020.0,0.008,3m,3.5,3.0,0.9,544.0,286.0,0.01,2m,1.5,3.5,0.9,312.0,574,0.01,4m,2.0,2.5,2.0,302,,,,,,,,518.0,0.008,1m,2.5,1.5,0.9,192.0,,,,,,,,0.1,4,COMPLETE
45,45,2.328910099712143,2025-06-15 01:09:32.592267,2025-06-15 01:09:33.947030,0 days 00:00:01.354763,,,,,,,,,,,,,,,,,,,,,,,,,,,,,878.0,0.007,3m,4.0,2.5,0.7,618.0,,,,,,,,566,0.009000000000000001,4m,1.5,1.5,1.8,114,,,,,,,,340.0,0.009000000000000001,1m,3.0,2.0,1.3,324.0,,,,,,,,0.1,3,COMPLETE
46,46,-1.0816616193165338,2025-06-15 01:09:34.028290,2025-06-15 01:09:35.578943,0 days 00:00:01.550653,,,,,,,,,,,,,,,,,,,,,,,,,,,,,874.0,0.009000000000000001,3m,3.5,3.0,1.0,720.0,580.0,0.009000000000000001,2m,1.0,4.0,0.7,128.0,640,0.009000000000000001,4m,2.0,2.5,1.7000000000000002,172,,,,,,,,858.0,0.007,1m,3.0,2.0,1.1,16.0,,,,,,,,0.15000000000000002,4,COMPLETE
47,47,2.0209415781017115,2025-06-15 01:09:35.650739,2025-06-15 01:09:37.602766,0 days 00:00:01.952027,,,,,,,,,,,,,,,194.0,0.002,3m,4.0,4.0,1.7000000000000002,18.0,,,,,,,,962.0,0.01,3m,4.0,2.5,0.6,484.0,358.0,0.01,2m,1.5,3.5,0.5,178.0,486,0.01,4m,1.0,2.0,0.5,256,,,,,,,,462.0,0.006,1m,2.5,1.5,1.0,106.0,,,,,,,,0.2,5,COMPLETE
48,48,-0.6185208630410205,2025-06-15 01:09:37.675209,2025-06-15 01:09:39.246494,0 days 00:00:01.571285,,,,,,,,,,,,,,,,,,,,,,,,,,,,,816.0,0.008,4m,3.5,3.0,1.1,400.0,,,,,,,,1024,0.008,4m,1.5,1.5,1.9000000000000001,350,,,,,,,,96.0,0.008,1m,1.0,1.5,1.3,138.0,,,,,,,,0.05,3,COMPLETE
49,49,-3.894448318754572,2025-06-15 01:09:39.300391,2025-06-15 01:09:42.798800,0 days 00:00:03.498409,,,,,,,,,,,,,,,866.0,0.007,1m,2.5,3.5,1.2000000000000002,126.0,,,,,,,,918.0,0.006,3m,4.0,3.0,1.2000000000000002,686.0,460.0,0.009000000000000001,2m,1.0,4.0,0.8,190.0,26,0.009000000000000001,4m,1.5,2.0,2.0,722,,,,,,,,960.0,0.007,3m,3.5,2.0,1.1,56.0,,,,,,,,0.15000000000000002,5,COMPLETE
50,50,8.375137107700683,2025-06-15 01:09:42.903486,2025-06-15 01:09:46.083281,0 days 00:00:03.179795,,,,,,,,,,,,,,,,,,,,,,,,,,,,,904.0,0.005,3m,4.0,3.5,0.7,542.0,244.0,0.01,2m,1.5,3.5,1.0,56.0,758,0.01,1m,2.0,2.5,1.9000000000000001,56,,,,,,,,742.0,0.005,4m,2.0,1.0,0.9,236.0,,,,,,,,0.1,4,COMPLETE
51,51,4.99279927150572,2025-06-15 01:09:46.197222,2025-06-15 01:09:48.854294,0 days 00:00:02.657072,,,,,,,,,,,,,,,,,,,,,,,,,,,,,986.0,0.005,3m,4.0,3.5,0.7,538.0,270.0,0.01,2m,1.0,3.5,1.0,62.0,698,0.01,1m,2.0,2.5,1.9000000000000001,72,,,,,,,,910.0,0.005,4m,2.0,1.0,0.9,200.0,,,,,,,,0.1,4,COMPLETE
52,52,1.391953943479664,2025-06-15 01:09:48.912736,2025-06-15 01:09:50.178120,0 days 00:00:01.265384,,,,,,,,,,,,,,,,,,,,,,,,,,,,,884.0,0.005,3m,4.0,3.5,0.6,406.0,,,,,,,,758,0.01,1m,1.5,2.0,1.8,50,,,,,,,,810.0,0.006,4m,1.5,1.0,1.0,266.0,,,,,,,,0.1,3,COMPLETE
53,53,0.635590028619639,2025-06-15 01:09:50.240055,2025-06-15 01:09:51.863409,0 days 00:00:01.623354,,,,,,,,,,,,,,,,,,,,,,,,,,,,,826.0,0.007,3m,4.0,2.5,0.9,616.0,392.0,0.01,2m,1.5,3.5,0.7,64.0,602,0.009000000000000001,1m,2.0,2.5,2.0,188,,,,,,,,730.0,0.005,4m,2.0,1.5,0.9,74.0,,,,,,,,0.05,4,COMPLETE
54,54,0.4502544807949159,2025-06-15 01:09:51.933927,2025-06-15 01:09:54.040162,0 days 00:00:02.106235,,,,,,,,,,,,,,,192.0,0.006,2m,3.5,4.0,0.5,210.0,,,,,,,,910.0,0.008,1m,3.5,3.0,0.7,510.0,500.0,0.009000000000000001,2m,1.0,4.0,1.0,272.0,666,0.009000000000000001,1m,1.5,2.0,1.7000000000000002,18,,,,,,,,1020.0,0.004,4m,2.5,1.0,1.2000000000000002,16.0,,,,,,,,0.2,5,COMPLETE
55,55,-1.2993666844504064,2025-06-15 01:09:54.119880,2025-06-15 01:09:55.732595,0 days 00:00:01.612715,,,,,,,,,,,,,,,,,,,,,,,,,,,,,980.0,0.005,3m,4.0,2.0,0.5,564.0,226.0,0.01,2m,2.0,3.5,0.9,206.0,900,0.01,4m,2.0,1.5,1.9000000000000001,394,,,,,,,,282.0,0.008,3m,2.0,2.0,1.1,228.0,,,,,,,,0.15000000000000002,4,COMPLETE
56,56,-1.1357277345499885,2025-06-15 01:09:55.794659,2025-06-15 01:09:57.088844,0 days 00:00:01.294185,,,,,,,,,,,,,,,,,,,,,,,,,,,,,712.0,0.006,3m,3.5,3.5,0.8,432.0,,,,,,,,956,0.01,4m,1.0,2.5,1.8,150,,,,,,,,778.0,0.006,1m,2.5,1.5,1.0,148.0,,,,,,,,0.05,3,COMPLETE
57,57,-0.4041427009303846,2025-06-15 01:09:57.152234,2025-06-15 01:09:59.325124,0 days 00:00:02.172890,,,,,,,,,,,,,,,144.0,0.005,3m,4.0,4.0,1.4,376.0,,,,,,,,590.0,0.007,1m,4.0,2.5,0.6,480.0,326.0,0.009000000000000001,2m,1.5,4.0,0.6,16.0,844,0.003,1m,1.5,2.0,2.0,294,,,,,,,,686.0,0.005,4m,3.0,1.0,0.7,310.0,,,,,,,,0.1,5,COMPLETE
58,58,1.0676080250546414,2025-06-15 01:09:59.374308,2025-06-15 01:10:01.814949,0 days 00:00:02.440641,,,,,,,,,,,,,,,360.0,0.002,2m,3.0,4.0,0.7,230.0,,,,,,,,796.0,0.01,4m,3.0,3.5,1.0,786.0,264.0,0.008,1m,1.0,3.0,1.1,584.0,384,0.009000000000000001,4m,2.0,1.5,1.6,978,844.0,0.001,3m,3.5,1.5,0.6,62.0,326.0,0.007,3m,1.5,2.0,1.3,494.0,,,,,,,,0.15000000000000002,6,COMPLETE
59,59,-0.686482265758685,2025-06-15 01:10:01.911289,2025-06-15 01:10:02.461068,0 days 00:00:00.549779,,,,,,,,,,,,,,,,,,,,,,,,,,,,,,,,,,,,,,,,,,,482,0.008,4m,2.0,3.0,1.9000000000000001,204,,,,,,,,,,,,,,,,,,,,,,0.2,1,COMPLETE
60,60,-1.1330301884900427,2025-06-15 01:10:02.522793,2025-06-15 01:10:04.207974,0 days 00:00:01.685181,,,,,,,,,,,,,,,,,,,,,,,,,,,,,74.0,0.009000000000000001,3m,4.0,2.5,1.0,642.0,400.0,0.006,1m,1.0,3.5,0.8,94.0,776,0.008,1m,2.5,1.5,1.7000000000000002,100,,,,,,,,522.0,0.006,1m,3.5,1.0,0.9,602.0,,,,,,,,0.15000000000000002,4,COMPLETE
61,61,2.9819218736037665,2025-06-15 01:10:04.267864,2025-06-15 01:10:06.330722,0 days 00:00:02.062858,,,,,,,,,,,,,,,756.0,0.004,4m,3.0,3.5,1.0,394.0,,,,,,,,874.0,0.008,3m,4.0,2.5,0.9,510.0,350.0,0.01,2m,1.0,4.0,1.2000000000000002,248.0,726,0.007,4m,1.5,1.5,2.0,148,,,,,,,,398.0,0.007,1m,3.5,2.5,1.1,88.0,,,,,,,,0.25,5,COMPLETE
62,62,8.453706664964875,2025-06-15 01:10:06.408314,2025-06-15 01:10:08.433465,0 days 00:00:02.025151,,,,,,,,,,,,,,,844.0,0.005,4m,2.5,3.5,1.0,550.0,,,,,,,,872.0,0.007,3m,4.0,2.5,0.8,494.0,402.0,0.01,4m,1.5,4.0,1.3,572.0,750,0.009000000000000001,4m,1.5,2.0,1.8,228,,,,,,,,228.0,0.007,1m,3.5,3.5,1.1,118.0,,,,,,,,0.3,5,COMPLETE
63,63,1.3098838576539606,2025-06-15 01:10:08.481233,2025-06-15 01:10:10.983446,0 days 00:00:02.502213,,,,,,,,,,,,,,,1016.0,0.007,4m,2.5,3.5,1.1,520.0,,,,,,,,856.0,0.007,3m,4.0,2.0,0.8,590.0,556.0,0.009000000000000001,1m,2.0,4.0,1.3,618.0,824,0.009000000000000001,4m,1.5,2.0,1.8,264,38.0,0.01,4m,3.0,3.5,0.8,786.0,218.0,0.006,1m,4.0,4.0,1.0,174.0,,,,,,,,0.3,6,COMPLETE
64,64,4.451232282093204,2025-06-15 01:10:11.054134,2025-06-15 01:10:12.647255,0 days 00:00:01.593121,,,,,,,,,,,,,,,,,,,,,,,,,,,,,900.0,0.008,3m,3.5,4.0,0.7,420.0,408.0,0.005,2m,1.5,4.0,1.4,758.0,666,0.01,4m,1.0,2.5,1.9000000000000001,464,,,,,,,,140.0,0.009000000000000001,1m,3.5,3.5,1.2000000000000002,124.0,,,,,,,,0.35000000000000003,4,COMPLETE
65,65,4.902900205994792,2025-06-15 01:10:12.716786,2025-06-15 01:10:14.747689,0 days 00:00:02.030903,,,,,,,,,,,,,,,930.0,0.006,4m,2.5,4.0,1.0,614.0,,,,,,,,994.0,0.005,1m,2.5,3.0,2.0,368.0,490.0,0.01,1m,1.5,3.5,1.3,558.0,986,0.01,4m,4.0,2.0,2.0,416,,,,,,,,274.0,0.008,2m,3.0,3.5,0.8,62.0,,,,,,,,0.3,5,COMPLETE
66,66,-1.810832791929117,2025-06-15 01:10:14.829350,2025-06-15 01:10:17.110273,0 days 00:00:02.280923,,,,,,,,,,,,,,,832.0,0.003,1m,3.5,3.0,0.8,486.0,,,,,,,,834.0,0.009000000000000001,3m,4.0,3.0,0.8,460.0,616.0,0.008,2m,1.0,4.0,1.1,658.0,408,0.008,2m,1.5,2.0,1.8,328,1016.0,0.003,3m,3.5,1.5,1.1,158.0,226.0,0.007,3m,3.5,3.5,1.0,246.0,,,,,,,,0.25,6,COMPLETE
67,67,3.997444281889899,2025-06-15 01:10:17.189207,2025-06-15 01:10:18.144631,0 days 00:00:00.955424,,,,,,,,,,,,,,,,,,,,,,,,,,,,,730.0,0.006,3m,3.5,2.0,1.9000000000000001,526.0,,,,,,,,760,0.009000000000000001,4m,2.0,2.5,2.0,244,,,,,,,,,,,,,,,,,,,,,,0.3,2,COMPLETE
68,68,-2.273100312536092,2025-06-15 01:10:18.214800,2025-06-15 01:10:19.425161,0 days 00:00:01.210361,,,,,,,,,,,,,,,,,,,,,,,,,,,,,294.0,0.004,1m,4.0,2.5,0.7,698.0,,,,,,,,334,0.009000000000000001,2m,1.0,2.0,1.9000000000000001,374,,,,,,,,976.0,0.005,2m,4.0,3.0,1.1,776.0,,,,,,,,0.1,3,COMPLETE
69,69,2.6153465273590824,2025-06-15 01:10:19.468270,2025-06-15 01:10:21.175081,0 days 00:00:01.706811,,,,,,,,,,,,,,,,,,,,,,,,,,,,,446.0,0.008,3m,3.5,3.5,1.0,986.0,330.0,0.009000000000000001,4m,2.0,4.0,1.0,700.0,252,0.008,4m,1.5,2.5,1.6,324,,,,,,,,364.0,0.006,4m,3.0,1.5,1.2000000000000002,122.0,,,,,,,,0.45,4,COMPLETE
70,70,5.425890440284668,2025-06-15 01:10:21.255282,2025-06-15 01:10:23.381634,0 days 00:00:02.126352,,,,,,,,,,,,,,,468.0,0.005,3m,2.5,3.5,0.6,280.0,,,,,,,,954.0,0.007,4m,4.0,2.5,0.6,578.0,446.0,0.007,1m,1.0,3.5,0.6,484.0,904,0.01,1m,1.5,3.0,1.8,204,,,,,,,,574.0,0.006,1m,3.5,3.0,0.9,150.0,,,,,,,,0.35000000000000003,5,COMPLETE
71,71,1.3712972853456153,2025-06-15 01:10:23.458502,2025-06-15 01:10:25.627403,0 days 00:00:02.168901,,,,,,,,,,,,,,,670.0,0.004,4m,3.0,3.5,1.0,432.0,,,,,,,,792.0,0.007,3m,4.0,2.5,0.9,494.0,382.0,0.01,4m,1.0,4.0,1.2000000000000002,554.0,718,0.007,4m,1.5,1.5,1.7000000000000002,220,,,,,,,,358.0,0.007,1m,3.5,2.5,1.1,90.0,,,,,,,,0.25,5,COMPLETE
72,72,4.807790015061201,2025-06-15 01:10:25.698503,2025-06-15 01:10:27.942442,0 days 00:00:02.243939,,,,,,,,,,,,,,,936.0,0.006,4m,3.0,3.5,0.9,392.0,,,,,,,,924.0,0.006,3m,4.0,3.0,0.9,464.0,238.0,0.01,4m,1.0,4.0,1.4,458.0,860,0.008,4m,1.5,1.5,1.9000000000000001,236,,,,,,,,410.0,0.007,1m,3.5,2.5,1.0,36.0,,,,,,,,0.25,5,COMPLETE
73,73,6.246304015670887,2025-06-15 01:10:28.001903,2025-06-15 01:10:29.851121,0 days 00:00:01.849218,,,,,,,,,,,,,,,,,,,,,,,,,,,,,864.0,0.005,3m,4.0,2.5,0.8,514.0,302.0,0.01,4m,1.5,3.5,1.2000000000000002,352.0,804,0.006,4m,1.5,2.0,1.9000000000000001,160,,,,,,,,320.0,0.007,1m,4.0,2.0,1.2000000000000002,174.0,,,,,,,,0.2,4,COMPLETE
74,74,6.875876291342151,2025-06-15 01:10:29.939593,2025-06-15 01:10:31.600751,0 days 00:00:01.661158,,,,,,,,,,,,,,,,,,,,,,,,,,,,,840.0,0.005,3m,4.0,2.0,0.8,372.0,306.0,0.01,4m,1.5,3.5,0.9,296.0,806,0.004,4m,2.0,2.0,1.9000000000000001,128,,,,,,,,310.0,0.006,2m,4.0,2.0,1.3,182.0,,,,,,,,0.2,4,COMPLETE
75,75,6.7181942152584275,2025-06-15 01:10:31.669810,2025-06-15 01:10:33.549896,0 days 00:00:01.880086,,,,,,,,,,,,,,,,,,,,,,,,,,,,,856.0,0.005,3m,4.0,2.0,0.8,280.0,282.0,0.009000000000000001,4m,1.5,3.0,1.0,360.0,802,0.004,4m,2.5,2.0,1.8,88,,,,,,,,174.0,0.004,2m,4.0,2.0,1.4,176.0,,,,,,,,0.2,4,COMPLETE
76,76,1.3157728015823662,2025-06-15 01:10:33.616599,2025-06-15 01:10:34.915271,0 days 00:00:01.298672,,,,,,,,,,,,,,,,,,,,,,,,,,,,,852.0,0.004,1m,4.0,2.0,0.8,284.0,,,,,,,,812,0.004,2m,2.5,2.0,1.8,70,,,,,,,,156.0,0.004,2m,4.0,2.0,1.4,186.0,,,,,,,,0.2,3,COMPLETE
77,77,4.566474521502341,2025-06-15 01:10:34.975626,2025-06-15 01:10:36.846916,0 days 00:00:01.871290,,,,,,,,,,,,,,,,,,,,,,,,,,,,,664.0,0.005,3m,3.5,2.0,0.7,216.0,30.0,0.009000000000000001,4m,1.5,3.0,0.9,344.0,798,0.005,4m,2.5,2.5,1.7000000000000002,130,,,,,,,,112.0,0.004,2m,4.0,2.0,1.6,218.0,,,,,,,,0.2,4,COMPLETE
78,78,-0.8498297800951777,2025-06-15 01:10:36.925711,2025-06-15 01:10:38.620612,0 days 00:00:01.694901,,,,,,,,,,,,,,,,,,,,,,,,,,,,,770.0,0.004,3m,2.5,2.0,0.8,26.0,306.0,0.009000000000000001,4m,2.0,2.5,1.0,280.0,928,0.003,4m,2.0,2.0,1.5,98,,,,,,,,316.0,0.003,2m,4.0,2.0,1.5,992.0,,,,,,,,0.3,4,COMPLETE
79,79,5.012901162997946,2025-06-15 01:10:38.676190,2025-06-15 01:10:39.947620,0 days 00:00:01.271430,,,,,,,,,,,,,,,,,,,,,,,,,,,,,800.0,0.005,3m,3.5,1.5,0.5,362.0,,,,,,,,882,0.004,2m,2.5,2.0,1.9000000000000001,172,,,,,,,,50.0,0.005,2m,4.0,4.0,1.4,278.0,,,,,,,,0.25,3,COMPLETE
80,80,2.656945850609382,2025-06-15 01:10:40.019881,2025-06-15 01:10:41.403114,0 days 00:00:01.383233,,,,,,,,,,,,,,,,,,,,,,,,,,,,,376.0,0.006,3m,4.0,2.0,0.8,310.0,,,,,,,,762,0.003,4m,2.0,1.5,1.8,54,,,,,,,,202.0,0.005,3m,4.0,3.5,1.5,654.0,,,,,,,,0.2,3,COMPLETE
81,81,4.5905525662949795,2025-06-15 01:10:41.465306,2025-06-15 01:10:43.259406,0 days 00:00:01.794100,,,,,,,,,,,,,,,,,,,,,,,,,,,,,852.0,0.005,3m,4.0,3.0,0.7,866.0,190.0,0.008,4m,1.5,3.0,1.1,386.0,830,0.005,4m,1.5,2.0,1.9000000000000001,1018,,,,,,,,162.0,0.006,2m,4.0,2.0,1.3,172.0,,,,,,,,0.2,4,COMPLETE
82,82,1.228982466176461,2025-06-15 01:10:43.307136,2025-06-15 01:10:46.528049,0 days 00:00:03.220913,,,,,,,,,,,,,,,,,,,,,,,,,,,,,952.0,0.005,3m,4.0,2.5,0.6,230.0,308.0,0.01,4m,1.5,3.5,1.1,306.0,606,0.006,4m,2.0,2.0,1.9000000000000001,154,,,,,,,,250.0,0.006,2m,4.0,2.0,1.2000000000000002,244.0,,,,,,,,0.25,4,COMPLETE
83,83,2.8996640041439226,2025-06-15 01:10:46.621912,2025-06-15 01:10:50.433573,0 days 00:00:03.811661,,,,,,,,,,,,,,,724.0,0.007,4m,3.5,4.0,1.2000000000000002,108.0,,,,,,,,910.0,0.004,3m,4.0,2.0,1.1,932.0,236.0,0.009000000000000001,4m,1.5,3.0,1.3,626.0,678,0.002,4m,3.0,2.0,2.0,82,,,,,,,,312.0,0.006,2m,4.0,2.0,1.3,332.0,,,,,,,,0.15000000000000002,5,COMPLETE
84,84,-0.7330456379751127,2025-06-15 01:10:50.539176,2025-06-15 01:10:53.807073,0 days 00:00:03.267897,,,,,,,,,,,,,,,596.0,0.002,1m,2.5,4.0,0.7,266.0,,,,,,,,852.0,0.005,3m,4.0,3.0,1.9000000000000001,558.0,420.0,0.001,4m,1.5,3.5,1.0,228.0,216,0.004,4m,1.0,2.0,1.8,116,776.0,0.002,3m,4.0,1.0,0.5,786.0,266.0,0.005,2m,4.0,2.5,1.4,124.0,,,,,,,,0.2,6,COMPLETE
85,85,6.021647972234019,2025-06-15 01:10:53.879754,2025-06-15 01:10:55.532650,0 days 00:00:01.652896,,,,,,,,,,,,,,,,,,,,,,,,,,,,,814.0,0.006,3m,4.0,2.5,0.7,186.0,280.0,0.01,4m,2.0,3.5,0.9,364.0,704,0.005,4m,2.5,2.0,0.8,294,,,,,,,,204.0,0.004,2m,3.5,2.0,1.2000000000000002,572.0,,,,,,,,0.2,4,COMPLETE
86,86,6.551660861024645,2025-06-15 01:10:55.593202,2025-06-15 01:10:57.453848,0 days 00:00:01.860646,,,,,,,,,,,,,,,,,,,,,,,,,,,,,966.0,0.005,1m,4.0,3.5,1.2000000000000002,292.0,894.0,0.009000000000000001,3m,1.5,3.0,1.2000000000000002,496.0,784,0.006,4m,1.5,2.5,1.9000000000000001,38,,,,,,,,178.0,0.008,2m,4.0,1.5,0.8,164.0,,,,,,,,0.15000000000000002,4,COMPLETE
87,87,2.176505685653141,2025-06-15 01:10:57.509640,2025-06-15 01:10:58.399803,0 days 00:00:00.890163,,,,,,,,,,,,,,,,,,,,,,,,,,,,,196.0,0.003,1m,4.0,4.0,1.2000000000000002,366.0,,,,,,,,784,0.006,1m,3.5,2.5,2.0,22,,,,,,,,,,,,,,,,,,,,,,0.15000000000000002,2,COMPLETE
88,88,-0.39520604421989436,2025-06-15 01:10:58.461041,2025-06-15 01:10:59.804908,0 days 00:00:01.343867,,,,,,,,,,,,,,,,,,,,,,,,,,,,,16.0,0.004,1m,3.0,3.5,1.3,294.0,,,,,,,,854,0.006,4m,2.0,2.5,1.8,36,,,,,,,,84.0,0.008,2m,4.0,1.5,0.8,194.0,,,,,,,,0.15000000000000002,3,COMPLETE
89,89,-1.2015340658606515,2025-06-15 01:10:59.893843,2025-06-15 01:11:01.670609,0 days 00:00:01.776766,,,,,,,,,,,,,,,,,,,,,,,,,,,,,1020.0,0.005,1m,4.0,3.5,1.1,264.0,882.0,0.009000000000000001,3m,2.0,2.5,1.4,490.0,758,0.004,2m,3.0,3.0,1.9000000000000001,192,,,,,,,,180.0,0.009000000000000001,4m,4.0,1.5,0.6,354.0,,,,,,,,0.15000000000000002,4,COMPLETE
90,90,5.333018682434716,2025-06-15 01:11:01.737965,2025-06-15 01:11:02.997708,0 days 00:00:01.259743,,,,,,,,,,,,,,,,,,,,,,,,,,,,,554.0,0.006,1m,3.5,1.5,1.5,382.0,,,,,,,,812,0.005,4m,2.0,2.5,2.0,100,,,,,,,,124.0,0.008,3m,2.0,2.5,1.5,108.0,,,,,,,,0.1,3,COMPLETE
91,91,1.9255867919792233,2025-06-15 01:11:03.054704,2025-06-15 01:11:05.246495,0 days 00:00:02.191791,,,,,,,,,,,,,,,382.0,0.006,2m,2.0,2.5,1.4,352.0,,,,,,,,976.0,0.005,3m,4.0,4.0,0.8,618.0,882.0,0.008,3m,1.5,3.0,1.2000000000000002,578.0,746,0.003,4m,1.5,2.0,1.9000000000000001,128,,,,,,,,298.0,0.007,2m,4.0,2.0,1.0,168.0,,,,,,,,0.2,5,COMPLETE
92,92,4.17216505963366,2025-06-15 01:11:05.320272,2025-06-15 01:11:07.045591,0 days 00:00:01.725319,,,,,,,,,,,,,,,,,,,,,,,,,,,,,930.0,0.005,4m,4.0,3.5,1.7000000000000002,444.0,340.0,0.01,3m,1.5,3.5,1.2000000000000002,416.0,788,0.006,4m,1.5,2.5,1.9000000000000001,58,,,,,,,,246.0,0.006,2m,3.5,3.0,0.9,140.0,,,,,,,,0.2,4,COMPLETE
93,93,3.590691392058936,2025-06-15 01:11:07.091147,2025-06-15 01:11:08.914200,0 days 00:00:01.823053,,,,,,,,,,,,,,,,,,,,,,,,,,,,,894.0,0.005,3m,4.0,3.0,1.6,332.0,198.0,0.009000000000000001,3m,1.5,3.5,1.1,530.0,62,0.004,4m,1.5,2.0,1.7000000000000002,160,,,,,,,,212.0,0.007,2m,4.0,2.0,0.7,50.0,,,,,,,,0.15000000000000002,4,COMPLETE
94,94,0.5969978745128297,2025-06-15 01:11:09.002714,2025-06-15 01:11:11.074914,0 days 00:00:02.072200,,,,,,,,,,,,,,,954.0,0.005,3m,2.5,3.0,1.7000000000000002,554.0,,,,,,,,952.0,0.004,1m,4.0,3.0,1.0,248.0,298.0,0.01,4m,1.5,2.5,1.3,654.0,882,0.009000000000000001,4m,1.5,2.0,1.8,862,,,,,,,,838.0,0.006,2m,3.5,1.5,0.8,218.0,,,,,,,,0.25,5,COMPLETE
95,95,3.3065385649411203,2025-06-15 01:11:11.139529,2025-06-15 01:11:12.924623,0 days 00:00:01.785094,,,,,,,,,,,,,,,,,,,,,,,,,,,,,998.0,0.006,3m,4.0,2.5,1.9000000000000001,532.0,998.0,0.007,4m,2.0,3.0,0.9,308.0,982,0.007,4m,1.0,1.5,2.0,276,,,,,,,,918.0,0.007,2m,2.5,1.0,0.9,110.0,,,,,,,,0.2,4,COMPLETE
96,96,1.9693882861935776,2025-06-15 01:11:12.992080,2025-06-15 01:11:15.165735,0 days 00:00:02.173655,,,,,,,,,,,,,,,638.0,0.003,4m,4.0,4.0,1.2000000000000002,464.0,,,,,,,,868.0,0.005,3m,3.5,3.5,1.8,404.0,464.0,0.01,1m,4.0,3.5,0.8,436.0,648,0.009000000000000001,1m,1.5,3.0,1.9000000000000001,40,,,,,,,,424.0,0.008,1m,4.0,1.5,1.1,154.0,,,,,,,,0.3,5,COMPLETE
97,97,-1.2570157326624771,2025-06-15 01:11:15.244990,2025-06-15 01:11:17.117039,0 days 00:00:01.872049,,,,,,,,,,,,,,,,,,,,,,,,,,,,,896.0,0.005,3m,4.0,2.0,0.9,198.0,80.0,0.008,3m,1.5,3.0,1.0,342.0,158,0.005,4m,1.5,2.0,1.8,86,,,,,,,,474.0,0.003,4m,3.5,2.0,1.3,256.0,,,,,,,,0.1,4,COMPLETE
98,98,0.5752376492240808,2025-06-15 01:11:17.196203,2025-06-15 01:11:19.224597,0 days 00:00:02.028394,,,,,,,,,,,,,,,826.0,0.009000000000000001,4m,3.0,3.0,0.8,696.0,,,,,,,,754.0,0.006,1m,4.0,2.5,0.6,566.0,712.0,0.009000000000000001,4m,1.0,3.5,1.2000000000000002,524.0,700,0.002,3m,2.0,2.5,2.0,184,,,,,,,,288.0,0.005,3m,1.5,2.0,1.0,72.0,,,,,,,,0.15000000000000002,5,COMPLETE
99,99,4.663279278075831,2025-06-15 01:11:19.297832,2025-06-15 01:11:21.117508,0 days 00:00:01.819676,,,,,,,,,,,,,,,,,,,,,,,,,,,,,622.0,0.004,3m,3.5,3.0,2.0,428.0,252.0,0.009000000000000001,1m,1.5,1.5,1.1,410.0,544,0.006,4m,4.0,1.5,1.9000000000000001,130,,,,,,,,654.0,0.006,2m,3.0,1.0,1.0,206.0,,,,,,,,0.25,4,COMPLETE
100,100,3.1364122627471747,2025-06-15 01:11:21.196362,2025-06-15 01:11:24.947550,0 days 00:00:03.751188,424.0,0.001,1m,4.0,1.0,1.2000000000000002,966.0,,,,,,,,26.0,0.007,4m,2.0,2.5,0.6,602.0,984.0,0.003,1m,3.5,1.0,2.0,180.0,930.0,0.009000000000000001,3m,2.0,3.5,0.8,474.0,160.0,0.002,4m,1.0,3.0,0.8,722.0,778,0.01,4m,1.5,1.0,1.7000000000000002,252,272.0,0.009000000000000001,4m,1.0,4.0,1.1,262.0,170.0,0.007,1m,4.0,2.0,1.1,302.0,326.0,0.008,2m,3.0,1.5,1.6,352.0,0.05,9,COMPLETE
101,101,3.951157277334406,2025-06-15 01:11:25.022656,2025-06-15 01:11:26.465334,0 days 00:00:01.442678,,,,,,,,,,,,,,,,,,,,,,,,,,,,,816.0,0.006,3m,4.0,2.5,0.7,190.0,,,,,,,,704,0.005,4m,2.5,2.0,0.6,290,,,,,,,,234.0,0.004,2m,3.5,2.0,1.2000000000000002,566.0,,,,,,,,0.2,3,COMPLETE
102,102,4.700982622928585,2025-06-15 01:11:26.533891,2025-06-15 01:11:28.266413,0 days 00:00:01.732522,,,,,,,,,,,,,,,,,,,,,,,,,,,,,818.0,0.005,3m,4.0,2.5,0.7,170.0,284.0,0.01,4m,2.0,3.5,0.9,286.0,830,0.005,4m,2.5,2.0,0.9,298,,,,,,,,334.0,0.004,2m,3.5,2.0,1.2000000000000002,620.0,,,,,,,,0.2,4,COMPLETE
103,103,6.771985417241423,2025-06-15 01:11:28.339538,2025-06-15 01:11:30.154443,0 days 00:00:01.814905,,,,,,,,,,,,,,,,,,,,,,,,,,,,,838.0,0.006,3m,4.0,2.5,0.5,516.0,372.0,0.01,4m,2.0,3.5,0.9,366.0,712,0.004,4m,2.5,2.0,0.7,344,,,,,,,,190.0,0.004,2m,3.5,2.0,1.4,510.0,,,,,,,,0.15000000000000002,4,COMPLETE
104,104,2.5118734428783274,2025-06-15 01:11:30.208708,2025-06-15 01:11:32.431187,0 days 00:00:02.222479,,,,,,,,,,,,,,,482.0,0.006,1m,3.5,1.0,1.3,322.0,,,,,,,,778.0,0.005,3m,4.0,2.0,0.5,498.0,360.0,0.01,4m,1.5,3.5,1.0,370.0,742,0.004,4m,2.5,2.0,0.8,340,,,,,,,,72.0,0.005,2m,1.0,1.5,1.5,860.0,,,,,,,,0.1,5,COMPLETE
105,105,6.231402217078313,2025-06-15 01:11:32.491035,2025-06-15 01:11:34.290220,0 days 00:00:01.799185,,,,,,,,,,,,,,,,,,,,,,,,,,,,,884.0,0.006,3m,4.0,2.5,0.5,528.0,410.0,0.01,4m,2.5,3.5,1.3,596.0,624,0.003,4m,1.5,2.5,1.1,394,,,,,,,,184.0,0.006,2m,3.0,2.5,1.4,498.0,,,,,,,,0.15000000000000002,4,COMPLETE
106,106,-2.452896589838139,2025-06-15 01:11:34.364353,2025-06-15 01:11:36.169740,0 days 00:00:01.805387,,,,,,,,,,,,,,,,,,,,,,,,,,,,,840.0,0.007,3m,4.0,2.5,0.5,452.0,514.0,0.01,4m,2.5,3.5,1.5,218.0,610,0.003,2m,3.0,2.5,1.1,432,,,,,,,,178.0,0.01,2m,2.5,2.5,1.4,526.0,,,,,,,,0.15000000000000002,4,COMPLETE
107,107,5.912255939089552,2025-06-15 01:11:36.239355,2025-06-15 01:11:37.238584,0 days 00:00:00.999229,,,,,,,,,,,,,,,,,,,,,,,,,,,,,968.0,0.006,4m,4.0,2.5,0.5,528.0,,,,,,,,722,0.003,4m,2.0,2.5,0.7,390,,,,,,,,,,,,,,,,,,,,,,0.15000000000000002,2,COMPLETE
108,108,4.264835965644659,2025-06-15 01:11:37.294604,2025-06-15 01:11:38.657222,0 days 00:00:01.362618,,,,,,,,,,,,,,,,,,,,,,,,,,,,,862.0,0.006,1m,4.0,2.5,0.6,612.0,,,,,,,,660,0.004,4m,2.5,2.5,1.2000000000000002,472,,,,,,,,154.0,0.002,1m,3.0,2.5,1.6,496.0,,,,,,,,0.1,3,COMPLETE
109,109,-0.6134243211673126,2025-06-15 01:11:38.705935,2025-06-15 01:11:40.534578,0 days 00:00:01.828643,,,,,,,,,,,,,,,,,,,,,,,,,,,,,476.0,0.006,3m,1.0,2.0,0.5,506.0,430.0,0.004,4m,3.0,3.5,1.3,494.0,580,0.001,1m,1.5,2.5,1.0,36,,,,,,,,738.0,0.006,4m,3.0,3.0,1.4,432.0,,,,,,,,0.15000000000000002,4,COMPLETE
110,110,4.826430359925529,2025-06-15 01:11:40.600704,2025-06-15 01:11:42.457908,0 days 00:00:01.857204,,,,,,,,,,,,,,,,,,,,,,,,,,,,,912.0,0.01,3m,4.0,2.5,0.6,104.0,320.0,0.01,4m,2.5,3.0,0.9,246.0,686,0.002,4m,1.0,2.5,0.6,362,,,,,,,,20.0,0.003,3m,2.0,3.5,1.3,482.0,,,,,,,,0.3,4,COMPLETE
111,111,6.27694422176499,2025-06-15 01:11:42.515789,2025-06-15 01:11:44.654411,0 days 00:00:02.138622,,,,,,,,,,,,,,,94.0,0.008,4m,3.0,2.0,1.1,726.0,,,,,,,,886.0,0.005,3m,4.0,3.0,0.8,584.0,394.0,0.01,4m,2.5,3.5,1.2000000000000002,612.0,768,0.009000000000000001,4m,1.5,2.0,0.7,402,,,,,,,,234.0,0.006,2m,3.5,2.0,1.3,942.0,,,,,,,,0.2,5,COMPLETE
112,112,4.791600963380746,2025-06-15 01:11:44.725104,2025-06-15 01:11:46.867681,0 days 00:00:02.142577,,,,,,,,,,,,,,,98.0,0.009000000000000001,2m,2.5,2.0,1.1,858.0,,,,,,,,884.0,0.005,3m,4.0,2.5,0.8,548.0,370.0,0.01,4m,2.5,3.5,1.3,582.0,806,0.004,4m,1.5,2.0,0.7,424,,,,,,,,260.0,0.006,2m,3.5,2.0,2.0,942.0,,,,,,,,0.2,5,COMPLETE
113,113,4.875634185785994,2025-06-15 01:11:46.939499,2025-06-15 01:11:48.783090,0 days 00:00:01.843591,,,,,,,,,,,,,,,,,,,,,,,,,,,,,940.0,0.005,3m,4.0,3.0,0.8,580.0,398.0,0.01,4m,2.5,3.5,1.4,640.0,764,0.009000000000000001,4m,1.5,2.0,1.0,536,,,,,,,,194.0,0.007,2m,3.5,2.5,1.4,762.0,,,,,,,,0.1,4,COMPLETE
114,114,0.3093718283578228,2025-06-15 01:11:48.838933,2025-06-15 01:11:51.387351,0 days 00:00:02.548418,,,,,,,,,,,,,,,192.0,0.008,4m,3.5,2.0,1.5,732.0,,,,,,,,838.0,0.007,3m,4.0,2.5,0.9,520.0,466.0,0.01,4m,3.0,3.5,1.1,682.0,844,0.003,4m,1.5,2.0,0.7,402,560.0,0.003,3m,2.5,2.5,0.8,890.0,130.0,0.005,2m,4.0,1.5,1.3,722.0,,,,,,,,0.15000000000000002,6,COMPLETE
115,115,4.002080826139099,2025-06-15 01:11:51.455710,2025-06-15 01:11:53.631047,0 days 00:00:02.175337,,,,,,,,,,,,,,,70.0,0.008,3m,2.0,1.5,1.9000000000000001,946.0,,,,,,,,912.0,0.005,3m,4.0,3.0,0.9,636.0,352.0,0.009000000000000001,4m,2.0,4.0,1.2000000000000002,556.0,748,0.008,4m,1.5,2.0,0.6,448,,,,,,,,376.0,0.006,2m,3.0,2.0,1.3,462.0,,,,,,,,0.25,5,COMPLETE
116,116,4.891181300933061,2025-06-15 01:11:53.701975,2025-06-15 01:11:55.451915,0 days 00:00:01.749940,,,,,,,,,,,,,,,,,,,,,,,,,,,,,880.0,0.006,3m,4.0,2.5,1.4,476.0,258.0,0.01,4m,2.5,3.0,1.0,326.0,798,0.007,4m,3.5,2.0,0.5,326,,,,,,,,232.0,0.004,1m,2.5,4.0,1.4,34.0,,,,,,,,0.15000000000000002,4,COMPLETE
117,117,3.8215518518469658,2025-06-15 01:11:55.521274,2025-06-15 01:11:56.922604,0 days 00:00:01.401330,,,,,,,,,,,,,,,,,,,,,,,,,,,,,1004.0,0.004,2m,3.5,3.5,0.5,670.0,,,,,,,,774,0.009000000000000001,2m,1.5,2.0,1.8,370,,,,,,,,276.0,0.007,2m,3.5,2.0,1.4,412.0,,,,,,,,0.35000000000000003,3,COMPLETE
118,118,9.144884064960515,2025-06-15 01:11:56.972819,2025-06-15 01:11:58.837408,0 days 00:00:01.864589,,,,,,,,,,,,,,,,,,,,,,,,,,,,,862.0,0.008,3m,4.0,2.0,0.6,312.0,448.0,0.01,3m,2.5,3.5,1.1,972.0,638,0.01,3m,2.0,1.5,0.7,72,,,,,,,,214.0,0.006,2m,3.5,3.0,1.5,238.0,,,,,,,,0.2,4,COMPLETE
119,119,1.9185771280271084,2025-06-15 01:11:58.903087,2025-06-15 01:12:01.142930,0 days 00:00:02.239843,,,,,,,,,,,,,,,316.0,0.007,4m,1.5,2.5,1.1,994.0,,,,,,,,718.0,0.008,1m,4.0,2.0,0.7,762.0,558.0,0.009000000000000001,3m,1.5,4.0,1.1,982.0,732,0.01,3m,2.0,1.5,0.8,72,,,,,,,,222.0,0.005,1m,3.5,3.0,1.6,820.0,,,,,,,,0.2,5,COMPLETE
120,120,3.9306169791900643,2025-06-15 01:12:01.205784,2025-06-15 01:12:02.975826,0 days 00:00:01.770042,,,,,,,,,,,,,,,,,,,,,,,,,,,,,796.0,0.008,3m,3.5,1.5,0.6,304.0,334.0,0.01,3m,1.5,2.0,1.0,358.0,680,0.01,3m,2.0,1.5,0.6,108,,,,,,,,346.0,0.006,4m,4.0,3.0,1.5,184.0,,,,,,,,0.2,4,COMPLETE
121,121,5.709919724087775,2025-06-15 01:12:03.037144,2025-06-15 01:12:04.778229,0 days 00:00:01.741085,,,,,,,,,,,,,,,,,,,,,,,,,,,,,842.0,0.009000000000000001,3m,4.0,2.0,0.6,342.0,446.0,0.01,3m,2.5,3.5,1.2000000000000002,778.0,620,0.01,3m,2.0,1.0,0.7,82,,,,,,,,198.0,0.006,2m,3.5,2.5,1.5,230.0,,,,,,,,0.3,4,COMPLETE
122,122,-0.4524267821395275,2025-06-15 01:12:04.865189,2025-06-15 01:12:06.661732,0 days 00:00:01.796543,,,,,,,,,,,,,,,,,,,,,,,,,,,,,864.0,0.005,3m,4.0,2.0,0.5,270.0,394.0,0.01,2m,2.5,3.5,1.1,882.0,518,0.009000000000000001,3m,2.5,1.5,0.7,58,,,,,,,,146.0,0.006,2m,3.5,3.5,1.3,510.0,,,,,,,,0.2,4,COMPLETE
123,123,-1.56944291835902,2025-06-15 01:12:06.726957,2025-06-15 01:12:08.150843,0 days 00:00:01.423886,,,,,,,,,,,,,,,,,,,,,,,,,,,,,892.0,0.007,3m,4.0,2.0,0.8,320.0,,,,,,,,714,0.01,3m,1.5,2.0,0.8,138,,,,,,,,252.0,0.008,2m,3.0,2.0,1.5,136.0,,,,,,,,0.15000000000000002,3,COMPLETE
124,124,0.3203401432170416,2025-06-15 01:12:08.207356,2025-06-15 01:12:09.914836,0 days 00:00:01.707480,,,,,,,,,,,,,,,,,,,,,,,,,,,,,968.0,0.005,3m,4.0,2.5,0.7,420.0,424.0,0.01,3m,2.5,3.5,1.3,1016.0,822,0.004,1m,1.5,1.5,0.9,174,,,,,,,,296.0,0.007,2m,4.0,2.5,1.4,942.0,,,,,,,,0.2,4,COMPLETE
125,125,7.052651773276397,2025-06-15 01:12:09.988961,2025-06-15 01:12:12.137899,0 days 00:00:02.148938,,,,,,,,,,,,,,,232.0,0.009000000000000001,4m,3.0,1.5,1.5,868.0,,,,,,,,936.0,0.005,3m,4.0,2.5,0.6,596.0,480.0,0.009000000000000001,4m,2.0,3.5,1.0,396.0,648,0.009000000000000001,4m,2.0,2.5,1.9000000000000001,16,,,,,,,,112.0,0.005,2m,3.5,1.0,1.2000000000000002,296.0,,,,,,,,0.1,5,COMPLETE
126,126,3.7164067463765624,2025-06-15 01:12:12.207003,2025-06-15 01:12:14.911316,0 days 00:00:02.704313,,,,,,,,,,,,,,,232.0,0.009000000000000001,4m,3.0,1.5,1.6,752.0,,,,,,,,942.0,0.005,3m,4.0,3.0,0.6,594.0,488.0,0.009000000000000001,4m,2.0,3.5,1.0,394.0,642,0.009000000000000001,4m,2.0,2.0,1.9000000000000001,22,178.0,0.008,4m,3.0,2.0,1.8,28.0,112.0,0.005,3m,3.5,1.0,1.2000000000000002,240.0,,,,,,,,0.05,6,COMPLETE
127,127,1.8839983614823717,2025-06-15 01:12:14.972453,2025-06-15 01:12:17.091128,0 days 00:00:02.118675,,,,,,,,,,,,,,,138.0,0.01,4m,3.0,2.0,1.5,836.0,,,,,,,,918.0,0.004,3m,4.0,2.0,0.7,546.0,214.0,0.009000000000000001,2m,2.0,4.0,0.9,972.0,874,0.008,4m,2.0,2.0,1.9000000000000001,106,,,,,,,,216.0,0.009000000000000001,2m,3.5,1.0,1.7000000000000002,260.0,,,,,,,,0.1,5,COMPLETE
128,128,0.5629626684720497,2025-06-15 01:12:17.157621,2025-06-15 01:12:19.453092,0 days 00:00:02.295471,,,,,,,,,,,,,,,416.0,0.008,4m,2.5,1.0,1.7000000000000002,928.0,,,,,,,,982.0,0.008,1m,3.0,3.5,0.8,290.0,528.0,0.009000000000000001,4m,1.5,3.5,1.1,936.0,928,0.009000000000000001,4m,2.5,3.0,2.0,48,,,,,,,,984.0,0.005,1m,3.5,1.0,1.1,282.0,,,,,,,,0.1,5,COMPLETE
129,129,1.3207063184349168,2025-06-15 01:12:19.494548,2025-06-15 01:12:21.611194,0 days 00:00:02.116646,,,,,,,,,,,,,,,242.0,0.009000000000000001,4m,3.0,1.5,1.3,890.0,,,,,,,,270.0,0.005,3m,4.0,2.5,0.7,816.0,376.0,0.01,3m,1.5,3.5,1.0,830.0,742,0.009000000000000001,2m,2.0,1.5,2.0,84,,,,,,,,574.0,0.004,2m,4.0,1.0,1.2000000000000002,170.0,,,,,,,,0.25,5,COMPLETE
130,130,-0.4818140171040226,2025-06-15 01:12:21.677635,2025-06-15 01:12:23.973978,0 days 00:00:02.296343,,,,,,,,,,,,,,,62.0,0.008,4m,3.5,2.0,1.8,618.0,,,,,,,,806.0,0.009000000000000001,4m,4.0,3.0,0.6,390.0,472.0,0.009000000000000001,4m,1.5,4.0,0.8,290.0,790,0.01,4m,2.5,2.5,1.8,18,,,,,,,,314.0,0.005,2m,3.5,1.0,1.1,198.0,,,,,,,,0.1,5,COMPLETE
131,131,3.663199926466316,2025-06-15 01:12:24.034716,2025-06-15 01:12:25.775770,0 days 00:00:01.741054,,,,,,,,,,,,,,,,,,,,,,,,,,,,,900.0,0.005,3m,4.0,2.5,0.5,568.0,502.0,0.01,4m,2.5,3.5,1.2000000000000002,440.0,628,0.006,4m,2.0,2.5,1.9000000000000001,346,,,,,,,,178.0,0.006,2m,3.0,2.0,1.3,300.0,,,,,,,,0.15000000000000002,4,COMPLETE
132,132,3.5211429863498043,2025-06-15 01:12:25.841774,2025-06-15 01:12:27.553180,0 days 00:00:01.711406,,,,,,,,,,,,,,,,,,,,,,,,,,,,,872.0,0.005,3m,4.0,2.5,0.6,522.0,414.0,0.01,4m,3.0,3.5,1.2000000000000002,606.0,588,0.009000000000000001,4m,1.5,2.5,1.9000000000000001,310,,,,,,,,146.0,0.006,2m,4.0,1.5,0.9,104.0,,,,,,,,0.2,4,COMPLETE
133,133,1.6820956659231194,2025-06-15 01:12:27.616112,2025-06-15 01:12:29.504552,0 days 00:00:01.888440,,,,,,,,,,,,,,,,,,,,,,,,,,,,,932.0,0.006,3m,4.0,2.5,0.5,488.0,442.0,0.01,4m,2.0,3.5,1.1,470.0,664,0.009000000000000001,4m,1.5,2.5,2.0,384,,,,,,,,268.0,0.006,2m,3.5,3.0,1.2000000000000002,214.0,,,,,,,,0.1,4,COMPLETE
134,134,2.6197773941308924,2025-06-15 01:12:29.580094,2025-06-15 01:12:30.928600,0 days 00:00:01.348506,,,,,,,,,,,,,,,,,,,,,,,,,,,,,854.0,0.006,3m,4.0,2.5,0.8,248.0,,,,,,,,692,0.01,4m,2.0,2.0,1.8,218,,,,,,,,200.0,0.007,2m,4.0,2.0,0.8,372.0,,,,,,,,0.3,3,COMPLETE
135,135,4.342177556586997,2025-06-15 01:12:30.981362,2025-06-15 01:12:33.274939,0 days 00:00:02.293577,,,,,,,,,,,,,,,324.0,0.006,4m,2.5,1.5,1.5,660.0,,,,,,,,828.0,0.005,3m,4.0,2.0,0.9,608.0,314.0,0.01,4m,2.5,3.5,1.3,386.0,722,0.008,4m,1.5,2.5,1.3,64,,,,,,,,166.0,0.006,1m,2.5,3.5,1.3,158.0,,,,,,,,0.15000000000000002,5,COMPLETE
136,136,0.32974461458196885,2025-06-15 01:12:33.338469,2025-06-15 01:12:34.930158,0 days 00:00:01.591689,,,,,,,,,,,,,,,,,,,,,,,,,,,,,902.0,0.007,3m,4.0,2.5,1.3,540.0,390.0,0.009000000000000001,2m,3.0,3.0,0.9,324.0,556,0.01,1m,2.0,2.0,1.9000000000000001,144,,,,,,,,92.0,0.005,2m,2.0,2.0,1.0,68.0,,,,,,,,0.2,4,COMPLETE
137,137,7.406158928450591,2025-06-15 01:12:34.994302,2025-06-15 01:12:36.888617,0 days 00:00:01.894315,,,,,,,,,,,,,,,,,,,,,,,,,,,,,878.0,0.005,3m,4.0,1.5,0.7,502.0,360.0,0.01,4m,2.0,4.0,1.4,538.0,776,0.003,4m,1.5,2.5,0.7,256,,,,,,,,244.0,0.006,4m,3.5,2.5,1.1,658.0,,,,,,,,0.05,4,COMPLETE
138,138,5.43169148088028,2025-06-15 01:12:36.959506,2025-06-15 01:12:38.975038,0 days 00:00:02.015532,,,,,,,,,,,,,,,146.0,0.01,1m,3.0,1.0,1.4,712.0,,,,,,,,922.0,0.005,1m,4.0,1.5,0.7,454.0,296.0,0.008,4m,2.0,4.0,0.5,504.0,772,0.004,4m,1.5,3.0,0.7,238,,,,,,,,234.0,0.004,4m,3.5,1.5,1.1,656.0,,,,,,,,0.05,5,COMPLETE
139,139,0.764599775358867,2025-06-15 01:12:39.055009,2025-06-15 01:12:40.874213,0 days 00:00:01.819204,,,,,,,,,,,,,,,,,,,,,,,,,,,,,956.0,0.004,3m,4.0,1.0,0.8,494.0,272.0,0.01,3m,2.0,4.0,1.4,424.0,804,0.009000000000000001,3m,1.0,2.0,0.7,260,,,,,,,,282.0,0.007,4m,3.5,2.0,1.2000000000000002,130.0,,,,,,,,0.05,4,COMPLETE
140,140,1.4746627054197796,2025-06-15 01:12:40.925163,2025-06-15 01:12:43.266459,0 days 00:00:02.341296,,,,,,,,,,,,,,,218.0,0.009000000000000001,4m,2.5,2.0,0.9,772.0,,,,,,,,858.0,0.005,2m,2.5,1.5,0.7,510.0,342.0,0.009000000000000001,2m,1.5,4.0,1.0,536.0,842,0.005,4m,1.5,1.5,0.8,208,,,,,,,,770.0,0.007,4m,3.5,1.5,1.1,796.0,,,,,,,,0.05,5,COMPLETE
141,141,6.761996707617373,2025-06-15 01:12:43.341399,2025-06-15 01:12:46.692254,0 days 00:00:03.350855,,,,,,,,,,,,,,,,,,,,,,,,,,,,,876.0,0.005,3m,4.0,3.5,0.6,470.0,364.0,0.01,4m,2.5,3.5,1.4,568.0,752,0.003,4m,1.5,2.5,1.9000000000000001,270,,,,,,,,188.0,0.006,4m,1.5,2.5,1.4,712.0,,,,,,,,0.15000000000000002,4,COMPLETE
142,142,7.073825603169352,2025-06-15 01:12:46.792756,2025-06-15 01:12:49.962084,0 days 00:00:03.169328,,,,,,,,,,,,,,,,,,,,,,,,,,,,,70.0,0.005,3m,4.0,3.5,0.6,474.0,356.0,0.01,4m,2.0,3.5,1.5,562.0,758,0.002,4m,1.5,2.5,0.6,276,,,,,,,,248.0,0.006,4m,1.5,2.5,0.9,718.0,,,,,,,,0.5,4,COMPLETE
143,143,5.394900373882614,2025-06-15 01:12:50.833363,2025-06-15 01:12:53.084677,0 days 00:00:02.251314,,,,,,,,,,,,,,,,,,,,,,,,,,,,,172.0,0.005,3m,4.0,3.5,0.6,470.0,360.0,0.01,4m,2.0,4.0,1.5,574.0,752,0.002,4m,1.5,2.5,0.6,278,,,,,,,,216.0,0.006,4m,1.5,2.5,0.9,696.0,,,,,,,,0.5,4,COMPLETE
144,144,7.319603978875261,2025-06-15 01:12:53.162130,2025-06-15 01:12:54.403300,0 days 00:00:01.241170,,,,,,,,,,,,,,,,,,,,,,,,,,,,,134.0,0.005,3m,2.0,3.5,0.6,420.0,,,,,,,,774,0.001,4m,1.5,2.5,0.6,312,,,,,,,,250.0,0.006,4m,1.5,2.5,1.0,666.0,,,,,,,,0.45,3,COMPLETE
145,145,4.949320905359173,2025-06-15 01:12:54.467363,2025-06-15 01:12:55.889565,0 days 00:00:01.422202,,,,,,,,,,,,,,,,,,,,,,,,,,,,,84.0,0.005,3m,2.5,3.5,0.6,432.0,,,,,,,,734,0.001,4m,1.5,2.5,0.6,314,,,,,,,,248.0,0.006,4m,1.5,2.5,1.0,724.0,,,,,,,,0.5,3,COMPLETE
146,146,1.3038160993043375,2025-06-15 01:12:55.952683,2025-06-15 01:12:57.298095,0 days 00:00:01.345412,,,,,,,,,,,,,,,,,,,,,,,,,,,,,114.0,0.004,3m,4.0,3.5,0.6,358.0,,,,,,,,698,0.002,4m,2.0,2.5,0.5,262,,,,,,,,118.0,0.005,4m,1.5,2.5,0.8,670.0,,,,,,,,0.45,3,COMPLETE
147,147,1.2042853310064332,2025-06-15 01:12:57.347362,2025-06-15 01:12:58.754061,0 days 00:00:01.406699,,,,,,,,,,,,,,,,,,,,,,,,,,,,,122.0,0.005,3m,1.5,4.0,0.6,412.0,,,,,,,,714,0.001,2m,3.0,2.5,0.5,656,,,,,,,,260.0,0.006,4m,1.5,2.5,0.9,734.0,,,,,,,,0.5,3,COMPLETE
148,148,1.4226329184854496,2025-06-15 01:12:58.814682,2025-06-15 01:12:59.871816,0 days 00:00:01.057134,,,,,,,,,,,,,,,,,,,,,,,,,,,,,66.0,0.005,3m,1.5,3.5,0.5,386.0,,,,,,,,818,0.002,4m,2.5,2.5,0.6,288,,,,,,,,,,,,,,,,,,,,,,0.45,2,COMPLETE
149,149,4.749234372117937,2025-06-15 01:12:59.931039,2025-06-15 01:13:01.302047,0 days 00:00:01.371008,,,,,,,,,,,,,,,,,,,,,,,,,,,,,202.0,0.009000000000000001,1m,3.5,3.5,0.7,450.0,,,,,,,,784,0.001,4m,1.5,2.5,2.0,242,,,,,,,,192.0,0.005,4m,1.0,2.5,0.7,596.0,,,,,,,,0.45,3,COMPLETE
