,number,value,datetime_start,datetime_complete,duration,params_AAPL_XEL_beta_win,params_AAPL_XEL_stop_loss,params_AAPL_XEL_trade_freq,params_AAPL_XEL_z_entry,params_AAPL_XEL_z_exit,params_AAPL_XEL_z_stop_scaler,params_AAPL_XEL_z_win,params_ADI_AMZN_beta_win,params_ADI_AMZN_stop_loss,params_ADI_AMZN_trade_freq,params_ADI_AMZN_z_entry,params_ADI_AMZN_z_exit,params_ADI_AMZN_z_stop_scaler,params_ADI_AMZN_z_win,params_AMGN_JD_beta_win,params_AMGN_JD_stop_loss,params_AMGN_JD_trade_freq,params_AMGN_JD_z_entry,params_AMGN_JD_z_exit,params_AMGN_JD_z_stop_scaler,params_AMGN_JD_z_win,params_ANSS_GOOGL_beta_win,params_ANSS_GOOGL_stop_loss,params_ANSS_GOOGL_trade_freq,params_ANSS_GOOGL_z_entry,params_ANSS_GOOGL_z_exit,params_ANSS_GOOGL_z_stop_scaler,params_ANSS_GOOGL_z_win,params_ATVI_MCHP_beta_win,params_ATVI_MCHP_stop_loss,params_ATVI_MCHP_trade_freq,params_ATVI_MCHP_z_entry,params_ATVI_MCHP_z_exit,params_ATVI_MCHP_z_stop_scaler,params_ATVI_MCHP_z_win,params_BIIB_CMCSA_beta_win,params_BIIB_CMCSA_stop_loss,params_BIIB_CMCSA_trade_freq,params_BIIB_CMCSA_z_entry,params_BIIB_CMCSA_z_exit,params_BIIB_CMCSA_z_stop_scaler,params_BIIB_CMCSA_z_win,params_BIIB_MELI_beta_win,params_BIIB_MELI_stop_loss,params_BIIB_MELI_trade_freq,params_BIIB_MELI_z_entry,params_BIIB_MELI_z_exit,params_BIIB_MELI_z_stop_scaler,params_BIIB_MELI_z_win,params_BIIB_MTCH_beta_win,params_BIIB_MTCH_stop_loss,params_BIIB_MTCH_trade_freq,params_BIIB_MTCH_z_entry,params_BIIB_MTCH_z_exit,params_BIIB_MTCH_z_stop_scaler,params_BIIB_MTCH_z_win,params_CHTR_MTCH_beta_win,params_CHTR_MTCH_stop_loss,params_CHTR_MTCH_trade_freq,params_CHTR_MTCH_z_entry,params_CHTR_MTCH_z_exit,params_CHTR_MTCH_z_stop_scaler,params_CHTR_MTCH_z_win,params_COST_PANW_beta_win,params_COST_PANW_stop_loss,params_COST_PANW_trade_freq,params_COST_PANW_z_entry,params_COST_PANW_z_exit,params_COST_PANW_z_stop_scaler,params_COST_PANW_z_win,params_CPRT_WDAY_beta_win,params_CPRT_WDAY_stop_loss,params_CPRT_WDAY_trade_freq,params_CPRT_WDAY_z_entry,params_CPRT_WDAY_z_exit,params_CPRT_WDAY_z_stop_scaler,params_CPRT_WDAY_z_win,params_FISV_INTC_beta_win,params_FISV_INTC_stop_loss,params_FISV_INTC_trade_freq,params_FISV_INTC_z_entry,params_FISV_INTC_z_exit,params_FISV_INTC_z_stop_scaler,params_FISV_INTC_z_win,params_GOOG_GOOGL_beta_win,params_GOOG_GOOGL_stop_loss,params_GOOG_GOOGL_trade_freq,params_GOOG_GOOGL_z_entry,params_GOOG_GOOGL_z_exit,params_GOOG_GOOGL_z_stop_scaler,params_GOOG_GOOGL_z_win,params_KDP_TXN_beta_win,params_KDP_TXN_stop_loss,params_KDP_TXN_trade_freq,params_KDP_TXN_z_entry,params_KDP_TXN_z_exit,params_KDP_TXN_z_stop_scaler,params_KDP_TXN_z_win,params_MCHP_NXPI_beta_win,params_MCHP_NXPI_stop_loss,params_MCHP_NXPI_trade_freq,params_MCHP_NXPI_z_entry,params_MCHP_NXPI_z_exit,params_MCHP_NXPI_z_stop_scaler,params_MCHP_NXPI_z_win,params_MSFT_ODFL_beta_win,params_MSFT_ODFL_stop_loss,params_MSFT_ODFL_trade_freq,params_MSFT_ODFL_z_entry,params_MSFT_ODFL_z_exit,params_MSFT_ODFL_z_stop_scaler,params_MSFT_ODFL_z_win,params_MTCH_OKTA_beta_win,params_MTCH_OKTA_stop_loss,params_MTCH_OKTA_trade_freq,params_MTCH_OKTA_z_entry,params_MTCH_OKTA_z_exit,params_MTCH_OKTA_z_stop_scaler,params_MTCH_OKTA_z_win,params_MTCH_SWKS_beta_win,params_MTCH_SWKS_stop_loss,params_MTCH_SWKS_trade_freq,params_MTCH_SWKS_z_entry,params_MTCH_SWKS_z_exit,params_MTCH_SWKS_z_stop_scaler,params_MTCH_SWKS_z_win,params_MTCH_ZM_beta_win,params_MTCH_ZM_stop_loss,params_MTCH_ZM_trade_freq,params_MTCH_ZM_z_entry,params_MTCH_ZM_z_exit,params_MTCH_ZM_z_stop_scaler,params_MTCH_ZM_z_win,params_PEP_XEL_beta_win,params_PEP_XEL_stop_loss,params_PEP_XEL_trade_freq,params_PEP_XEL_z_entry,params_PEP_XEL_z_exit,params_PEP_XEL_z_stop_scaler,params_PEP_XEL_z_win,params_buffer_capital,params_pairs_to_trade,state
0,0,0.6978393435749694,2025-06-21 19:04:37.411936,2025-06-21 19:04:48.678653,0 days 00:00:11.266717,,,,,,,,,,,,,,,,,,,,,,,,,,,,,1024.0,0.01,1m,1.6,0.6000000000000001,2.0,696.0,,,,,,,,,,,,,,,1496.0,0.01,3m,1.8,0.2,1.5,624.0,5560.0,0.015,2m,2.0,0.6000000000000001,1.0,792.0,,,,,,,,,,,,,,,,,,,,,,,,,,,,,3184.0,0.02,5m,1.2,0.0,1.5,920.0,,,,,,,,6816.0,0.01,4m,1.6,0.0,0.5,400.0,,,,,,,,,,,,,,,3344,0.015,5m,2.6,0.4,0.5,528,,,,,,,,0.05,6,COMPLETE
1,1,-1.7188493881548852,2025-06-21 19:04:48.694639,2025-06-21 19:04:50.284210,0 days 00:00:01.589571,,,,,,,,,,,,,,,,,,,,,,,,,,,,,6800.0,0.015,1m,2.8,0.6000000000000001,1.5,552.0,,,,,,,,,,,,,,,7768.0,0.015,2m,2.2,0.6000000000000001,1.0,816.0,1640.0,0.01,2m,2.6,1.0,2.0,944.0,,,,,,,,,,,,,,,,,,,,,,,,,,,,,1960.0,0.015,4m,3.0,0.2,0.5,104.0,,,,,,,,6528.0,0.01,2m,1.4,0.6000000000000001,1.5,80.0,,,,,,,,,,,,,,,5968,0.015,1m,1.6,1.0,2.0,752,,,,,,,,0.5,6,COMPLETE
2,2,-0.0202826770613426,2025-06-21 19:04:50.345280,2025-06-21 19:04:51.159400,0 days 00:00:00.814120,,,,,,,,,,,,,,,,,,,,,,,,,,,,,,,,,,,,,,,,,,,,,,,,,,8112.0,0.01,5m,2.4000000000000004,0.6000000000000001,0.5,296.0,,,,,,,,,,,,,,,,,,,,,,,,,,,,,,,,,,,,,,,,,,,,,,,,,,,,,,,,,,,,,,,,,,,,,,,1456,0.01,2m,2.0,0.6000000000000001,0.5,416,,,,,,,,0.1,2,COMPLETE
3,3,0.5769970136906758,2025-06-21 19:04:51.211753,2025-06-21 19:04:57.930354,0 days 00:00:06.718601,1600.0,0.01,3m,1.4,0.6000000000000001,0.5,584.0,5592.0,0.015,4m,2.8,0.6000000000000001,1.0,904.0,3408.0,0.02,4m,2.8,0.2,1.5,184.0,,,,,,,,4720.0,0.015,5m,1.0,0.2,2.0,872.0,6400.0,0.015,4m,1.4,0.6000000000000001,0.5,912.0,1416.0,0.015,4m,2.4000000000000004,0.0,1.5,296.0,2624.0,0.015,2m,3.0,0.2,2.0,792.0,5032.0,0.01,1m,1.0,0.4,2.0,216.0,,,,,,,,1760.0,0.015,1m,2.4000000000000004,0.8,1.0,760.0,,,,,,,,1848.0,0.02,5m,3.0,1.0,1.5,568.0,7832.0,0.015,5m,2.8,0.6000000000000001,1.0,600.0,6264.0,0.015,5m,2.0,0.6000000000000001,2.0,1000.0,5928.0,0.015,5m,1.4,0.6000000000000001,0.5,968.0,3072.0,0.015,3m,1.4,0.0,0.5,664.0,2128.0,0.015,2m,3.0,0.6000000000000001,1.0,288.0,6976,0.015,4m,2.0,0.4,2.0,192,6264.0,0.01,4m,1.4,0.6000000000000001,2.0,456.0,0.15000000000000002,17,COMPLETE
4,4,0.5536413163761199,2025-06-21 19:04:58.012764,2025-06-21 19:05:01.538334,0 days 00:00:03.525570,,,,,,,,,,,,,,,,,,,,,,,,,,,,,8136.0,0.01,5m,1.0,0.8,0.5,720.0,,,,,,,,,,,,,,,1320.0,0.02,2m,2.0,0.2,0.5,312.0,6824.0,0.02,4m,2.4000000000000004,0.4,1.0,536.0,,,,,,,,,,,,,,,,,,,,,,,,,,,,,7288.0,0.015,4m,3.0,0.6000000000000001,1.0,264.0,5984.0,0.01,5m,1.0,0.6000000000000001,1.5,224.0,3520.0,0.02,2m,2.2,0.8,1.5,776.0,,,,,,,,7248.0,0.02,2m,3.0,0.0,2.0,496.0,3952,0.015,3m,2.2,0.6000000000000001,1.0,792,,,,,,,,0.35000000000000003,8,COMPLETE
5,5,0.4587176292148241,2025-06-21 19:05:01.611840,2025-06-21 19:05:05.617794,0 days 00:00:04.005954,,,,,,,,,,,,,,,,,,,,,,,,,,,,,3568.0,0.02,2m,1.6,0.8,1.5,216.0,,,,,,,,,,,,,,,6360.0,0.02,5m,2.2,0.2,1.0,680.0,4528.0,0.015,3m,2.0,0.0,2.0,608.0,,,,,,,,2008.0,0.015,5m,3.0,0.8,1.5,376.0,,,,,,,,,,,,,,,3376.0,0.02,4m,1.2,0.4,2.0,624.0,8048.0,0.02,3m,2.6,1.0,0.5,1016.0,3320.0,0.015,1m,1.2,0.6000000000000001,0.5,520.0,,,,,,,,2672.0,0.02,2m,1.4,0.8,1.0,992.0,8016,0.015,4m,1.4,0.2,0.5,152,6504.0,0.01,5m,3.0,0.6000000000000001,1.5,552.0,0.25,10,COMPLETE
6,6,0.1972803093169916,2025-06-21 19:05:05.676609,2025-06-21 19:05:08.557182,0 days 00:00:02.880573,,,,,,,,,,,,,,,,,,,,,,,,,,,,,3416.0,0.02,5m,2.6,0.2,2.0,800.0,,,,,,,,,,,,,,,7600.0,0.01,5m,2.4000000000000004,0.4,1.0,928.0,3112.0,0.01,4m,1.4,0.0,1.5,312.0,,,,,,,,,,,,,,,,,,,,,,,,,,,,,6376.0,0.015,2m,3.0,0.2,2.0,216.0,2264.0,0.02,2m,3.0,0.0,1.5,944.0,5408.0,0.02,5m,1.0,1.0,1.5,200.0,,,,,,,,,,,,,,,4840,0.015,5m,1.6,0.8,1.5,416,,,,,,,,0.4,7,COMPLETE
7,7,-1.2845256943387486,2025-06-21 19:05:08.626437,2025-06-21 19:05:12.608410,0 days 00:00:03.981973,,,,,,,,,,,,,,,,,,,,,,,,,,,,,6824.0,0.01,1m,1.0,0.0,0.5,568.0,,,,,,,,,,,,,,,2296.0,0.02,1m,1.6,0.4,2.0,984.0,2712.0,0.01,1m,3.0,0.8,0.5,952.0,,,,,,,,2792.0,0.015,5m,2.6,0.0,1.0,280.0,,,,,,,,,,,,,,,1784.0,0.015,4m,2.4000000000000004,0.4,1.5,528.0,7808.0,0.01,5m,1.2,0.0,1.5,320.0,5680.0,0.015,4m,2.8,0.2,0.5,784.0,,,,,,,,2128.0,0.02,2m,1.8,1.0,1.5,96.0,2632,0.01,5m,2.2,0.2,1.5,528,3344.0,0.02,1m,1.0,0.0,0.5,472.0,0.5,10,COMPLETE
8,8,0.9355542823596,2025-06-21 19:05:12.673786,2025-06-21 19:05:19.997513,0 days 00:00:07.323727,7784.0,0.02,2m,3.0,0.2,2.0,408.0,2232.0,0.02,2m,1.6,0.4,2.0,120.0,2272.0,0.02,1m,1.8,0.8,2.0,448.0,2456.0,0.015,3m,1.6,0.4,0.5,496.0,1184.0,0.01,1m,2.6,0.6000000000000001,1.5,760.0,5056.0,0.015,4m,1.8,0.2,1.5,888.0,4688.0,0.02,4m,2.4000000000000004,0.2,1.0,240.0,6856.0,0.02,5m,1.8,1.0,1.5,184.0,7320.0,0.015,1m,1.6,0.0,1.5,808.0,,,,,,,,3296.0,0.01,5m,2.4000000000000004,0.8,1.0,944.0,,,,,,,,3040.0,0.01,2m,2.6,0.4,1.0,72.0,5856.0,0.02,5m,1.2,0.6000000000000001,2.0,992.0,1272.0,0.02,4m,3.0,1.0,1.5,568.0,5368.0,0.015,4m,2.0,0.0,1.5,384.0,4152.0,0.02,2m,3.0,0.2,0.5,424.0,4448.0,0.02,1m,1.2,0.8,2.0,248.0,6416,0.015,2m,1.0,0.6000000000000001,1.0,960,6040.0,0.02,3m,1.4,0.6000000000000001,0.5,128.0,0.15000000000000002,18,COMPLETE
9,9,-1.4496847322255317,2025-06-21 19:05:20.089965,2025-06-21 19:05:22.342437,0 days 00:00:02.252472,,,,,,,,,,,,,,,,,,,,,,,,,,,,,,,,,,,,,,,,,,,,,,,,,,2824.0,0.02,3m,1.2,0.6000000000000001,1.0,176.0,1752.0,0.02,4m,1.8,0.2,1.0,344.0,,,,,,,,,,,,,,,,,,,,,,,,,,,,,8168.0,0.02,1m,3.0,0.8,2.0,832.0,,,,,,,,3440.0,0.02,3m,1.0,0.0,0.5,648.0,,,,,,,,,,,,,,,6392,0.02,5m,1.0,0.2,0.5,608,,,,,,,,0.25,5,COMPLETE
10,10,-0.9992725550740673,2025-06-21 19:05:22.409432,2025-06-21 19:05:30.586964,0 days 00:00:08.177532,7840.0,0.02,2m,3.0,0.0,2.0,80.0,1200.0,0.02,2m,1.2,0.0,2.0,64.0,1256.0,0.02,1m,1.2,1.0,2.0,744.0,2096.0,0.015,3m,1.6,0.4,0.5,496.0,1232.0,0.01,3m,2.4000000000000004,1.0,1.0,216.0,2616.0,0.015,2m,2.6,0.0,2.0,720.0,6488.0,0.02,1m,2.8,0.6000000000000001,0.5,72.0,5392.0,0.015,4m,1.0,1.0,1.5,448.0,7968.0,0.015,5m,1.4,0.2,1.5,64.0,2520.0,0.02,2m,1.4,1.0,2.0,904.0,6848.0,0.01,2m,1.2,1.0,0.5,1000.0,2128.0,0.01,3m,2.8,0.4,1.0,344.0,5800.0,0.01,2m,2.2,0.0,0.5,152.0,5704.0,0.01,3m,1.8,1.0,1.5,1000.0,1448.0,0.02,4m,2.2,1.0,1.0,600.0,8088.0,0.01,4m,2.2,0.2,2.0,304.0,6912.0,0.02,2m,3.0,0.6000000000000001,2.0,120.0,5552.0,0.01,1m,1.0,0.2,2.0,704.0,4968,0.02,2m,3.0,1.0,1.0,1024,1416.0,0.02,3m,2.0,1.0,0.5,64.0,0.15000000000000002,20,COMPLETE
11,11,0.7097548966167668,2025-06-21 19:05:30.654338,2025-06-21 19:05:36.622958,0 days 00:00:05.968620,8136.0,0.02,2m,3.0,0.0,2.0,928.0,,,,,,,,,,,,,,,,,,,,,,1136.0,0.01,4m,1.8,0.4,2.0,960.0,4800.0,0.02,4m,1.8,0.0,1.5,136.0,4016.0,0.02,4m,1.2,0.0,1.0,864.0,4688.0,0.01,3m,1.6,1.0,1.5,64.0,6232.0,0.015,2m,1.6,0.6000000000000001,0.5,736.0,,,,,,,,4976.0,0.01,4m,1.6,0.4,2.0,1016.0,,,,,,,,2464.0,0.01,2m,1.2,0.4,1.0,96.0,4056.0,0.02,5m,1.0,0.0,1.5,1016.0,3248.0,0.015,4m,3.0,0.8,2.0,672.0,7480.0,0.01,4m,1.8,0.0,1.0,416.0,4280.0,0.02,2m,3.0,0.0,0.5,320.0,4712.0,0.015,1m,2.0,0.4,0.5,72.0,3240,0.01,2m,2.8,0.4,1.0,936,7488.0,0.02,3m,1.8,0.2,1.0,1024.0,0.05,15,COMPLETE
12,12,-1.911574745308611,2025-06-21 19:05:36.721945,2025-06-21 19:05:43.166123,0 days 00:00:06.444178,8176.0,0.02,2m,3.0,0.0,2.0,1008.0,,,,,,,,,,,,,,,,,,,,,,2344.0,0.015,4m,2.0,0.4,1.5,992.0,4760.0,0.02,4m,1.8,0.0,1.5,64.0,4032.0,0.02,4m,1.2,0.0,1.0,968.0,4272.0,0.01,3m,1.4,1.0,1.5,72.0,6800.0,0.015,1m,1.6,0.6000000000000001,0.5,704.0,,,,,,,,5048.0,0.01,4m,1.6,0.4,2.0,992.0,,,,,,,,2656.0,0.01,2m,1.0,0.4,1.0,88.0,4720.0,0.02,5m,1.0,0.0,2.0,784.0,3248.0,0.015,4m,3.0,0.8,2.0,632.0,7992.0,0.01,4m,1.8,0.2,1.0,464.0,4368.0,0.02,2m,3.0,0.0,0.5,328.0,4968.0,0.015,1m,2.2,0.4,0.5,88.0,2544,0.01,2m,3.0,0.0,1.0,1024,7824.0,0.02,3m,1.8,0.2,1.0,1008.0,0.05,15,COMPLETE
13,13,1.6161005124550185,2025-06-21 19:05:43.252377,2025-06-21 19:05:49.661295,0 days 00:00:06.408918,6000.0,0.02,1m,2.4000000000000004,0.2,2.0,440.0,,,,,,,,,,,,,,,,,,,,,,2312.0,0.01,4m,2.2,0.4,1.0,1016.0,4864.0,0.02,5m,2.0,0.2,1.5,280.0,4280.0,0.02,3m,1.4,0.2,1.0,800.0,4712.0,0.015,4m,1.6,0.8,2.0,72.0,8064.0,0.02,2m,1.0,0.8,1.5,816.0,,,,,,,,4384.0,0.01,3m,2.0,0.4,2.0,712.0,,,,,,,,3408.0,0.01,3m,1.0,0.4,1.0,120.0,4640.0,0.02,5m,1.6,0.8,1.5,1016.0,3664.0,0.015,1m,2.6,0.8,2.0,704.0,1184.0,0.015,4m,2.6,0.4,1.0,280.0,1088.0,0.02,5m,2.6,0.2,0.5,448.0,4000.0,0.01,3m,2.2,0.6000000000000001,0.5,336.0,5584,0.01,2m,1.0,0.8,1.5,856,5696.0,0.015,2m,1.6,0.4,1.0,992.0,0.15000000000000002,15,COMPLETE
14,14,-0.25476649022570175,2025-06-21 19:05:49.752482,2025-06-21 19:05:58.217739,0 days 00:00:08.465257,5288.0,0.015,1m,2.2,0.4,1.5,360.0,1928.0,0.02,2m,1.6,1.0,2.0,64.0,6992.0,0.01,1m,1.8,0.8,0.5,384.0,4976.0,0.01,3m,1.8,0.0,1.5,552.0,2544.0,0.01,4m,3.0,0.4,1.0,368.0,7520.0,0.01,5m,2.4000000000000004,0.4,1.0,416.0,5504.0,0.01,3m,1.8,0.4,2.0,616.0,6232.0,0.015,4m,2.8,0.8,2.0,272.0,8032.0,0.02,3m,1.0,1.0,1.5,872.0,7944.0,0.01,3m,3.0,0.0,0.5,144.0,3800.0,0.02,3m,2.2,0.6000000000000001,1.5,656.0,7720.0,0.02,1m,1.0,1.0,2.0,1008.0,4232.0,0.015,3m,2.4000000000000004,0.6000000000000001,2.0,984.0,5504.0,0.01,5m,1.6,1.0,1.0,752.0,4600.0,0.015,1m,2.4000000000000004,1.0,1.0,424.0,1504.0,0.015,3m,2.8,0.4,2.0,240.0,1304.0,0.01,5m,2.2,0.4,1.0,1000.0,3672.0,0.01,3m,2.4000000000000004,0.8,1.5,384.0,5936,0.02,2m,1.0,0.8,1.5,808,4840.0,0.015,2m,1.2,0.8,0.5,64.0,0.2,20,COMPLETE
15,15,0.9678702198034111,2025-06-21 19:05:58.316018,2025-06-21 19:06:03.672653,0 days 00:00:05.356635,5288.0,0.015,4m,2.2,0.4,1.5,440.0,,,,,,,,,,,,,,,,,,,,,,2392.0,0.015,3m,2.4000000000000004,0.8,1.0,1000.0,2968.0,0.015,3m,1.0,0.4,2.0,424.0,3040.0,0.015,2m,2.0,0.4,0.5,592.0,3984.0,0.015,4m,1.8,0.8,2.0,392.0,8152.0,0.02,5m,1.2,0.8,1.5,528.0,,,,,,,,3832.0,0.01,3m,2.0,0.2,0.5,784.0,,,,,,,,,,,,,,,6472.0,0.02,3m,1.6,0.8,2.0,440.0,1064.0,0.02,1m,1.8,0.4,2.0,808.0,1128.0,0.015,1m,2.4000000000000004,0.4,1.0,80.0,,,,,,,,6392.0,0.01,5m,1.6,0.8,2.0,368.0,7672,0.01,3m,1.2,0.8,1.5,864,4832.0,0.015,2m,2.6,0.4,1.0,680.0,0.15000000000000002,13,COMPLETE
16,16,-1.0340148343455167,2025-06-21 19:06:03.756530,2025-06-21 19:06:09.350971,0 days 00:00:05.594441,5216.0,0.015,4m,2.0,1.0,1.0,640.0,,,,,,,,,,,,,,,,,,,,,,4704.0,0.015,3m,2.2,1.0,1.0,984.0,1784.0,0.02,3m,1.0,1.0,2.0,392.0,2208.0,0.015,2m,1.8,1.0,0.5,672.0,3816.0,0.015,4m,1.4,0.8,2.0,472.0,8104.0,0.02,5m,1.2,0.8,1.5,512.0,,,,,,,,6376.0,0.01,3m,1.6,0.0,0.5,520.0,,,,,,,,,,,,,,,6864.0,0.02,3m,2.2,0.8,1.5,424.0,3848.0,0.01,1m,1.6,0.4,2.0,784.0,1136.0,0.015,1m,2.6,0.4,1.0,64.0,,,,,,,,6776.0,0.01,5m,1.6,0.6000000000000001,1.0,632.0,7840,0.01,3m,1.4,0.8,2.0,680,4136.0,0.015,2m,2.6,0.4,1.5,800.0,0.3,13,COMPLETE
17,17,0.5171314394109574,2025-06-21 19:06:09.433962,2025-06-21 19:06:15.330152,0 days 00:00:05.896190,3816.0,0.01,5m,2.2,0.6000000000000001,1.5,272.0,,,,,,,,,,,,,,,,,,,,,,2472.0,0.02,3m,2.2,0.8,1.0,872.0,3120.0,0.01,3m,3.0,0.6000000000000001,2.0,320.0,2808.0,0.01,3m,1.6,0.6000000000000001,0.5,760.0,3512.0,0.015,4m,1.0,0.8,2.0,408.0,4296.0,0.02,5m,1.0,0.8,1.0,432.0,,,,,,,,4440.0,0.02,3m,2.0,0.2,2.0,760.0,,,,,,,,,,,,,,,4904.0,0.02,3m,1.6,0.8,0.5,400.0,2528.0,0.015,1m,1.8,0.4,2.0,816.0,2152.0,0.02,1m,2.4000000000000004,0.4,1.0,168.0,,,,,,,,6176.0,0.01,3m,2.6,1.0,1.5,456.0,7392,0.01,3m,1.2,1.0,1.5,872,5072.0,0.015,2m,2.4000000000000004,0.4,1.0,768.0,0.2,13,COMPLETE
18,18,1.6661678989141357,2025-06-21 19:06:15.421158,2025-06-21 19:06:20.893490,0 days 00:00:05.472332,6232.0,0.015,1m,1.8,0.4,1.5,728.0,,,,,,,,,,,,,,,,,,,,,,3696.0,0.015,2m,2.2,0.2,0.5,880.0,3680.0,0.015,1m,1.2,0.4,1.0,592.0,8136.0,0.015,5m,1.0,0.4,1.5,440.0,5120.0,0.015,4m,1.8,0.8,2.0,552.0,5600.0,0.02,2m,1.2,1.0,2.0,640.0,,,,,,,,5856.0,0.01,3m,2.0,0.2,1.5,96.0,,,,,,,,,,,,,,,3600.0,0.01,1m,2.0,1.0,2.0,424.0,5472.0,0.02,1m,1.6,0.2,0.5,744.0,2392.0,0.015,1m,3.0,0.8,1.0,304.0,,,,,,,,8096.0,0.01,5m,1.8,0.6000000000000001,0.5,272.0,5304,0.01,1m,1.6,0.8,1.5,664,2952.0,0.015,2m,2.4000000000000004,0.2,1.5,792.0,0.1,13,COMPLETE
19,19,1.9550156991701457,2025-06-21 19:06:20.969524,2025-06-21 19:06:27.136505,0 days 00:00:06.166981,6392.0,0.015,1m,1.6,0.8,1.0,760.0,,,,,,,,7840.0,0.01,5m,3.0,0.0,0.5,920.0,,,,,,,,3888.0,0.02,2m,1.4,0.0,0.5,632.0,6256.0,0.02,1m,1.4,0.8,1.0,632.0,7952.0,0.015,5m,1.0,0.8,1.5,416.0,5192.0,0.015,1m,1.4,0.0,2.0,576.0,3752.0,0.02,2m,1.2,1.0,2.0,1024.0,,,,,,,,8048.0,0.015,3m,1.0,0.2,1.5,64.0,,,,,,,,7760.0,0.015,4m,1.6,0.0,0.5,424.0,2720.0,0.01,1m,2.0,1.0,1.5,680.0,5648.0,0.015,1m,1.4,0.2,0.5,80.0,2480.0,0.015,1m,3.0,1.0,1.0,624.0,1248.0,0.015,1m,2.2,1.0,1.5,672.0,8016.0,0.01,4m,2.0,0.4,0.5,224.0,5264,0.01,1m,1.6,0.8,2.0,680,2488.0,0.01,2m,2.2,0.0,2.0,872.0,0.1,16,COMPLETE
20,20,2.0519672380901,2025-06-21 19:06:27.206261,2025-06-21 19:06:32.548986,0 days 00:00:05.342725,,,,,,,,,,,,,,,,,,,,,,,,,,,,,5744.0,0.02,2m,1.4,0.0,0.5,448.0,6248.0,0.01,1m,1.4,1.0,0.5,616.0,8088.0,0.015,5m,1.0,1.0,2.0,416.0,5504.0,0.015,1m,1.2,0.0,1.5,568.0,3712.0,0.02,2m,2.4000000000000004,1.0,2.0,992.0,,,,,,,,7888.0,0.015,2m,1.0,0.2,1.5,128.0,,,,,,,,,,,,,,,1112.0,0.01,1m,2.4000000000000004,1.0,1.0,680.0,6128.0,0.02,3m,1.4,0.2,0.5,184.0,2528.0,0.02,1m,3.0,1.0,1.5,632.0,,,,,,,,7984.0,0.015,4m,1.8,0.2,0.5,200.0,4280,0.01,1m,1.8,1.0,2.0,280,2344.0,0.01,1m,2.2,0.0,2.0,880.0,0.4,12,COMPLETE
21,21,1.9247921621912663,2025-06-21 19:06:32.598331,2025-06-21 19:06:38.103605,0 days 00:00:05.505274,,,,,,,,,,,,,,,,,,,,,,,,,,,,,5600.0,0.02,2m,1.4,0.0,0.5,384.0,6488.0,0.01,1m,1.4,1.0,0.5,640.0,8168.0,0.015,5m,1.0,1.0,2.0,424.0,5512.0,0.015,1m,1.2,0.0,1.5,576.0,3600.0,0.02,2m,2.4000000000000004,1.0,2.0,976.0,,,,,,,,8136.0,0.015,2m,1.0,0.2,1.5,64.0,,,,,,,,,,,,,,,1096.0,0.01,1m,2.4000000000000004,1.0,1.0,672.0,5968.0,0.02,3m,1.4,0.2,0.5,72.0,2192.0,0.02,1m,3.0,1.0,1.5,632.0,,,,,,,,8104.0,0.015,4m,1.8,0.2,0.5,208.0,4472,0.01,1m,1.8,1.0,2.0,304,2008.0,0.01,1m,2.2,0.0,2.0,840.0,0.4,12,COMPLETE
22,22,2.732115538838253,2025-06-21 19:06:38.167860,2025-06-21 19:06:43.058540,0 days 00:00:04.890680,,,,,,,,,,,,,,,,,,,,,,,,,,,,,5656.0,0.02,2m,1.4,0.0,0.5,416.0,,,,,,,,8080.0,0.015,5m,1.0,1.0,2.0,416.0,5696.0,0.015,1m,1.2,0.0,1.5,664.0,3328.0,0.02,2m,2.4000000000000004,1.0,2.0,1024.0,,,,,,,,8080.0,0.015,2m,1.0,0.2,1.5,72.0,,,,,,,,,,,,,,,1120.0,0.01,1m,2.6,1.0,1.0,704.0,7048.0,0.02,3m,1.4,0.2,0.5,64.0,4184.0,0.02,1m,3.0,1.0,1.5,624.0,,,,,,,,8184.0,0.015,4m,2.0,0.2,0.5,176.0,4192,0.01,1m,1.8,1.0,2.0,272,1472.0,0.01,1m,2.2,0.0,2.0,896.0,0.4,11,COMPLETE
23,23,1.097481194472443,2025-06-21 19:06:43.145684,2025-06-21 19:06:47.074434,0 days 00:00:03.928750,,,,,,,,,,,,,,,,,,,,,,,,,,,,,5792.0,0.02,2m,1.4,0.0,0.5,432.0,,,,,,,,,,,,,,,5960.0,0.015,1m,1.2,0.0,1.5,728.0,3712.0,0.02,2m,2.4000000000000004,1.0,2.0,984.0,,,,,,,,8168.0,0.015,2m,1.0,0.0,1.5,200.0,,,,,,,,,,,,,,,2368.0,0.01,1m,2.6,1.0,1.0,728.0,7072.0,0.02,3m,1.0,0.2,0.5,72.0,4408.0,0.02,1m,3.0,1.0,2.0,632.0,,,,,,,,7448.0,0.015,4m,2.2,0.2,1.0,184.0,4168,0.01,1m,1.8,1.0,2.0,72,,,,,,,,0.45,9,COMPLETE
24,24,2.449771146156978,2025-06-21 19:06:47.178342,2025-06-21 19:06:54.300048,0 days 00:00:07.121706,3152.0,0.01,3m,1.0,1.0,0.5,800.0,8000.0,0.01,5m,3.0,1.0,0.5,1024.0,8016.0,0.01,5m,2.8,0.0,0.5,1016.0,,,,,,,,5480.0,0.02,2m,1.4,0.0,0.5,472.0,7944.0,0.01,1m,1.4,0.8,0.5,768.0,6840.0,0.01,5m,1.0,0.8,2.0,440.0,7216.0,0.015,1m,1.4,0.0,1.5,672.0,2664.0,0.02,2m,2.8,1.0,2.0,1024.0,,,,,,,,7224.0,0.02,2m,1.2,0.2,1.5,200.0,,,,,,,,8128.0,0.02,4m,1.6,0.0,0.5,480.0,1144.0,0.01,1m,2.2,1.0,0.5,864.0,6832.0,0.015,3m,1.4,0.2,1.0,192.0,4288.0,0.02,1m,2.8,0.8,1.5,760.0,8192.0,0.01,1m,1.6,1.0,2.0,776.0,8176.0,0.015,4m,2.6,0.0,0.5,136.0,3280,0.01,1m,2.2,1.0,2.0,336,2312.0,0.01,1m,2.0,0.0,2.0,912.0,0.35000000000000003,17,COMPLETE
25,25,2.1498210539419094,2025-06-21 19:06:54.387144,2025-06-21 19:06:59.490009,0 days 00:00:05.102865,,,,,,,,,,,,,,,,,,,,,,,,,,,,,6064.0,0.02,2m,1.2,0.2,0.5,472.0,,,,,,,,7056.0,0.01,5m,1.4,0.8,2.0,280.0,6840.0,0.015,1m,1.0,0.0,1.5,832.0,2480.0,0.02,2m,2.8,0.8,2.0,912.0,,,,,,,,7168.0,0.02,2m,1.4,0.4,1.0,184.0,,,,,,,,,,,,,,,1072.0,0.01,1m,2.6,0.8,0.5,824.0,7288.0,0.02,3m,1.4,0.0,1.0,216.0,4400.0,0.02,1m,2.8,0.8,1.5,784.0,,,,,,,,7176.0,0.015,4m,2.6,0.0,0.5,152.0,3728,0.01,1m,2.4000000000000004,1.0,2.0,304,1064.0,0.01,1m,2.0,0.0,2.0,656.0,0.35000000000000003,11,COMPLETE
26,26,-0.1378038955929331,2025-06-21 19:06:59.589975,2025-06-21 19:07:00.622249,0 days 00:00:01.032274,,,,,,,,,,,,,,,,,,,,,,,,,,,,,,,,,,,,,,,,,,,,,,,,,,7088.0,0.01,1m,1.0,0.0,1.0,880.0,,,,,,,,,,,,,,,,,,,,,,,,,,,,,,,,,,,,,,,,,,,,,,,,,,,,,,,,,,,,,,,,,,,,,,,1456,0.01,1m,2.4000000000000004,1.0,2.0,360,,,,,,,,0.35000000000000003,2,COMPLETE
27,27,-0.8876821382005567,2025-06-21 19:07:00.704389,2025-06-21 19:07:02.836175,0 days 00:00:02.131786,,,,,,,,,,,,,,,,,,,,,,,,,,,,,,,,,,,,,,,,,,,,,,,,,,7088.0,0.02,1m,1.0,0.2,1.5,712.0,,,,,,,,,,,,,,,,,,,,,,,,,,,,,,,,,,,,1632.0,0.01,1m,2.6,0.8,0.5,880.0,,,,,,,,4472.0,0.02,1m,2.6,0.8,2.0,832.0,,,,,,,,,,,,,,,3616,0.01,1m,2.4000000000000004,1.0,2.0,224,,,,,,,,0.35000000000000003,4,COMPLETE
28,28,1.1643996682897462,2025-06-21 19:07:02.922283,2025-06-21 19:07:07.796976,0 days 00:00:04.874693,,,,,,,,,,,,,,,,,,,,,,,,,,,,,6600.0,0.02,2m,1.2,0.2,0.5,344.0,,,,,,,,6776.0,0.01,5m,1.4,0.8,2.0,240.0,6736.0,0.015,1m,1.4,0.0,1.0,1024.0,2120.0,0.02,2m,3.0,0.8,2.0,896.0,,,,,,,,7096.0,0.02,2m,1.4,0.6000000000000001,1.0,296.0,,,,,,,,,,,,,,,2480.0,0.01,2m,2.6,0.8,0.5,888.0,7032.0,0.015,3m,1.2,0.0,1.0,424.0,4976.0,0.02,1m,2.8,0.8,1.5,880.0,,,,,,,,7096.0,0.015,4m,2.6,0.0,1.0,864.0,2784,0.015,1m,2.4000000000000004,0.6000000000000001,2.0,456,1072.0,0.01,1m,1.8,0.2,2.0,640.0,0.3,11,COMPLETE
29,29,0.33465226042185026,2025-06-21 19:07:07.872455,2025-06-21 19:07:15.470267,0 days 00:00:07.597812,3120.0,0.01,3m,1.0,1.0,0.5,832.0,7768.0,0.01,5m,3.0,1.0,0.5,984.0,5568.0,0.01,5m,2.4000000000000004,0.4,1.0,1016.0,7208.0,0.02,2m,3.0,1.0,2.0,928.0,5192.0,0.02,2m,1.2,0.2,0.5,264.0,8152.0,0.01,2m,2.4000000000000004,0.8,0.5,1016.0,6712.0,0.01,5m,1.4,0.8,2.0,112.0,7456.0,0.01,1m,1.2,0.4,1.5,640.0,2464.0,0.015,2m,2.8,0.8,2.0,880.0,,,,,,,,7296.0,0.02,2m,1.4,0.4,1.0,392.0,,,,,,,,7936.0,0.02,1m,1.8,0.0,0.5,672.0,1656.0,0.01,1m,2.2,0.6000000000000001,0.5,816.0,7152.0,0.02,3m,1.6,0.0,1.0,192.0,4224.0,0.02,3m,2.4000000000000004,0.8,1.5,712.0,7928.0,0.01,4m,1.0,1.0,2.0,1000.0,5656.0,0.015,4m,2.8,0.0,0.5,144.0,2080,0.01,1m,2.6,1.0,2.0,312,1672.0,0.01,1m,2.0,0.0,1.5,312.0,0.45,18,COMPLETE
30,30,0.9914553272526927,2025-06-21 19:07:15.563665,2025-06-21 19:07:19.521769,0 days 00:00:03.958104,,,,,,,,,,,,,,,,,,,,,,,,,,,,,7504.0,0.02,2m,1.8,0.0,0.5,504.0,,,,,,,,,,,,,,,6024.0,0.015,1m,1.0,0.2,1.5,800.0,1064.0,0.02,3m,2.8,0.6000000000000001,2.0,1024.0,,,,,,,,6080.0,0.02,2m,1.4,0.6000000000000001,1.0,192.0,,,,,,,,,,,,,,,1120.0,0.01,1m,2.8,1.0,0.5,584.0,5064.0,0.01,3m,1.2,0.0,1.0,368.0,4064.0,0.02,2m,2.8,0.8,2.0,880.0,,,,,,,,1040.0,0.015,4m,2.6,0.0,1.0,600.0,3464,0.015,4m,2.2,0.8,1.5,120,,,,,,,,0.45,9,COMPLETE
31,31,1.380622299219834,2025-06-21 19:07:19.613944,2025-06-21 19:07:24.410494,0 days 00:00:04.796550,,,,,,,,,,,,,,,,,,,,,,,,,,,,,5592.0,0.02,2m,1.2,0.0,0.5,472.0,,,,,,,,7360.0,0.01,5m,1.0,1.0,2.0,480.0,5728.0,0.015,1m,1.2,0.0,1.5,624.0,2984.0,0.02,2m,2.6,1.0,2.0,912.0,,,,,,,,7472.0,0.02,2m,1.2,0.2,1.5,176.0,,,,,,,,,,,,,,,1256.0,0.01,1m,2.4000000000000004,1.0,1.0,680.0,6736.0,0.02,3m,1.4,0.2,0.5,192.0,2976.0,0.02,1m,2.8,1.0,1.5,736.0,,,,,,,,7552.0,0.015,4m,2.4000000000000004,0.2,0.5,152.0,4352,0.01,1m,1.8,1.0,2.0,216,2272.0,0.01,1m,2.2,0.0,2.0,920.0,0.4,11,COMPLETE
32,32,0.32022409886821623,2025-06-21 19:07:24.486752,2025-06-21 19:07:29.832201,0 days 00:00:05.345449,,,,,,,,,,,,,,,,,,,,,,,,,,,,,6240.0,0.02,2m,1.6,0.0,0.5,112.0,7296.0,0.01,1m,1.6,0.8,0.5,776.0,7224.0,0.01,5m,1.2,0.8,2.0,352.0,6552.0,0.015,1m,1.4,0.0,1.5,880.0,3088.0,0.02,2m,2.2,1.0,2.0,1016.0,,,,,,,,7568.0,0.015,2m,1.2,0.4,1.5,152.0,,,,,,,,,,,,,,,2144.0,0.01,1m,2.2,1.0,0.5,936.0,7600.0,0.02,3m,1.4,0.2,1.0,288.0,3840.0,0.02,1m,3.0,1.0,1.5,560.0,,,,,,,,7672.0,0.015,4m,2.0,0.2,0.5,160.0,3840,0.01,1m,2.0,1.0,2.0,264,1024.0,0.01,1m,2.0,0.0,2.0,688.0,0.35000000000000003,12,COMPLETE
33,33,-0.506046089249884,2025-06-21 19:07:29.913831,2025-06-21 19:07:33.552487,0 days 00:00:03.638656,,,,,,,,,,,,,,,,,,,,,,,,,,,,,6128.0,0.02,2m,1.4,0.2,0.5,608.0,,,,,,,,,,,,,,,7856.0,0.015,1m,1.2,0.0,1.5,760.0,4192.0,0.02,2m,2.2,1.0,2.0,864.0,,,,,,,,,,,,,,,,,,,,,,,,,,,,,1496.0,0.01,1m,2.8,0.8,1.0,512.0,6384.0,0.02,3m,1.8,0.4,0.5,152.0,4848.0,0.02,1m,2.6,1.0,1.5,704.0,,,,,,,,6768.0,0.015,4m,2.4000000000000004,0.0,0.5,64.0,3128,0.01,1m,2.6,1.0,2.0,360,,,,,,,,0.4,8,COMPLETE
34,34,-2.690661697768534,2025-06-21 19:07:33.633000,2025-06-21 19:07:39.748196,0 days 00:00:06.115196,1120.0,0.01,3m,1.0,0.8,0.5,880.0,,,,,,,,,,,,,,,,,,,,,,5136.0,0.02,2m,1.8,0.0,1.0,448.0,5728.0,0.01,1m,1.2,1.0,1.0,808.0,5632.0,0.01,5m,1.2,1.0,2.0,336.0,8096.0,0.015,1m,1.6,0.2,1.5,672.0,2400.0,0.02,2m,2.8,0.8,2.0,752.0,,,,,,,,6504.0,0.02,2m,1.0,0.0,1.5,272.0,,,,,,,,6264.0,0.02,4m,1.6,0.8,2.0,392.0,2752.0,0.015,1m,2.4000000000000004,1.0,0.5,840.0,7448.0,0.02,2m,1.2,0.2,1.0,264.0,2904.0,0.02,5m,2.8,0.6000000000000001,1.5,1000.0,,,,,,,,8176.0,0.015,4m,2.8,0.0,0.5,304.0,2208,0.01,1m,2.0,1.0,2.0,488,3416.0,0.01,1m,2.4000000000000004,0.2,2.0,896.0,0.3,14,COMPLETE
35,35,0.3494242664647063,2025-06-21 19:07:39.826618,2025-06-21 19:07:47.227639,0 days 00:00:07.401021,2584.0,0.01,5m,1.4,0.8,1.0,120.0,7944.0,0.01,1m,2.4000000000000004,0.6000000000000001,0.5,640.0,5384.0,0.015,3m,2.4000000000000004,0.0,1.0,664.0,,,,,,,,7296.0,0.02,2m,1.2,0.2,0.5,320.0,8112.0,0.01,1m,2.2,0.8,0.5,512.0,7528.0,0.015,5m,1.0,0.8,1.5,496.0,7408.0,0.015,2m,1.0,0.0,0.5,504.0,3368.0,0.015,2m,2.6,1.0,1.5,960.0,,,,,,,,5696.0,0.015,1m,1.2,0.2,1.0,408.0,,,,,,,,6264.0,0.02,4m,1.4,0.2,1.5,752.0,1024.0,0.01,1m,2.6,1.0,1.0,736.0,6600.0,0.015,3m,1.6,0.0,0.5,144.0,6288.0,0.02,1m,3.0,0.8,1.5,552.0,6152.0,0.01,1m,1.6,0.8,1.5,800.0,7592.0,0.015,4m,1.6,0.2,0.5,432.0,4568,0.01,1m,2.2,0.6000000000000001,2.0,376,2760.0,0.01,1m,2.0,0.0,2.0,928.0,0.45,17,COMPLETE
36,36,1.8090917655055705,2025-06-21 19:07:47.321677,2025-06-21 19:07:51.355298,0 days 00:00:04.033621,,,,,,,,,,,,,,,,,,,,,,,,,,,,,4144.0,0.015,2m,1.6,0.0,0.5,512.0,,,,,,,,,,,,,,,6384.0,0.015,1m,2.0,0.2,1.0,856.0,5096.0,0.02,2m,2.2,1.0,2.0,832.0,,,,,,,,7632.0,0.015,2m,1.4,0.4,1.5,144.0,,,,,,,,,,,,,,,1952.0,0.015,2m,2.2,0.8,0.5,928.0,8184.0,0.015,3m,2.0,0.4,1.0,488.0,4840.0,0.02,2m,2.6,0.8,1.5,928.0,,,,,,,,6936.0,0.015,4m,2.2,0.0,1.0,216.0,3944,0.015,1m,1.8,0.8,2.0,264,,,,,,,,0.35000000000000003,9,COMPLETE
37,37,-0.7875872396170975,2025-06-21 19:07:51.433816,2025-06-21 19:07:53.965051,0 days 00:00:02.531235,,,,,,,,,,,,,,,,,,,,,,,,,,,,,5088.0,0.02,2m,1.6,0.2,1.0,640.0,,,,,,,,,,,,,,,5848.0,0.01,2m,1.2,0.2,1.0,744.0,1664.0,0.02,2m,2.6,0.6000000000000001,2.0,920.0,,,,,,,,,,,,,,,,,,,,,,,,,,,,,3008.0,0.01,1m,2.8,0.6000000000000001,1.0,648.0,,,,,,,,3848.0,0.02,1m,2.2,0.6000000000000001,2.0,792.0,,,,,,,,,,,,,,,3008,0.015,4m,2.0,1.0,2.0,160,,,,,,,,0.4,6,COMPLETE
38,38,-1.1032862496930176,2025-06-21 19:07:54.052039,2025-06-21 19:07:58.894593,0 days 00:00:04.842554,,,,,,,,,,,,,,,,,,,,,,,,,,,,,6128.0,0.015,5m,1.0,0.0,0.5,416.0,,,,,,,,6456.0,0.01,1m,1.4,1.0,2.0,184.0,4896.0,0.02,1m,1.4,0.0,1.5,672.0,1032.0,0.02,4m,2.8,1.0,2.0,968.0,,,,,,,,6688.0,0.02,2m,1.0,0.2,2.0,248.0,,,,,,,,,,,,,,,2128.0,0.015,4m,2.4000000000000004,1.0,1.0,768.0,6592.0,0.02,3m,1.0,0.2,0.5,136.0,3144.0,0.02,5m,2.8,1.0,1.5,496.0,,,,,,,,6288.0,0.015,4m,3.0,0.2,1.0,304.0,2000,0.01,1m,2.4000000000000004,0.8,1.5,416,1904.0,0.01,1m,2.6,0.2,1.5,736.0,0.3,11,COMPLETE
39,39,-0.9817466583968293,2025-06-21 19:07:58.969279,2025-06-21 19:08:02.335986,0 days 00:00:03.366707,,,,,,,,,,,,,,,,,,,,,,,,,,,,,4456.0,0.02,1m,1.4,0.2,0.5,568.0,,,,,,,,,,,,,,,7144.0,0.015,5m,2.2,0.4,1.5,944.0,2048.0,0.015,2m,2.4000000000000004,0.8,1.5,776.0,,,,,,,,,,,,,,,,,,,,,,,,,,,,,1488.0,0.015,1m,2.6,0.4,0.5,576.0,6120.0,0.02,5m,1.4,0.6000000000000001,1.0,256.0,1792.0,0.02,1m,1.4,0.8,1.5,592.0,,,,,,,,7672.0,0.02,4m,2.8,0.4,0.5,160.0,3656,0.015,5m,2.2,0.6000000000000001,2.0,296,,,,,,,,0.5,8,COMPLETE
40,40,-1.2314665314299422,2025-06-21 19:08:02.420463,2025-06-21 19:08:10.367892,0 days 00:00:07.947429,4120.0,0.01,3m,2.6,1.0,0.5,1024.0,5296.0,0.01,5m,2.2,1.0,1.0,624.0,6568.0,0.015,2m,1.0,0.4,0.5,64.0,7872.0,0.02,1m,2.8,1.0,2.0,80.0,6624.0,0.02,2m,1.2,0.0,0.5,296.0,7072.0,0.01,1m,1.6,1.0,0.5,712.0,7432.0,0.015,5m,1.2,0.6000000000000001,1.5,368.0,5544.0,0.02,1m,1.6,0.2,1.0,840.0,2720.0,0.01,3m,3.0,0.4,2.0,680.0,6528.0,0.02,5m,2.6,0.4,2.0,80.0,7592.0,0.02,2m,1.2,0.0,1.5,344.0,,,,,,,,5128.0,0.015,5m,2.0,0.2,0.5,328.0,1832.0,0.01,1m,2.0,0.8,1.0,704.0,4824.0,0.015,3m,2.0,0.0,0.5,328.0,5312.0,0.02,2m,3.0,0.6000000000000001,1.5,696.0,5880.0,0.01,1m,1.6,0.8,2.0,824.0,7256.0,0.015,4m,2.0,0.0,0.5,272.0,4904,0.01,1m,1.6,0.0,2.0,568,3784.0,0.01,5m,2.2,0.0,2.0,608.0,0.35000000000000003,19,COMPLETE
41,41,2.7815548861765786,2025-06-21 19:08:10.463970,2025-06-21 19:08:17.996069,0 days 00:00:07.532099,6272.0,0.015,1m,1.4,0.8,1.0,768.0,,,,,,,,7816.0,0.01,5m,3.0,0.0,0.5,1024.0,,,,,,,,4304.0,0.02,2m,1.4,0.0,0.5,664.0,5912.0,0.015,1m,1.4,0.8,1.0,536.0,8192.0,0.015,5m,1.0,0.8,1.5,536.0,5216.0,0.015,1m,1.4,0.0,2.0,600.0,3864.0,0.02,2m,2.0,1.0,2.0,1016.0,,,,,,,,8168.0,0.015,2m,1.0,0.2,1.5,72.0,,,,,,,,8192.0,0.015,4m,1.6,0.0,0.5,384.0,2640.0,0.01,1m,1.8,1.0,1.5,632.0,5704.0,0.015,2m,1.4,0.2,0.5,64.0,2872.0,0.015,1m,3.0,1.0,1.0,656.0,2776.0,0.015,1m,2.2,1.0,1.5,648.0,7984.0,0.02,4m,2.0,0.4,0.5,224.0,5440,0.01,1m,1.6,1.0,2.0,680,2504.0,0.01,4m,2.2,0.0,2.0,864.0,0.25,16,COMPLETE
42,42,0.16093340013319601,2025-06-21 19:08:18.098931,2025-06-21 19:08:24.799739,0 days 00:00:06.700808,6984.0,0.015,3m,1.2,0.8,1.0,696.0,,,,,,,,8136.0,0.01,5m,2.6,0.0,1.0,856.0,,,,,,,,5368.0,0.02,2m,1.0,0.0,0.5,680.0,5920.0,0.015,1m,1.6,0.6000000000000001,1.0,512.0,7704.0,0.015,5m,1.0,0.8,2.0,560.0,6176.0,0.015,1m,1.2,0.0,2.0,600.0,4008.0,0.02,2m,2.0,1.0,2.0,936.0,,,,,,,,7848.0,0.015,1m,1.0,0.2,1.5,112.0,,,,,,,,7056.0,0.015,4m,1.8,0.2,0.5,312.0,1360.0,0.01,1m,1.8,1.0,1.5,632.0,5840.0,0.015,2m,1.2,0.2,0.5,120.0,3648.0,0.015,1m,2.8,1.0,1.5,760.0,2304.0,0.015,1m,2.0,0.8,1.5,648.0,7832.0,0.02,4m,1.8,0.4,0.5,120.0,4064,0.01,1m,1.8,1.0,2.0,472,1568.0,0.01,4m,2.2,0.0,2.0,952.0,0.25,16,COMPLETE
43,43,-0.509521038244314,2025-06-21 19:08:24.895099,2025-06-21 19:08:32.167088,0 days 00:00:07.271989,2360.0,0.01,1m,1.4,1.0,0.5,536.0,3800.0,0.015,3m,2.6,0.2,0.5,352.0,6832.0,0.015,5m,3.0,0.2,0.5,1008.0,,,,,,,,4384.0,0.02,5m,1.6,0.2,0.5,544.0,5488.0,0.01,1m,1.2,0.8,0.5,528.0,7008.0,0.015,5m,1.2,1.0,2.0,504.0,6712.0,0.015,1m,2.6,0.0,1.5,504.0,4872.0,0.02,2m,2.0,1.0,2.0,976.0,,,,,,,,7096.0,0.015,2m,1.2,0.2,1.5,224.0,,,,,,,,7240.0,0.015,4m,1.4,0.0,0.5,528.0,3736.0,0.01,1m,1.8,1.0,1.0,808.0,5368.0,0.015,2m,1.6,0.0,0.5,208.0,2736.0,0.015,1m,3.0,1.0,1.0,672.0,2672.0,0.015,1m,2.0,1.0,1.0,832.0,7224.0,0.015,2m,1.4,0.2,0.5,240.0,4784,0.01,1m,1.4,1.0,2.0,192,2296.0,0.01,4m,2.0,0.0,2.0,848.0,0.4,17,COMPLETE
44,44,0.08518248270025751,2025-06-21 19:08:32.251207,2025-06-21 19:08:37.525812,0 days 00:00:05.274605,,,,,,,,,,,,,,,,,,,,,,,,,,,,,4944.0,0.02,2m,1.4,0.0,0.5,488.0,4032.0,0.015,1m,1.0,1.0,1.0,672.0,5976.0,0.01,5m,1.0,0.8,1.5,280.0,4248.0,0.015,3m,1.0,0.2,1.5,776.0,3200.0,0.02,1m,1.8,0.8,2.0,1016.0,,,,,,,,7000.0,0.015,2m,1.0,0.4,1.0,128.0,,,,,,,,,,,,,,,2360.0,0.01,2m,2.2,1.0,1.5,872.0,7352.0,0.02,2m,1.0,0.2,1.5,208.0,3360.0,0.015,1m,2.8,1.0,0.5,832.0,,,,,,,,8144.0,0.02,4m,2.4000000000000004,0.0,1.0,128.0,5904,0.01,1m,2.0,1.0,2.0,256,2888.0,0.01,4m,1.8,0.2,2.0,840.0,0.3,12,COMPLETE
45,45,-0.35206495152145484,2025-06-21 19:08:37.579368,2025-06-21 19:08:43.976771,0 days 00:00:06.397403,4440.0,0.015,5m,1.2,0.6000000000000001,1.0,784.0,,,,,,,,,,,,,,,,,,,,,,5952.0,0.02,1m,1.2,0.0,0.5,704.0,6952.0,0.01,2m,1.4,0.8,0.5,832.0,7776.0,0.015,5m,1.6,1.0,2.0,392.0,5104.0,0.015,5m,1.4,0.0,2.0,680.0,2808.0,0.02,4m,2.4000000000000004,1.0,2.0,912.0,,,,,,,,1128.0,0.015,2m,1.4,0.0,1.5,64.0,,,,,,,,8184.0,0.02,1m,2.0,0.2,1.5,808.0,3072.0,0.01,1m,1.4,0.2,0.5,112.0,7776.0,0.01,5m,1.4,0.4,1.5,112.0,4048.0,0.02,5m,2.6,0.8,1.5,576.0,,,,,,,,6736.0,0.02,2m,2.2,0.2,0.5,200.0,6328,0.01,4m,1.4,0.8,0.5,576,1408.0,0.01,4m,2.4000000000000004,0.0,2.0,960.0,0.25,14,COMPLETE
46,46,0.9370856973557293,2025-06-21 19:08:44.082320,2025-06-21 19:08:48.472541,0 days 00:00:04.390221,,,,,,,,,,,,,,,,,,,,,,,,,,,,,3080.0,0.02,2m,1.0,0.2,1.0,400.0,,,,,,,,,,,,,,,7792.0,0.015,1m,1.6,0.2,1.0,512.0,3424.0,0.02,2m,2.6,0.8,1.5,832.0,,,,,,,,7744.0,0.015,5m,3.0,0.2,1.0,448.0,,,,,,,,,,,,,,,2000.0,0.01,4m,2.8,0.8,1.0,496.0,6280.0,0.015,2m,1.8,0.0,0.5,152.0,4696.0,0.015,3m,3.0,1.0,1.5,512.0,,,,,,,,7720.0,0.02,4m,1.8,0.4,0.5,808.0,5176,0.01,5m,1.6,1.0,1.5,328,1992.0,0.01,1m,1.6,0.2,2.0,352.0,0.35000000000000003,10,COMPLETE
47,47,0.9552442425801998,2025-06-21 19:08:48.547543,2025-06-21 19:08:56.528977,0 days 00:00:07.981434,3264.0,0.01,4m,1.8,0.8,0.5,904.0,6128.0,0.01,5m,1.8,0.8,1.5,792.0,4088.0,0.01,5m,2.2,0.2,1.5,768.0,4704.0,0.01,5m,1.0,0.0,1.0,984.0,6392.0,0.015,2m,1.8,0.0,1.5,760.0,6696.0,0.015,5m,2.0,0.6000000000000001,1.0,592.0,8040.0,0.01,5m,1.2,0.6000000000000001,2.0,536.0,4488.0,0.015,2m,1.2,0.0,1.5,608.0,3944.0,0.015,2m,1.8,1.0,2.0,944.0,,,,,,,,8192.0,0.015,2m,1.8,0.4,1.5,336.0,,,,,,,,6952.0,0.015,4m,1.4,0.6000000000000001,1.0,248.0,1536.0,0.015,1m,2.4000000000000004,0.6000000000000001,0.5,608.0,6752.0,0.02,3m,1.2,0.6000000000000001,1.0,240.0,5808.0,0.01,1m,2.4000000000000004,0.8,1.0,808.0,5464.0,0.01,4m,1.2,0.6000000000000001,2.0,544.0,7272.0,0.015,4m,1.4,0.0,0.5,104.0,5544,0.02,1m,2.2,1.0,1.5,728,2584.0,0.01,1m,2.0,0.0,1.5,752.0,0.2,18,COMPLETE
48,48,-0.13871752002936294,2025-06-21 19:08:56.624494,2025-06-21 19:09:03.713272,0 days 00:00:07.088778,6832.0,0.015,1m,1.0,1.0,1.0,552.0,,,,,,,,6008.0,0.01,3m,3.0,0.6000000000000001,0.5,608.0,,,,,,,,5512.0,0.02,5m,1.4,0.2,0.5,536.0,7496.0,0.01,1m,1.6,1.0,0.5,1000.0,7272.0,0.015,5m,2.2,0.8,1.5,304.0,1104.0,0.015,1m,3.0,0.6000000000000001,0.5,712.0,4600.0,0.02,1m,2.2,1.0,1.0,160.0,,,,,,,,7328.0,0.02,4m,2.6,0.0,1.0,224.0,,,,,,,,4680.0,0.02,4m,1.8,0.0,0.5,544.0,4240.0,0.01,1m,2.0,1.0,1.5,784.0,7000.0,0.02,3m,1.6,0.2,0.5,64.0,5176.0,0.02,1m,2.0,0.6000000000000001,1.5,416.0,8072.0,0.015,3m,1.8,0.8,1.5,888.0,5840.0,0.015,1m,2.0,0.2,0.5,360.0,4248,0.015,1m,2.8,0.4,2.0,408,3344.0,0.01,5m,3.0,0.0,2.0,552.0,0.45,16,COMPLETE
49,49,0.08040908069377749,2025-06-21 19:09:03.816746,2025-06-21 19:09:09.143750,0 days 00:00:05.327004,4808.0,0.01,3m,1.6,0.6000000000000001,0.5,664.0,,,,,,,,,,,,,,,,,,,,,,6976.0,0.02,2m,2.0,0.4,2.0,600.0,5320.0,0.01,1m,1.2,0.8,1.0,744.0,1032.0,0.015,2m,1.6,1.0,1.5,656.0,3096.0,0.01,3m,1.4,0.4,2.0,328.0,2360.0,0.02,2m,3.0,0.4,1.5,864.0,,,,,,,,6784.0,0.015,5m,1.2,0.2,1.5,144.0,,,,,,,,5680.0,0.015,4m,2.6,0.2,1.0,488.0,1056.0,0.01,4m,3.0,0.4,1.5,952.0,5192.0,0.01,4m,1.4,0.0,1.0,328.0,1768.0,0.015,1m,2.6,1.0,1.0,680.0,,,,,,,,7800.0,0.015,3m,3.0,0.4,1.0,312.0,3280,0.01,3m,2.0,0.2,2.0,120,1072.0,0.01,1m,2.8,0.2,1.5,888.0,0.4,14,COMPLETE
50,50,-4.064439247510412,2025-06-21 19:09:09.215624,2025-06-21 19:09:16.972952,0 days 00:00:07.757328,2008.0,0.015,3m,1.2,0.8,1.0,960.0,3752.0,0.015,1m,1.0,0.8,1.0,408.0,7480.0,0.015,2m,2.6,0.0,1.0,864.0,1272.0,0.02,4m,2.4000000000000004,0.6000000000000001,1.5,72.0,4776.0,0.015,4m,1.6,0.6000000000000001,1.0,456.0,5944.0,0.015,1m,1.8,0.6000000000000001,0.5,888.0,6056.0,0.015,1m,1.0,0.8,2.0,176.0,1672.0,0.02,1m,1.0,0.0,1.5,544.0,1976.0,0.015,4m,2.8,0.8,2.0,1024.0,1176.0,0.01,1m,1.0,1.0,0.5,1024.0,7864.0,0.015,1m,1.6,0.4,2.0,288.0,,,,,,,,7376.0,0.02,5m,1.2,1.0,0.5,616.0,1840.0,0.015,1m,1.8,0.8,0.5,560.0,4448.0,0.015,2m,1.2,0.4,0.5,168.0,3576.0,0.02,1m,2.8,0.8,2.0,744.0,3320.0,0.01,1m,2.4000000000000004,1.0,1.0,728.0,5160.0,0.02,2m,2.0,0.2,0.5,1024.0,1024,0.01,5m,1.8,0.8,1.5,632,1720.0,0.01,4m,2.2,0.8,2.0,456.0,0.35000000000000003,19,COMPLETE
51,51,2.053274926197563,2025-06-21 19:09:17.068441,2025-06-21 19:09:23.650023,0 days 00:00:06.581582,6160.0,0.015,1m,1.6,0.8,1.0,792.0,,,,,,,,8088.0,0.01,5m,3.0,0.0,0.5,936.0,,,,,,,,4032.0,0.02,2m,1.4,0.0,0.5,656.0,6064.0,0.02,1m,1.4,0.8,1.0,624.0,7816.0,0.015,5m,1.0,0.8,1.5,424.0,5184.0,0.015,1m,1.4,0.0,2.0,576.0,3720.0,0.02,2m,2.0,1.0,2.0,1000.0,,,,,,,,7992.0,0.015,2m,1.0,0.2,1.5,88.0,,,,,,,,8088.0,0.015,4m,1.6,0.0,0.5,432.0,2800.0,0.01,1m,2.0,1.0,1.5,688.0,5848.0,0.015,3m,1.4,0.2,0.5,96.0,2576.0,0.015,1m,3.0,1.0,1.0,600.0,2144.0,0.015,1m,2.4000000000000004,1.0,1.5,584.0,7944.0,0.01,4m,2.0,0.4,0.5,240.0,5264,0.01,1m,1.6,0.8,2.0,792,2480.0,0.01,1m,2.2,0.0,2.0,856.0,0.1,16,COMPLETE
52,52,-1.153122920101003,2025-06-21 19:09:23.773896,2025-06-21 19:09:30.168306,0 days 00:00:06.394410,5736.0,0.015,1m,1.6,1.0,1.0,832.0,,,,,,,,,,,,,,,,,,,,,,4080.0,0.02,2m,1.2,0.0,0.5,656.0,6448.0,0.02,1m,1.4,0.8,1.0,568.0,7664.0,0.015,5m,3.0,0.6000000000000001,1.5,480.0,5312.0,0.015,1m,1.6,0.0,2.0,648.0,4384.0,0.02,2m,2.0,1.0,2.0,984.0,,,,,,,,7320.0,0.015,2m,1.0,1.0,1.5,112.0,,,,,,,,8192.0,0.015,4m,1.6,0.0,0.5,432.0,3296.0,0.01,1m,2.0,1.0,1.5,728.0,6376.0,0.015,3m,1.4,0.2,0.5,112.0,2592.0,0.015,1m,3.0,1.0,1.0,656.0,1920.0,0.015,1m,2.6,1.0,1.5,536.0,7400.0,0.015,4m,2.2,0.4,0.5,256.0,6912,0.01,1m,1.2,0.8,2.0,808,2176.0,0.01,1m,2.4000000000000004,0.0,2.0,832.0,0.05,15,COMPLETE
53,53,0.24532350130096095,2025-06-21 19:09:30.257116,2025-06-21 19:09:36.919182,0 days 00:00:06.662066,7048.0,0.02,1m,1.8,0.8,1.5,856.0,,,,,,,,8112.0,0.01,5m,2.8,0.2,0.5,1024.0,,,,,,,,5840.0,0.02,2m,1.6,0.0,0.5,832.0,4384.0,0.02,1m,1.2,1.0,0.5,680.0,8176.0,0.02,5m,1.2,0.8,1.5,440.0,4864.0,0.015,1m,1.4,0.0,2.0,448.0,3248.0,0.01,2m,1.8,1.0,2.0,944.0,,,,,,,,7808.0,0.015,2m,1.2,0.2,1.5,184.0,,,,,,,,6808.0,0.015,4m,2.0,0.2,0.5,232.0,2648.0,0.01,3m,2.2,1.0,1.5,632.0,5776.0,0.015,3m,2.2,0.2,0.5,96.0,3160.0,0.015,1m,3.0,1.0,1.0,608.0,3640.0,0.015,1m,2.6,0.8,2.0,600.0,7904.0,0.01,4m,1.8,0.6000000000000001,0.5,64.0,5584,0.01,1m,1.4,1.0,2.0,736,3112.0,0.01,1m,2.2,0.0,2.0,960.0,0.4,16,COMPLETE
54,54,0.7186532395613563,2025-06-21 19:09:36.990355,2025-06-21 19:09:44.257526,0 days 00:00:07.267171,3896.0,0.015,1m,1.2,0.6000000000000001,1.0,792.0,6728.0,0.01,3m,3.0,0.4,1.5,832.0,7368.0,0.01,5m,2.8,0.0,0.5,904.0,,,,,,,,3304.0,0.02,1m,1.4,0.0,0.5,744.0,7672.0,0.015,4m,1.6,0.6000000000000001,1.5,456.0,6960.0,0.015,4m,1.0,1.0,2.0,296.0,5632.0,0.015,1m,1.2,0.2,2.0,552.0,4008.0,0.02,2m,2.2,1.0,2.0,992.0,,,,,,,,5240.0,0.015,2m,1.0,0.8,1.5,104.0,,,,,,,,7584.0,0.015,4m,1.6,0.0,1.0,456.0,5208.0,0.01,5m,2.4000000000000004,1.0,1.5,848.0,7896.0,0.015,3m,1.6,0.4,1.0,176.0,2008.0,0.015,4m,2.8,1.0,0.5,480.0,5176.0,0.015,1m,1.8,1.0,1.5,488.0,8192.0,0.015,5m,1.6,0.4,0.5,416.0,4568,0.01,1m,1.6,1.0,2.0,768,1392.0,0.01,1m,1.8,0.0,2.0,728.0,0.25,17,COMPLETE
55,55,-1.168570243093506,2025-06-21 19:09:44.344376,2025-06-21 19:09:49.590807,0 days 00:00:05.246431,,,,,,,,,,,,,,,,,,,,,,,,,,,,,4664.0,0.02,3m,1.2,0.0,0.5,560.0,6200.0,0.015,1m,1.4,0.8,1.0,832.0,7672.0,0.02,5m,1.2,0.8,1.0,384.0,6344.0,0.015,5m,1.8,0.0,2.0,592.0,3520.0,0.02,5m,2.4000000000000004,0.8,1.5,928.0,,,,,,,,6368.0,0.015,4m,1.2,0.2,1.5,160.0,,,,,,,,,,,,,,,1352.0,0.01,1m,2.0,0.8,1.0,792.0,6128.0,0.015,5m,1.8,0.2,1.5,288.0,2848.0,0.015,1m,3.0,1.0,1.0,536.0,,,,,,,,6504.0,0.01,1m,2.2,0.4,0.5,528.0,5136,0.01,1m,1.8,1.0,2.0,192,2472.0,0.01,1m,1.6,0.2,2.0,992.0,0.1,12,COMPLETE
56,56,-3.2498462174071774,2025-06-21 19:09:49.664183,2025-06-21 19:09:55.710588,0 days 00:00:06.046405,3112.0,0.015,1m,1.4,1.0,0.5,624.0,,,,,,,,,,,,,,,,,,,,,,4264.0,0.02,2m,1.8,0.2,1.0,512.0,6792.0,0.015,2m,1.8,1.0,1.5,920.0,6568.0,0.015,4m,1.4,0.6000000000000001,2.0,560.0,4376.0,0.015,1m,1.4,0.0,1.5,424.0,2864.0,0.02,3m,2.6,1.0,2.0,368.0,,,,,,,,2336.0,0.015,2m,1.0,0.4,2.0,88.0,,,,,,,,6328.0,0.015,1m,1.2,0.0,0.5,328.0,4128.0,0.01,1m,2.6,1.0,1.5,712.0,4160.0,0.015,3m,1.2,0.0,0.5,232.0,4392.0,0.01,1m,2.8,0.8,1.5,456.0,,,,,,,,3344.0,0.02,4m,2.0,0.2,0.5,192.0,3744,0.01,2m,2.0,0.8,1.0,888,3904.0,0.01,3m,2.0,0.0,2.0,800.0,0.2,14,COMPLETE
57,57,-0.9444825496346726,2025-06-21 19:09:55.801205,2025-06-21 19:10:03.572988,0 days 00:00:07.771783,6592.0,0.01,3m,1.6,0.6000000000000001,0.5,576.0,6832.0,0.015,4m,2.2,0.8,0.5,1024.0,6288.0,0.01,4m,3.0,0.2,1.0,776.0,6136.0,0.01,2m,1.0,0.6000000000000001,1.0,736.0,3904.0,0.02,2m,1.0,0.0,0.5,360.0,5216.0,0.02,4m,2.0,0.6000000000000001,0.5,472.0,7200.0,0.01,5m,2.6,1.0,1.5,448.0,5016.0,0.015,1m,1.0,0.0,1.5,528.0,5408.0,0.02,2m,1.6,0.8,0.5,576.0,4280.0,0.015,4m,2.0,0.0,1.5,512.0,7040.0,0.02,2m,1.2,0.6000000000000001,1.0,568.0,,,,,,,,7584.0,0.015,3m,1.8,0.2,1.0,216.0,2304.0,0.01,1m,1.8,1.0,1.0,352.0,6880.0,0.015,4m,1.4,0.2,0.5,64.0,2384.0,0.015,3m,3.0,1.0,1.0,720.0,1976.0,0.01,1m,2.2,0.6000000000000001,1.0,736.0,7024.0,0.01,3m,2.6,0.6000000000000001,2.0,96.0,2768,0.01,3m,1.6,0.8,2.0,528,6800.0,0.01,1m,2.0,1.0,2.0,1024.0,0.5,19,COMPLETE
58,58,-2.5005951742075974,2025-06-21 19:10:03.649677,2025-06-21 19:10:09.545680,0 days 00:00:05.896003,7424.0,0.02,4m,1.0,0.8,1.0,728.0,,,,,,,,,,,,,,,,,,,,,,5344.0,0.02,4m,1.4,0.2,0.5,592.0,5592.0,0.02,5m,1.6,0.8,1.5,328.0,4736.0,0.02,3m,1.0,0.8,2.0,328.0,6032.0,0.015,1m,1.6,0.2,2.0,472.0,1368.0,0.02,2m,2.0,1.0,2.0,856.0,,,,,,,,7984.0,0.015,5m,1.8,0.0,1.5,240.0,,,,,,,,,,,,,,,3640.0,0.01,2m,2.4000000000000004,0.8,1.5,672.0,7432.0,0.02,3m,1.0,0.4,1.0,384.0,6936.0,0.02,1m,1.2,0.8,1.0,608.0,,,,,,,,7792.0,0.015,4m,1.6,0.0,1.5,240.0,5776,0.01,1m,1.4,1.0,2.0,704,1344.0,0.015,5m,2.4000000000000004,0.2,1.5,896.0,0.3,13,COMPLETE
59,59,-0.5329371855494948,2025-06-21 19:10:09.638462,2025-06-21 19:10:15.898014,0 days 00:00:06.259552,5720.0,0.015,2m,1.4,1.0,1.5,520.0,,,,,,,,,,,,,,,,,,,,,,3104.0,0.02,2m,1.4,0.0,1.5,216.0,4432.0,0.01,1m,3.0,0.2,1.0,632.0,7784.0,0.015,1m,1.4,0.6000000000000001,1.0,608.0,6904.0,0.015,3m,1.2,0.0,1.5,360.0,3776.0,0.02,1m,2.0,0.2,2.0,992.0,,,,,,,,7456.0,0.02,2m,1.4,0.2,0.5,64.0,,,,,,,,6608.0,0.02,4m,1.4,0.8,0.5,680.0,1768.0,0.01,3m,2.2,1.0,2.0,544.0,5768.0,0.015,3m,1.6,0.0,0.5,112.0,1472.0,0.015,2m,2.6,1.0,1.5,856.0,2544.0,0.015,1m,2.4000000000000004,0.8,2.0,904.0,7480.0,0.01,5m,2.4000000000000004,0.2,1.0,184.0,4736,0.01,1m,2.2,1.0,2.0,344,1808.0,0.02,4m,2.2,0.6000000000000001,1.5,688.0,0.35000000000000003,15,COMPLETE
60,60,-0.2650471261052542,2025-06-21 19:10:15.989804,2025-06-21 19:10:20.531128,0 days 00:00:04.541324,,,,,,,,,,,,,,,,,,,,,,,,,,,,,5776.0,0.02,3m,3.0,0.4,0.5,272.0,,,,,,,,,,,,,,,5352.0,0.015,1m,1.8,0.2,2.0,688.0,2560.0,0.02,2m,2.2,0.6000000000000001,1.5,888.0,,,,,,,,7864.0,0.01,2m,1.0,0.2,1.5,128.0,,,,,,,,,,,,,,,2920.0,0.015,1m,2.6,0.8,1.0,760.0,6528.0,0.02,2m,2.8,0.2,1.5,528.0,3752.0,0.02,4m,2.8,0.6000000000000001,1.5,776.0,,,,,,,,7896.0,0.02,4m,1.0,0.4,0.5,328.0,6152,0.01,4m,2.4000000000000004,0.8,1.5,640,2680.0,0.015,1m,1.8,0.0,2.0,496.0,0.45,10,COMPLETE
61,61,0.9451010189262425,2025-06-21 19:10:20.603708,2025-06-21 19:10:27.426586,0 days 00:00:06.822878,6624.0,0.015,1m,1.6,0.8,1.0,760.0,,,,,,,,8088.0,0.01,5m,3.0,0.0,0.5,912.0,,,,,,,,2744.0,0.02,2m,1.6,0.0,0.5,664.0,6048.0,0.02,1m,1.4,0.8,1.0,640.0,7904.0,0.015,5m,1.0,0.8,1.5,400.0,4664.0,0.015,1m,1.4,0.0,2.0,560.0,3720.0,0.02,2m,1.4,1.0,2.0,1024.0,,,,,,,,8152.0,0.015,3m,1.0,0.2,1.5,64.0,,,,,,,,7760.0,0.015,4m,1.6,0.0,0.5,384.0,2656.0,0.01,1m,2.0,1.0,1.5,688.0,5584.0,0.015,1m,1.4,0.2,0.5,88.0,2560.0,0.015,1m,3.0,1.0,1.0,640.0,1640.0,0.015,1m,2.2,1.0,1.5,712.0,7976.0,0.01,4m,1.8,0.4,0.5,240.0,5384,0.01,1m,1.6,0.6000000000000001,2.0,784,2408.0,0.01,2m,2.2,0.0,2.0,864.0,0.15000000000000002,16,COMPLETE
62,62,0.4519666722867577,2025-06-21 19:10:27.507362,2025-06-21 19:10:34.522779,0 days 00:00:07.015417,7392.0,0.015,1m,2.0,0.8,1.0,952.0,4448.0,0.01,5m,2.6,0.0,1.5,472.0,7472.0,0.01,5m,2.6,0.0,0.5,944.0,,,,,,,,3624.0,0.02,2m,1.4,0.0,0.5,632.0,6512.0,0.02,1m,1.4,0.8,1.0,736.0,7960.0,0.015,5m,1.2,0.8,1.5,520.0,5248.0,0.015,1m,1.4,0.0,2.0,648.0,4264.0,0.02,2m,1.4,1.0,2.0,992.0,,,,,,,,7880.0,0.015,3m,1.0,0.2,1.5,200.0,,,,,,,,8128.0,0.015,4m,1.6,0.0,0.5,400.0,1272.0,0.01,1m,1.8,1.0,1.5,656.0,5600.0,0.015,1m,1.4,0.2,0.5,176.0,2240.0,0.015,1m,3.0,1.0,1.0,616.0,1448.0,0.015,1m,2.4000000000000004,1.0,1.5,672.0,8160.0,0.01,4m,2.0,0.6000000000000001,0.5,128.0,5040,0.01,1m,1.6,0.8,2.0,824,2160.0,0.01,2m,2.2,0.0,2.0,928.0,0.1,17,COMPLETE
63,63,-0.30737435274230157,2025-06-21 19:10:34.621214,2025-06-21 19:10:42.242739,0 days 00:00:07.621525,6064.0,0.02,1m,1.8,0.6000000000000001,1.0,808.0,3192.0,0.015,5m,2.0,0.2,1.0,296.0,8168.0,0.015,5m,3.0,0.0,0.5,952.0,3320.0,0.015,4m,2.2,0.8,2.0,296.0,3912.0,0.02,2m,1.2,0.0,0.5,720.0,5016.0,0.02,1m,1.2,1.0,1.0,592.0,7544.0,0.015,5m,1.0,0.2,1.5,256.0,4064.0,0.015,1m,1.2,0.0,2.0,624.0,2992.0,0.02,2m,2.8,1.0,2.0,952.0,,,,,,,,7256.0,0.015,3m,1.2,0.2,1.5,112.0,,,,,,,,1152.0,0.015,5m,1.8,0.0,0.5,480.0,1632.0,0.01,1m,2.0,1.0,1.5,608.0,4968.0,0.015,1m,1.6,0.2,0.5,920.0,3112.0,0.015,1m,3.0,1.0,1.0,656.0,2848.0,0.015,1m,1.8,1.0,1.5,632.0,7472.0,0.01,4m,1.8,0.4,0.5,216.0,6688,0.01,1m,1.8,1.0,2.0,704,3040.0,0.01,3m,2.0,0.0,2.0,808.0,0.05,18,COMPLETE
64,64,2.997751604728127,2025-06-21 19:10:42.347019,2025-06-21 19:10:48.754849,0 days 00:00:06.407830,4888.0,0.015,1m,1.2,0.8,0.5,704.0,,,,,,,,,,,,,,,,,,,,,,4992.0,0.02,2m,1.4,0.0,0.5,416.0,7792.0,0.02,3m,1.4,0.6000000000000001,1.5,696.0,8120.0,0.015,2m,1.0,1.0,1.5,992.0,5752.0,0.015,1m,1.2,0.0,2.0,584.0,3376.0,0.02,5m,2.6,0.8,2.0,1024.0,,,,,,,,7592.0,0.015,4m,1.0,0.4,1.5,896.0,,,,,,,,7520.0,0.015,4m,3.0,0.2,0.5,600.0,3400.0,0.01,5m,2.2,1.0,2.0,976.0,5272.0,0.02,3m,1.2,0.4,0.5,64.0,4072.0,0.015,1m,2.8,0.8,0.5,576.0,7048.0,0.015,4m,2.2,1.0,1.5,568.0,7008.0,0.01,4m,2.0,0.0,0.5,152.0,4296,0.01,1m,1.6,1.0,2.0,672,3480.0,0.01,1m,2.6,0.0,2.0,856.0,0.1,15,COMPLETE
65,65,1.0002698659717313,2025-06-21 19:10:48.832127,2025-06-21 19:10:53.583069,0 days 00:00:04.750942,,,,,,,,,,,,,,,,,,,,,,,,,,,,,4856.0,0.02,2m,1.2,0.0,0.5,416.0,,,,,,,,8184.0,0.015,2m,1.2,1.0,1.0,880.0,5784.0,0.015,1m,1.0,0.0,2.0,592.0,3432.0,0.02,5m,2.6,0.8,2.0,904.0,,,,,,,,3344.0,0.015,4m,1.2,0.4,1.5,624.0,,,,,,,,,,,,,,,3320.0,0.01,5m,2.2,1.0,2.0,888.0,5312.0,0.02,3m,1.2,0.4,0.5,112.0,4184.0,0.015,1m,2.8,0.8,0.5,576.0,,,,,,,,6536.0,0.01,4m,2.0,0.0,0.5,168.0,3472,0.01,1m,1.8,1.0,2.0,944,3416.0,0.01,1m,2.6,0.2,2.0,768.0,0.1,11,COMPLETE
66,66,2.46980548320721,2025-06-21 19:10:53.649109,2025-06-21 19:11:00.319622,0 days 00:00:06.670513,4784.0,0.02,2m,1.2,1.0,0.5,664.0,,,,,,,,,,,,,,,,,,,,,,5352.0,0.02,2m,1.4,0.0,1.0,464.0,7696.0,0.02,3m,1.0,0.4,1.5,696.0,7000.0,0.015,2m,1.0,1.0,2.0,1008.0,6544.0,0.015,4m,1.0,0.0,1.5,472.0,2624.0,0.02,5m,2.4000000000000004,0.8,2.0,792.0,,,,,,,,6848.0,0.015,4m,1.0,0.4,2.0,872.0,,,,,,,,7344.0,0.02,4m,3.0,0.2,1.5,608.0,4368.0,0.01,5m,2.4000000000000004,1.0,2.0,976.0,7184.0,0.02,3m,1.2,0.6000000000000001,0.5,152.0,4584.0,0.02,1m,1.6,0.8,0.5,920.0,7392.0,0.01,4m,2.0,0.8,1.0,576.0,6976.0,0.015,4m,2.2,0.0,0.5,96.0,3976,0.01,2m,1.6,1.0,2.0,240,4184.0,0.01,1m,2.8,0.0,2.0,968.0,0.15000000000000002,15,COMPLETE
67,67,-0.11265554472153896,2025-06-21 19:11:00.412131,2025-06-21 19:11:07.262781,0 days 00:00:06.850650,4744.0,0.02,2m,1.2,1.0,0.5,680.0,,,,,,,,,,,,,,,,,,,,,,4552.0,0.02,2m,1.6,0.2,1.0,472.0,7816.0,0.02,3m,1.0,0.4,1.5,696.0,6304.0,0.015,2m,2.0,1.0,2.0,1000.0,6616.0,0.015,4m,1.0,0.0,1.5,248.0,2608.0,0.02,5m,2.8,0.6000000000000001,2.0,792.0,,,,,,,,6576.0,0.015,4m,2.2,0.6000000000000001,2.0,912.0,,,,,,,,7248.0,0.02,4m,3.0,0.2,1.5,600.0,4472.0,0.01,5m,2.8,0.8,2.0,968.0,7216.0,0.02,3m,1.0,0.6000000000000001,1.0,144.0,4512.0,0.02,5m,1.6,0.8,0.5,920.0,7304.0,0.01,4m,2.0,0.8,1.0,576.0,6992.0,0.015,1m,2.2,0.0,0.5,104.0,4056,0.01,2m,1.2,1.0,2.0,216,4680.0,0.01,1m,2.8,0.0,2.0,984.0,0.15000000000000002,15,COMPLETE
68,68,1.1948798573209156,2025-06-21 19:11:07.334866,2025-06-21 19:11:15.796698,0 days 00:00:08.461832,5016.0,0.02,2m,1.2,1.0,0.5,616.0,8192.0,0.01,4m,1.4,0.6000000000000001,0.5,704.0,4872.0,0.015,5m,2.0,0.4,1.0,816.0,6248.0,0.01,1m,2.6,0.2,1.0,688.0,5272.0,0.02,2m,1.4,0.0,1.0,384.0,7312.0,0.02,3m,1.0,0.2,1.5,920.0,7056.0,0.01,2m,1.8,1.0,1.5,912.0,7320.0,0.015,4m,1.0,0.2,2.0,464.0,2248.0,0.02,5m,3.0,0.8,2.0,960.0,4728.0,0.015,1m,2.0,0.6000000000000001,1.0,568.0,6864.0,0.015,4m,1.0,0.4,2.0,776.0,1048.0,0.02,2m,1.6,0.0,0.5,64.0,7608.0,0.02,4m,3.0,0.2,2.0,640.0,3784.0,0.01,5m,1.4,1.0,2.0,1024.0,7528.0,0.02,3m,1.2,0.8,0.5,64.0,5560.0,0.015,1m,1.6,0.8,0.5,960.0,7152.0,0.01,4m,2.4000000000000004,1.0,1.0,496.0,6088.0,0.015,4m,2.6,0.0,1.5,88.0,4408,0.02,2m,1.4,1.0,1.0,608,4280.0,0.015,1m,2.8,0.0,2.0,928.0,0.1,20,COMPLETE
69,69,1.7335793818182799,2025-06-21 19:11:15.901221,2025-06-21 19:11:22.273869,0 days 00:00:06.372648,5520.0,0.015,2m,1.0,0.8,0.5,720.0,,,,,,,,,,,,,,,,,,,,,,5032.0,0.015,2m,1.0,0.2,1.0,328.0,1048.0,0.02,3m,2.8,0.4,1.5,768.0,5112.0,0.02,2m,1.2,0.4,2.0,960.0,6408.0,0.015,4m,1.2,0.0,1.5,384.0,1800.0,0.02,5m,2.6,0.6000000000000001,1.0,832.0,,,,,,,,7536.0,0.02,4m,1.4,0.4,2.0,864.0,,,,,,,,8176.0,0.02,4m,2.8,0.4,1.5,560.0,4336.0,0.01,5m,2.2,0.0,2.0,960.0,7776.0,0.02,3m,1.2,0.6000000000000001,0.5,216.0,5080.0,0.02,1m,1.2,0.6000000000000001,0.5,1008.0,,,,,,,,6752.0,0.01,4m,2.8,0.0,1.0,144.0,3056,0.01,2m,1.6,1.0,2.0,384,5288.0,0.01,1m,3.0,0.2,2.0,368.0,0.15000000000000002,14,COMPLETE
70,70,1.6958818013070824,2025-06-21 19:11:22.335868,2025-06-21 19:11:28.818304,0 days 00:00:06.482436,4360.0,0.02,2m,1.4,0.2,0.5,480.0,,,,,,,,,,,,,,,,,,,,,,5536.0,0.02,4m,1.6,1.0,0.5,432.0,7848.0,0.02,3m,1.0,0.2,2.0,800.0,6816.0,0.01,2m,1.0,1.0,1.0,720.0,6896.0,0.015,4m,1.2,0.0,2.0,808.0,3160.0,0.02,5m,2.4000000000000004,0.8,2.0,472.0,,,,,,,,6184.0,0.01,4m,1.2,0.4,1.0,856.0,,,,,,,,6720.0,0.01,2m,2.6,0.0,1.0,728.0,6152.0,0.01,5m,2.4000000000000004,1.0,2.0,912.0,6872.0,0.02,3m,1.0,0.6000000000000001,1.0,280.0,3912.0,0.015,3m,1.8,0.2,0.5,896.0,7704.0,0.01,4m,1.4,1.0,1.5,368.0,4400.0,0.015,3m,2.6,1.0,0.5,272.0,2416,0.01,2m,1.6,1.0,2.0,512,3840.0,0.01,1m,2.6,0.0,1.0,624.0,0.1,15,COMPLETE
71,71,0.013329672522451664,2025-06-21 19:11:28.920817,2025-06-21 19:11:34.942768,0 days 00:00:06.021951,3632.0,0.015,1m,1.4,1.0,0.5,656.0,,,,,,,,,,,,,,,,,,,,,,6384.0,0.02,2m,2.8,0.0,0.5,520.0,7128.0,0.02,3m,1.2,0.6000000000000001,1.5,552.0,7424.0,0.015,2m,1.0,1.0,2.0,448.0,6120.0,0.015,2m,1.0,0.0,1.5,496.0,2952.0,0.02,5m,2.2,0.8,2.0,992.0,,,,,,,,7664.0,0.015,4m,1.0,0.4,1.5,984.0,,,,,,,,,,,,,,,7472.0,0.01,5m,2.4000000000000004,1.0,2.0,984.0,5944.0,0.02,3m,1.4,0.4,0.5,136.0,4712.0,0.02,1m,2.0,0.8,0.5,528.0,,,,,,,,7208.0,0.015,4m,2.0,0.0,0.5,168.0,4264,0.01,1m,1.8,1.0,2.0,288,3256.0,0.01,1m,1.0,0.0,2.0,880.0,0.05,13,COMPLETE
72,72,0.5537607630250992,2025-06-21 19:11:35.019159,2025-06-21 19:11:40.357069,0 days 00:00:05.337910,,,,,,,,,,,,,,,,,,,,,,,,,,,,,5632.0,0.02,2m,1.4,0.0,0.5,488.0,8128.0,0.02,3m,1.8,0.4,1.5,648.0,7920.0,0.015,3m,1.0,1.0,2.0,1008.0,5504.0,0.015,1m,1.2,0.0,1.5,576.0,3920.0,0.02,5m,2.4000000000000004,0.8,2.0,1008.0,,,,,,,,7192.0,0.015,2m,1.0,0.6000000000000001,2.0,808.0,,,,,,,,,,,,,,,2104.0,0.01,5m,2.6,1.0,2.0,912.0,6200.0,0.02,3m,1.2,0.8,0.5,184.0,4368.0,0.02,1m,1.0,0.8,0.5,680.0,,,,,,,,7600.0,0.015,4m,2.4000000000000004,0.0,0.5,200.0,3512,0.01,1m,2.0,1.0,2.0,232,4352.0,0.01,1m,2.8,0.0,0.5,808.0,0.15000000000000002,12,COMPLETE
73,73,1.9541342107991149,2025-06-21 19:11:40.451588,2025-06-21 19:11:47.506493,0 days 00:00:07.054905,5760.0,0.015,2m,1.2,0.8,0.5,880.0,,,,,,,,7040.0,0.01,4m,1.4,0.2,1.5,664.0,,,,,,,,6000.0,0.02,2m,1.2,0.0,0.5,448.0,7640.0,0.015,3m,1.4,0.6000000000000001,1.5,736.0,8184.0,0.015,2m,1.0,1.0,2.0,824.0,7616.0,0.015,1m,1.2,0.0,1.5,712.0,3600.0,0.02,5m,2.6,1.0,2.0,920.0,,,,,,,,8192.0,0.015,2m,1.0,0.2,0.5,896.0,,,,,,,,7328.0,0.02,4m,2.8,0.4,1.5,520.0,3896.0,0.01,5m,2.2,1.0,0.5,856.0,7208.0,0.02,3m,1.4,0.4,0.5,96.0,3496.0,0.02,1m,2.8,0.8,1.5,376.0,6744.0,0.015,3m,1.6,0.8,1.0,576.0,1736.0,0.015,4m,2.2,0.2,0.5,136.0,3824,0.01,1m,1.4,1.0,2.0,160,1976.0,0.01,1m,2.4000000000000004,0.0,2.0,912.0,0.2,16,COMPLETE
74,74,2.0601452127183704,2025-06-21 19:11:47.564260,2025-06-21 19:11:50.555848,0 days 00:00:02.991588,,,,,,,,,,,,,,,,,,,,,,,,,,,,,5376.0,0.02,2m,1.4,0.0,1.5,368.0,,,,,,,,,,,,,,,5784.0,0.015,4m,1.4,0.0,1.5,632.0,2664.0,0.02,3m,2.8,1.0,2.0,960.0,,,,,,,,,,,,,,,,,,,,,,,,,,,,,3448.0,0.01,1m,2.4000000000000004,1.0,2.0,816.0,6664.0,0.02,3m,1.6,0.2,0.5,160.0,4192.0,0.02,1m,1.4,1.0,1.5,736.0,,,,,,,,,,,,,,,4800,0.01,2m,2.4000000000000004,1.0,2.0,280,,,,,,,,0.4,7,COMPLETE
75,75,-0.24632962352081217,2025-06-21 19:11:50.646754,2025-06-21 19:11:52.878817,0 days 00:00:02.232063,,,,,,,,,,,,,,,,,,,,,,,,,,,,,,,,,,,,,,,,,,,,,,,,,,5880.0,0.015,4m,1.6,0.2,1.0,640.0,2616.0,0.02,3m,2.8,1.0,2.0,960.0,,,,,,,,,,,,,,,,,,,,,,,,,,,,,4944.0,0.01,1m,2.6,0.8,2.0,808.0,,,,,,,,4184.0,0.02,1m,1.4,1.0,0.5,736.0,,,,,,,,,,,,,,,4864,0.01,2m,2.4000000000000004,1.0,2.0,448,,,,,,,,0.1,5,COMPLETE
76,76,0.060406674639782325,2025-06-21 19:11:52.950548,2025-06-21 19:12:02.138640,0 days 00:00:09.188092,,,,,,,,,,,,,,,,,,,,,,,,,,,,,,,,,,,,,,,,,,,,,,,,,,,,,,,,,,,,,,,,,,,,,,,,,,,,,,,,,,,,,,,,,,,,,,,,,,,,,,,,,,,,,,,,,,,,,,,,,,,,,,,4664,0.01,2m,2.6,0.8,2.0,328,,,,,,,,0.35000000000000003,1,COMPLETE
77,77,0.023180811800682537,2025-06-21 19:12:02.213597,2025-06-21 19:12:04.620632,0 days 00:00:02.407035,,,,,,,,,,,,,,,,,,,,,,,,,,,,,,,,,,,,,,,,,,,,,,,,,,6440.0,0.015,4m,1.4,0.0,1.5,912.0,2232.0,0.02,3m,2.8,0.0,2.0,696.0,,,,,,,,,,,,,,,,,,,,,,,,,,,,,3552.0,0.01,4m,2.2,1.0,2.0,752.0,,,,,,,,4600.0,0.02,1m,1.4,0.8,1.5,808.0,,,,,,,,,,,,,,,4112,0.01,2m,2.4000000000000004,1.0,2.0,240,,,,,,,,0.4,5,COMPLETE
78,78,-0.1319089736559217,2025-06-21 19:12:04.710078,2025-06-21 19:12:07.670747,0 days 00:00:02.960669,,,,,,,,,,,,,,,,,,,,,,,,,,,,,5408.0,0.02,5m,1.2,0.0,1.5,360.0,,,,,,,,,,,,,,,7144.0,0.015,4m,1.4,0.0,1.5,760.0,1896.0,0.02,3m,3.0,1.0,2.0,896.0,,,,,,,,,,,,,,,,,,,,,,,,,,,,,3496.0,0.01,5m,2.6,1.0,2.0,824.0,6568.0,0.02,4m,1.6,0.2,0.5,144.0,4904.0,0.02,2m,1.8,0.6000000000000001,1.5,760.0,,,,,,,,,,,,,,,3928,0.01,2m,2.2,1.0,2.0,64,,,,,,,,0.3,7,COMPLETE
79,79,-0.8735947583095002,2025-06-21 19:12:07.740164,2025-06-21 19:12:09.155036,0 days 00:00:01.414872,,,,,,,,,,,,,,,,,,,,,,,,,,,,,,,,,,,,,,,,,,,,,,,,,,5696.0,0.015,4m,1.0,0.2,1.5,536.0,,,,,,,,,,,,,,,,,,,,,,,,,,,,,,,,,,,,,,,,,,,,,,,,,,4120.0,0.02,1m,1.4,1.0,1.5,848.0,,,,,,,,,,,,,,,3352,0.01,3m,2.4000000000000004,1.0,1.5,312,,,,,,,,0.05,3,COMPLETE
80,80,2.1798506020262995,2025-06-21 19:12:09.226031,2025-06-21 19:12:12.289097,0 days 00:00:03.063066,,,,,,,,,,,,,,,,,,,,,,,,,,,,,5048.0,0.02,2m,1.4,0.0,1.5,416.0,,,,,,,,,,,,,,,4800.0,0.015,5m,1.8,0.0,1.5,696.0,1472.0,0.02,3m,2.6,0.8,2.0,944.0,,,,,,,,,,,,,,,,,,,,,,,,,,,,,3368.0,0.01,2m,2.4000000000000004,0.8,2.0,984.0,6808.0,0.02,3m,1.8,0.6000000000000001,0.5,88.0,3896.0,0.015,4m,1.6,0.8,0.5,704.0,,,,,,,,,,,,,,,5440,0.01,5m,2.6,0.8,2.0,120,,,,,,,,0.35000000000000003,7,COMPLETE
81,81,2.7892970761361373,2025-06-21 19:12:12.345420,2025-06-21 19:12:15.557496,0 days 00:00:03.212076,,,,,,,,,,,,,,,,,,,,,,,,,,,,,4992.0,0.02,2m,1.4,0.0,1.5,400.0,,,,,,,,,,,,,,,4872.0,0.015,5m,1.8,0.0,1.5,616.0,1440.0,0.02,3m,2.6,0.8,2.0,936.0,,,,,,,,,,,,,,,,,,,,,,,,,,,,,2896.0,0.01,2m,2.4000000000000004,0.6000000000000001,2.0,928.0,6896.0,0.02,3m,1.8,0.6000000000000001,0.5,88.0,4016.0,0.015,4m,1.4,0.8,0.5,712.0,,,,,,,,,,,,,,,5440,0.01,5m,2.6,0.6000000000000001,2.0,120,,,,,,,,0.35000000000000003,7,COMPLETE
82,82,1.6408457756155823,2025-06-21 19:12:15.610279,2025-06-21 19:12:18.869850,0 days 00:00:03.259571,,,,,,,,,,,,,,,,,,,,,,,,,,,,,4936.0,0.02,2m,1.4,0.0,1.5,408.0,,,,,,,,,,,,,,,4824.0,0.015,5m,2.2,0.0,1.5,744.0,2104.0,0.02,3m,2.6,0.8,2.0,944.0,,,,,,,,,,,,,,,,,,,,,,,,,,,,,3152.0,0.01,2m,2.4000000000000004,0.4,2.0,1000.0,7024.0,0.02,3m,2.2,0.6000000000000001,0.5,64.0,3952.0,0.015,4m,1.6,0.8,0.5,728.0,,,,,,,,,,,,,,,5800,0.01,5m,2.6,0.6000000000000001,2.0,112,,,,,,,,0.35000000000000003,7,COMPLETE
83,83,1.277847326525076,2025-06-21 19:12:18.943604,2025-06-21 19:12:22.816507,0 days 00:00:03.872903,,,,,,,,,,,,,,,,,,,,,,,,,,,,,1496.0,0.02,2m,1.4,0.0,1.5,376.0,,,,,,,,,,,,,,,6256.0,0.015,5m,1.8,0.0,1.5,696.0,1264.0,0.02,3m,2.6,0.8,2.0,848.0,,,,,,,,5512.0,0.01,4m,1.6,0.6000000000000001,1.0,952.0,,,,,,,,,,,,,,,3832.0,0.01,2m,2.4000000000000004,0.6000000000000001,2.0,984.0,7224.0,0.02,3m,1.8,0.6000000000000001,0.5,128.0,4304.0,0.015,4m,1.6,0.8,0.5,800.0,,,,,,,,5296.0,0.015,5m,2.4000000000000004,0.0,1.0,608.0,5464,0.01,5m,2.8,0.4,2.0,104,,,,,,,,0.35000000000000003,9,COMPLETE
84,84,0.6410202183377792,2025-06-21 19:12:22.883179,2025-06-21 19:12:25.576745,0 days 00:00:02.693566,,,,,,,,,,,,,,,,,,,,,,,,,,,,,5176.0,0.02,2m,1.6,0.0,1.5,304.0,,,,,,,,,,,,,,,4528.0,0.015,5m,2.0,0.0,1.5,656.0,1360.0,0.02,3m,2.8,0.6000000000000001,2.0,880.0,,,,,,,,,,,,,,,,,,,,,,,,,,,,,4064.0,0.01,2m,2.4000000000000004,0.6000000000000001,2.0,928.0,,,,,,,,3688.0,0.015,4m,1.2,0.8,0.5,696.0,,,,,,,,,,,,,,,4960,0.01,5m,2.6,1.0,2.0,136,,,,,,,,0.4,6,COMPLETE
85,85,0.40307674128601184,2025-06-21 19:12:25.643163,2025-06-21 19:12:28.502878,0 days 00:00:02.859715,,,,,,,,,,,,,,,,,,,,,,,,,,,,,4688.0,0.02,1m,1.4,0.0,1.5,344.0,,,,,,,,,,,,,,,3712.0,0.015,5m,2.0,0.6000000000000001,1.5,616.0,1624.0,0.02,3m,2.8,0.8,2.0,968.0,,,,,,,,,,,,,,,,,,,,,,,,,,,,,2504.0,0.01,2m,2.6,0.6000000000000001,2.0,896.0,6816.0,0.02,3m,1.8,0.6000000000000001,0.5,160.0,3336.0,0.02,4m,1.4,0.6000000000000001,0.5,768.0,,,,,,,,,,,,,,,4472,0.01,5m,2.8,0.8,2.0,160,,,,,,,,0.3,7,COMPLETE
86,86,2.2914545555020944,2025-06-21 19:12:28.576335,2025-06-21 19:12:32.200804,0 days 00:00:03.624469,,,,,,,,,,,,,,,,,,,,,,,,,,,,,5232.0,0.02,2m,1.2,0.2,1.5,480.0,,,,,,,,,,,,,,,4992.0,0.015,5m,1.8,0.0,1.5,624.0,1648.0,0.02,3m,2.6,0.8,2.0,648.0,,,,,,,,,,,,,,,,,,,,,,,,,,,,,3160.0,0.01,2m,2.2,0.8,2.0,936.0,7728.0,0.02,3m,2.0,0.8,0.5,208.0,4768.0,0.015,4m,1.8,0.8,0.5,664.0,,,,,,,,6192.0,0.02,2m,2.2,0.8,1.0,928.0,3664,0.01,5m,2.6,1.0,2.0,184,,,,,,,,0.35000000000000003,8,COMPLETE
87,87,-0.49271018319525595,2025-06-21 19:12:32.280036,2025-06-21 19:12:36.083432,0 days 00:00:03.803396,,,,,,,,,,,,,,,,,,,,,,,,,,,,,4472.0,0.02,2m,1.2,0.2,2.0,432.0,,,,,,,,,,,,,,,4960.0,0.015,5m,1.8,0.0,1.5,672.0,1560.0,0.02,3m,2.6,0.8,2.0,656.0,,,,,,,,4592.0,0.02,1m,1.4,0.4,2.0,664.0,,,,,,,,,,,,,,,2976.0,0.01,2m,2.2,0.8,2.0,944.0,7640.0,0.02,2m,2.2,0.8,0.5,224.0,5216.0,0.015,4m,1.8,0.8,0.5,696.0,,,,,,,,6528.0,0.02,2m,2.2,0.8,1.0,880.0,3608,0.01,5m,2.8,0.2,2.0,192,,,,,,,,0.35000000000000003,9,COMPLETE
88,88,1.3702090501452173,2025-06-21 19:12:36.171781,2025-06-21 19:12:39.685612,0 days 00:00:03.513831,,,,,,,,,,,,,,,,,,,,,,,,,,,,,5160.0,0.01,3m,1.2,0.2,1.5,480.0,,,,,,,,,,,,,,,4688.0,0.015,5m,2.0,0.0,1.0,736.0,1464.0,0.02,3m,2.4000000000000004,0.8,2.0,800.0,,,,,,,,,,,,,,,,,,,,,,,,,,,,,3136.0,0.01,2m,2.2,0.8,2.0,1000.0,7896.0,0.02,5m,2.0,1.0,1.0,96.0,4744.0,0.015,4m,1.6,0.8,0.5,664.0,,,,,,,,6064.0,0.02,2m,2.8,0.8,2.0,728.0,2848,0.01,5m,2.6,0.6000000000000001,2.0,96,,,,,,,,0.3,8,COMPLETE
89,89,1.2460567038184966,2025-06-21 19:12:39.745346,2025-06-21 19:12:43.101339,0 days 00:00:03.355993,,,,,,,,,,,,,,,,,,,,,,,,,,,,,5672.0,0.02,2m,1.2,0.4,1.5,400.0,,,,,,,,,,,,,,,4328.0,0.015,5m,1.8,0.0,1.5,776.0,1168.0,0.02,4m,2.6,0.6000000000000001,1.5,744.0,,,,,,,,,,,,,,,,,,,,,,,,,,,,,3296.0,0.01,2m,2.8,0.6000000000000001,2.0,872.0,8016.0,0.02,3m,2.0,0.8,0.5,256.0,5472.0,0.015,4m,1.8,0.6000000000000001,0.5,568.0,,,,,,,,6888.0,0.02,2m,2.4000000000000004,0.8,1.0,680.0,3208,0.01,5m,2.6,1.0,2.0,176,,,,,,,,0.35000000000000003,8,COMPLETE
90,90,1.921369168931787,2025-06-21 19:12:43.194428,2025-06-21 19:12:47.432241,0 days 00:00:04.237813,,,,,,,,,,,,,,,,,,,,,,,,,,,,,5960.0,0.02,2m,1.0,0.2,1.5,536.0,,,,,,,,,,,,,,,4064.0,0.015,5m,2.4000000000000004,0.0,1.5,840.0,1792.0,0.02,3m,2.4000000000000004,0.8,2.0,640.0,,,,,,,,6232.0,0.02,4m,1.8,0.8,1.0,712.0,,,,,,,,,,,,,,,2256.0,0.01,2m,2.4000000000000004,0.8,0.5,1024.0,7648.0,0.02,3m,2.4000000000000004,0.8,0.5,88.0,5032.0,0.015,4m,1.6,0.8,0.5,632.0,,,,,,,,7344.0,0.02,2m,2.2,0.0,1.5,928.0,6152,0.015,5m,3.0,1.0,2.0,88,5408.0,0.02,4m,1.2,0.4,1.5,256.0,0.25,10,COMPLETE
91,91,1.486674637623745,2025-06-21 19:12:47.507695,2025-06-21 19:12:50.172554,0 days 00:00:02.664859,,,,,,,,,,,,,,,,,,,,,,,,,,,,,5432.0,0.02,2m,1.4,0.0,1.5,456.0,,,,,,,,,,,,,,,5424.0,0.015,5m,1.6,0.0,1.5,616.0,2392.0,0.02,3m,2.8,0.8,2.0,928.0,,,,,,,,,,,,,,,,,,,,,,,,,,,,,3472.0,0.01,2m,2.4000000000000004,0.8,2.0,968.0,,,,,,,,4536.0,0.015,4m,1.4,0.8,0.5,744.0,,,,,,,,,,,,,,,5688,0.01,5m,2.6,1.0,2.0,272,,,,,,,,0.4,6,COMPLETE
92,92,1.0081799413727297,2025-06-21 19:12:50.255230,2025-06-21 19:12:53.199368,0 days 00:00:02.944138,,,,,,,,,,,,,,,,,,,,,,,,,,,,,4920.0,0.02,2m,1.6,0.6000000000000001,1.5,496.0,,,,,,,,,,,,,,,5040.0,0.015,5m,2.0,0.0,1.5,632.0,2688.0,0.02,3m,2.8,0.8,2.0,592.0,,,,,,,,,,,,,,,,,,,,,,,,,,,,,2584.0,0.01,2m,2.6,0.8,2.0,904.0,7360.0,0.02,3m,1.6,0.6000000000000001,0.5,200.0,3968.0,0.015,4m,1.6,0.8,0.5,712.0,,,,,,,,,,,,,,,3704,0.01,5m,2.4000000000000004,1.0,0.5,136,,,,,,,,0.4,7,COMPLETE
93,93,0.40809383801864946,2025-06-21 19:12:53.270284,2025-06-21 19:12:55.486365,0 days 00:00:02.216081,,,,,,,,,,,,,,,,,,,,,,,,,,,,,,,,,,,,,,,,,,,,,,,,,,5904.0,0.015,5m,1.6,0.0,1.5,664.0,3288.0,0.02,3m,2.6,0.8,2.0,1024.0,,,,,,,,,,,,,,,,,,,,,,,,,,,,,4728.0,0.01,3m,2.4000000000000004,1.0,2.0,864.0,,,,,,,,4296.0,0.015,5m,1.8,0.8,0.5,824.0,,,,,,,,,,,,,,,3952,0.01,4m,2.6,1.0,2.0,248,,,,,,,,0.35000000000000003,5,COMPLETE
94,94,-0.4602990197696304,2025-06-21 19:12:55.583268,2025-06-21 19:12:58.890937,0 days 00:00:03.307669,,,,,,,,,,,,,,,,,,,,,,,,,,,,,4328.0,0.02,2m,1.4,0.0,1.5,384.0,,,,,,,,,,,,,,,5632.0,0.015,2m,1.8,0.0,1.5,704.0,2184.0,0.01,3m,3.0,0.8,2.0,976.0,,,,,,,,,,,,,,,,,,,,,,,,,,,,,2880.0,0.01,2m,2.2,0.2,2.0,928.0,6712.0,0.02,3m,1.8,0.6000000000000001,0.5,160.0,3832.0,0.02,4m,2.0,0.8,1.5,680.0,,,,,,,,6304.0,0.02,2m,2.6,1.0,0.5,752.0,5072,0.01,5m,2.4000000000000004,1.0,2.0,208,,,,,,,,0.45,8,COMPLETE
95,95,0.8526642836587961,2025-06-21 19:12:58.967897,2025-06-21 19:13:01.638338,0 days 00:00:02.670441,,,,,,,,,,,,,,,,,,,,,,,,,,,,,6176.0,0.02,2m,1.2,0.8,1.5,432.0,,,,,,,,,,,,,,,6736.0,0.015,3m,2.8,0.2,1.5,592.0,2840.0,0.02,1m,2.6,0.4,2.0,912.0,,,,,,,,,,,,,,,,,,,,,,,,,,,,,1192.0,0.01,2m,2.6,0.4,2.0,840.0,,,,,,,,4632.0,0.01,4m,1.4,0.8,0.5,592.0,,,,,,,,,,,,,,,4224,0.01,5m,2.8,1.0,2.0,288,,,,,,,,0.4,6,COMPLETE
96,96,-0.05681974742502168,2025-06-21 19:13:01.703393,2025-06-21 19:13:03.303971,0 days 00:00:01.600578,,,,,,,,,,,,,,,,,,,,,,,,,,,,,,,,,,,,,,,,,,,,,,,,,,5272.0,0.015,4m,2.2,1.0,1.5,536.0,,,,,,,,,,,,,,,,,,,,,,,,,,,,,,,,,,,,3952.0,0.01,4m,2.2,0.8,0.5,952.0,,,,,,,,3560.0,0.02,3m,1.8,0.4,1.5,784.0,,,,,,,,,,,,,,,4440,0.01,2m,2.2,0.8,2.0,176,,,,,,,,0.3,4,COMPLETE
97,97,1.7762634232464347,2025-06-21 19:13:03.367250,2025-06-21 19:13:10.138241,0 days 00:00:06.770991,2784.0,0.02,5m,1.0,0.4,0.5,592.0,6904.0,0.02,3m,2.6,0.8,1.0,512.0,3928.0,0.015,2m,2.2,0.6000000000000001,1.5,496.0,,,,,,,,5296.0,0.02,2m,1.6,0.0,1.5,456.0,3520.0,0.015,3m,2.2,0.0,2.0,120.0,3056.0,0.01,4m,1.6,0.0,2.0,184.0,4808.0,0.015,5m,1.2,0.0,1.5,984.0,2424.0,0.02,3m,2.4000000000000004,1.0,2.0,768.0,,,,,,,,5888.0,0.02,5m,1.2,0.6000000000000001,1.0,816.0,,,,,,,,6064.0,0.01,2m,2.2,0.4,1.0,888.0,1456.0,0.01,1m,2.4000000000000004,0.6000000000000001,2.0,976.0,6408.0,0.02,3m,2.0,0.6000000000000001,0.5,120.0,4432.0,0.015,1m,1.2,1.0,0.5,752.0,7544.0,0.01,4m,1.4,0.6000000000000001,2.0,208.0,7112.0,0.015,1m,2.0,0.6000000000000001,1.0,504.0,4616,0.01,3m,2.6,1.0,2.0,336,1608.0,0.015,3m,1.8,0.2,1.5,712.0,0.35000000000000003,17,COMPLETE
98,98,-0.9840093722256242,2025-06-21 19:13:10.212107,2025-06-21 19:13:13.701942,0 days 00:00:03.489835,,,,,,,,,,,,,,,,,,,,,,,,,,,,,4776.0,0.02,2m,1.4,0.0,2.0,344.0,,,,,,,,,,,,,,,6936.0,0.015,4m,1.6,0.0,1.5,488.0,1960.0,0.015,5m,2.6,0.8,2.0,1008.0,,,,,,,,,,,,,,,,,,,,,,,,,,,,,3680.0,0.01,1m,2.4000000000000004,1.0,2.0,792.0,7232.0,0.02,3m,1.8,0.6000000000000001,0.5,616.0,4064.0,0.015,1m,1.6,0.8,1.5,640.0,,,,,,,,5664.0,0.02,4m,1.8,0.0,0.5,72.0,5304,0.01,5m,2.2,0.8,2.0,256,,,,,,,,0.35000000000000003,8,COMPLETE
99,99,1.468847770164589,2025-06-21 19:13:13.766847,2025-06-21 19:13:17.600529,0 days 00:00:03.833682,,,,,,,,,,,,,,,,,,,,,,,,,,,,,5072.0,0.02,5m,2.4000000000000004,0.0,1.5,416.0,,,,,,,,,,,,,,,6096.0,0.015,5m,1.0,0.0,0.5,568.0,3064.0,0.02,4m,2.8,1.0,2.0,936.0,,,,,,,,6824.0,0.02,4m,1.6,0.4,2.0,336.0,,,,,,,,,,,,,,,3432.0,0.01,5m,1.6,1.0,0.5,936.0,6936.0,0.02,3m,1.6,0.8,0.5,192.0,4840.0,0.02,2m,2.2,0.6000000000000001,2.0,976.0,,,,,,,,6704.0,0.015,2m,2.4000000000000004,0.2,0.5,952.0,3312,0.015,2m,2.4000000000000004,1.0,2.0,144,,,,,,,,0.4,9,COMPLETE
100,100,0.8063405749852073,2025-06-21 19:13:17.681808,2025-06-21 19:13:20.216724,0 days 00:00:02.534916,,,,,,,,,,,,,,,,,,,,,,,,,,,,,5888.0,0.02,2m,1.4,0.0,1.5,392.0,,,,,,,,,,,,,,,5112.0,0.015,1m,1.4,0.0,1.5,608.0,7088.0,0.02,3m,3.0,0.6000000000000001,2.0,968.0,,,,,,,,,,,,,,,,,,,,,,,,,,,,,5432.0,0.01,1m,2.6,0.8,2.0,832.0,,,,,,,,4240.0,0.015,1m,2.6,1.0,0.5,720.0,,,,,,,,,,,,,,,4744,0.01,4m,2.4000000000000004,0.4,2.0,664,,,,,,,,0.35000000000000003,6,COMPLETE
101,101,0.3029227216743586,2025-06-21 19:13:20.289778,2025-06-21 19:13:23.351912,0 days 00:00:03.062134,,,,,,,,,,,,,,,,,,,,,,,,,,,,,4112.0,0.02,2m,1.4,0.0,1.5,800.0,,,,,,,,,,,,,,,5200.0,0.015,1m,1.4,0.0,2.0,520.0,3312.0,0.02,2m,2.0,1.0,2.0,1000.0,,,,,,,,,,,,,,,,,,,,,,,,,,,,,2816.0,0.01,1m,2.0,1.0,2.0,704.0,7048.0,0.02,3m,1.4,0.2,0.5,88.0,3192.0,0.015,1m,3.0,1.0,1.5,592.0,,,,,,,,,,,,,,,5264,0.01,1m,1.6,0.6000000000000001,2.0,840,,,,,,,,0.2,7,COMPLETE
102,102,1.002979230200653,2025-06-21 19:13:23.435851,2025-06-21 19:13:30.020524,0 days 00:00:06.584673,5088.0,0.015,1m,1.4,1.0,2.0,736.0,,,,,,,,6024.0,0.01,3m,2.8,0.2,1.0,352.0,,,,,,,,5552.0,0.02,2m,1.2,0.0,0.5,568.0,7304.0,0.02,4m,1.2,0.4,1.5,384.0,6296.0,0.01,2m,1.2,0.8,1.5,952.0,5384.0,0.015,1m,1.6,0.0,2.0,576.0,4776.0,0.02,2m,1.8,1.0,2.0,992.0,,,,,,,,7488.0,0.015,2m,1.2,0.0,1.5,448.0,,,,,,,,3672.0,0.015,3m,2.8,0.2,0.5,600.0,3208.0,0.01,1m,2.0,1.0,1.5,888.0,6464.0,0.02,3m,1.4,0.4,0.5,128.0,3736.0,0.015,1m,2.8,1.0,1.5,656.0,6776.0,0.015,4m,2.0,1.0,1.5,776.0,7664.0,0.01,4m,2.0,0.0,0.5,112.0,6032,0.01,1m,1.6,0.8,2.0,888,3528.0,0.01,5m,2.4000000000000004,0.0,2.0,968.0,0.4,16,COMPLETE
103,103,0.8403637653480833,2025-06-21 19:13:30.116677,2025-06-21 19:13:37.456274,0 days 00:00:07.339597,5440.0,0.015,4m,1.2,0.6000000000000001,1.5,808.0,4656.0,0.015,1m,3.0,1.0,1.5,256.0,7592.0,0.01,5m,2.4000000000000004,0.4,0.5,704.0,3592.0,0.02,5m,1.4,0.8,1.5,280.0,4672.0,0.02,2m,1.6,0.0,0.5,504.0,7880.0,0.02,5m,1.6,0.6000000000000001,2.0,872.0,7096.0,0.015,3m,1.4,0.8,1.5,592.0,4512.0,0.015,1m,1.2,0.0,1.5,632.0,4424.0,0.02,2m,2.2,1.0,2.0,728.0,,,,,,,,7992.0,0.015,2m,1.4,0.4,1.5,1008.0,,,,,,,,7840.0,0.015,4m,2.2,0.0,1.0,488.0,2784.0,0.01,1m,1.8,1.0,2.0,768.0,6712.0,0.02,3m,1.6,0.2,0.5,104.0,4528.0,0.015,1m,2.4000000000000004,1.0,0.5,552.0,6288.0,0.02,4m,2.2,0.8,1.0,416.0,7928.0,0.015,4m,2.2,0.0,0.5,288.0,5168,0.01,1m,1.6,0.6000000000000001,2.0,752,1240.0,0.01,1m,2.6,0.2,2.0,1024.0,0.1,18,COMPLETE
104,104,-0.8703232003388859,2025-06-21 19:13:37.531641,2025-06-21 19:13:44.392342,0 days 00:00:06.860701,4160.0,0.01,1m,1.0,0.8,0.5,704.0,6016.0,0.01,5m,2.0,0.2,0.5,760.0,6680.0,0.015,5m,2.6,0.0,1.0,968.0,,,,,,,,5736.0,0.02,2m,1.4,0.0,1.5,168.0,6792.0,0.015,2m,1.0,0.6000000000000001,1.5,680.0,7432.0,0.015,1m,1.2,0.8,0.5,648.0,5560.0,0.015,1m,1.4,0.0,2.0,688.0,3464.0,0.02,2m,2.0,1.0,2.0,1024.0,,,,,,,,4232.0,0.015,2m,2.6,0.0,1.5,160.0,,,,,,,,7728.0,0.01,4m,3.0,0.0,0.5,288.0,2432.0,0.01,1m,2.2,1.0,0.5,736.0,7408.0,0.015,3m,1.2,1.0,0.5,80.0,4064.0,0.015,1m,3.0,1.0,1.0,608.0,8152.0,0.02,5m,2.8,0.4,1.5,616.0,7456.0,0.01,4m,2.0,0.2,0.5,168.0,5600,0.01,1m,1.4,1.0,2.0,576,3664.0,0.01,4m,3.0,0.8,2.0,848.0,0.35000000000000003,17,COMPLETE
105,105,-1.7329669861610897,2025-06-21 19:13:44.480341,2025-06-21 19:13:50.929140,0 days 00:00:06.448799,3592.0,0.02,3m,2.8,1.0,0.5,936.0,,,,,,,,,,,,,,,,,,,,,,5000.0,0.02,2m,1.4,0.0,0.5,472.0,7504.0,0.02,3m,1.8,0.4,1.5,480.0,6680.0,0.01,5m,1.0,0.6000000000000001,2.0,1024.0,7296.0,0.015,1m,1.4,0.0,1.5,440.0,2816.0,0.02,5m,2.4000000000000004,1.0,2.0,952.0,,,,,,,,6928.0,0.015,1m,1.0,0.2,1.0,248.0,,,,,,,,7080.0,0.02,1m,2.4000000000000004,0.6000000000000001,2.0,368.0,2968.0,0.01,3m,2.0,1.0,2.0,1000.0,4688.0,0.02,2m,1.4,0.0,0.5,160.0,3448.0,0.015,1m,2.8,0.8,1.5,680.0,3664.0,0.015,2m,1.8,1.0,2.0,520.0,8008.0,0.015,4m,2.2,0.6000000000000001,0.5,224.0,4032,0.01,1m,1.8,1.0,2.0,208,2696.0,0.01,1m,2.0,0.4,2.0,776.0,0.25,15,COMPLETE
106,106,-1.6746293281664795,2025-06-21 19:13:51.002665,2025-06-21 19:14:00.029954,0 days 00:00:09.027289,,,,,,,,,,,,,,,,,,,,,,,,,,,,,4560.0,0.02,1m,1.4,0.4,0.5,528.0,,,,,,,,,,,,,,,7936.0,0.015,1m,1.8,0.0,1.0,552.0,1480.0,0.02,2m,2.6,1.0,2.0,880.0,,,,,,,,6648.0,0.015,2m,1.2,0.4,0.5,88.0,,,,,,,,,,,,,,,1952.0,0.01,1m,1.6,1.0,1.5,912.0,2392.0,0.02,3m,1.8,0.2,0.5,128.0,2936.0,0.015,4m,3.0,1.0,1.5,512.0,,,,,,,,7136.0,0.02,3m,1.8,0.2,0.5,368.0,5464,0.01,1m,2.6,0.8,2.0,376,4064.0,0.01,1m,2.8,0.2,2.0,648.0,0.15000000000000002,10,COMPLETE
107,107,0.6294313541813205,2025-06-21 19:14:00.132664,2025-06-21 19:14:07.972254,0 days 00:00:07.839590,6080.0,0.015,2m,1.6,0.0,1.0,368.0,7432.0,0.015,5m,2.2,0.4,1.0,880.0,5504.0,0.01,5m,2.8,0.2,0.5,824.0,5680.0,0.015,5m,2.0,0.2,0.5,848.0,5312.0,0.02,2m,1.2,0.0,1.0,584.0,4768.0,0.015,3m,2.2,0.8,1.0,776.0,5552.0,0.015,5m,1.4,0.8,1.5,696.0,7584.0,0.015,3m,1.2,0.0,2.0,728.0,4152.0,0.02,2m,1.8,0.8,0.5,976.0,,,,,,,,7288.0,0.015,2m,1.0,0.2,1.5,728.0,,,,,,,,5408.0,0.015,4m,2.6,0.2,1.5,664.0,3360.0,0.01,2m,2.4000000000000004,1.0,2.0,856.0,6240.0,0.015,3m,1.6,0.2,1.5,240.0,4744.0,0.02,1m,1.4,0.8,1.0,704.0,5024.0,0.02,3m,2.8,1.0,0.5,448.0,3088.0,0.015,4m,2.0,0.0,0.5,144.0,3848,0.01,1m,1.6,1.0,2.0,240,8048.0,0.01,1m,1.6,0.0,1.5,936.0,0.3,18,COMPLETE
108,108,-1.2091493601041845,2025-06-21 19:14:08.019400,2025-06-21 19:14:13.819526,0 days 00:00:05.800126,6360.0,0.01,5m,1.2,1.0,0.5,760.0,,,,,,,,,,,,,,,,,,,,,,4248.0,0.02,4m,1.6,0.0,0.5,688.0,7088.0,0.02,4m,1.2,0.8,1.0,568.0,3864.0,0.015,2m,1.2,1.0,2.0,928.0,6560.0,0.015,4m,1.0,0.2,1.5,648.0,1752.0,0.02,1m,2.8,0.8,2.0,928.0,,,,,,,,7720.0,0.015,4m,1.4,0.2,2.0,184.0,,,,,,,,6544.0,0.015,2m,1.2,0.0,0.5,560.0,3072.0,0.01,1m,2.8,1.0,0.5,808.0,1624.0,0.02,3m,1.4,0.4,0.5,64.0,4408.0,0.015,1m,2.6,1.0,0.5,112.0,,,,,,,,7744.0,0.01,5m,2.8,1.0,0.5,256.0,4872,0.01,2m,1.8,1.0,1.0,1000,4512.0,0.015,4m,2.4000000000000004,0.0,2.0,824.0,0.45,14,COMPLETE
109,109,0.8859731272266688,2025-06-21 19:14:13.865060,2025-06-21 19:14:20.308051,0 days 00:00:06.442991,4584.0,0.015,1m,2.0,0.2,1.0,184.0,,,,,,,,7232.0,0.02,4m,2.8,0.0,0.5,568.0,,,,,,,,4840.0,0.02,2m,1.4,0.2,1.5,360.0,2200.0,0.02,5m,1.4,0.6000000000000001,1.5,976.0,7664.0,0.01,5m,1.2,0.6000000000000001,1.5,104.0,5800.0,0.015,1m,1.6,0.0,2.0,664.0,3824.0,0.02,3m,2.2,1.0,2.0,1000.0,,,,,,,,7368.0,0.02,2m,2.2,0.0,1.5,208.0,,,,,,,,2264.0,0.02,3m,2.8,0.4,1.0,176.0,1040.0,0.02,5m,2.2,0.8,1.5,472.0,6056.0,0.015,4m,1.2,0.0,0.5,176.0,3880.0,0.02,5m,1.4,0.8,0.5,616.0,7624.0,0.01,4m,2.0,0.8,1.5,704.0,7320.0,0.015,4m,2.4000000000000004,0.2,0.5,88.0,3560,0.01,1m,2.8,0.8,2.0,80,2856.0,0.01,1m,2.6,0.0,0.5,992.0,0.1,16,COMPLETE
110,110,-0.062123056298583175,2025-06-21 19:14:20.385488,2025-06-21 19:14:25.879713,0 days 00:00:05.494225,1584.0,0.02,3m,1.4,0.8,2.0,864.0,,,,,,,,,,,,,,,,,,,,,,6424.0,0.02,2m,1.0,0.0,0.5,432.0,7976.0,0.015,2m,1.0,0.4,2.0,240.0,5856.0,0.02,5m,1.0,1.0,2.0,472.0,4984.0,0.015,2m,1.2,0.0,1.5,600.0,2512.0,0.02,5m,2.6,1.0,2.0,240.0,,,,,,,,6440.0,0.015,5m,1.2,0.4,1.0,488.0,,,,,,,,,,,,,,,1368.0,0.01,1m,2.4000000000000004,1.0,1.0,584.0,5400.0,0.02,5m,1.4,0.6000000000000001,1.0,104.0,4224.0,0.015,1m,3.0,0.0,1.5,584.0,,,,,,,,7592.0,0.01,4m,3.0,0.8,0.5,184.0,3424,0.01,5m,2.4000000000000004,1.0,2.0,320,1528.0,0.01,1m,2.0,0.2,2.0,904.0,0.4,13,COMPLETE
111,111,1.1097586491919416,2025-06-21 19:14:25.952830,2025-06-21 19:14:30.632758,0 days 00:00:04.679928,,,,,,,,,,,,,,,,,,,,,,,,,,,,,6040.0,0.02,2m,1.4,0.0,0.5,616.0,,,,,,,,7888.0,0.015,5m,1.0,1.0,2.0,352.0,5480.0,0.015,1m,1.0,0.0,1.5,568.0,4104.0,0.02,2m,2.4000000000000004,1.0,2.0,976.0,,,,,,,,8024.0,0.015,2m,1.0,0.2,1.5,128.0,,,,,,,,,,,,,,,1128.0,0.01,1m,2.6,1.0,1.0,656.0,5904.0,0.02,3m,2.0,0.2,0.5,208.0,2096.0,0.02,1m,2.8,1.0,1.5,648.0,,,,,,,,8024.0,0.015,4m,1.8,0.4,0.5,560.0,4312,0.01,1m,2.0,1.0,2.0,352,2328.0,0.01,1m,2.2,0.0,2.0,872.0,0.4,11,COMPLETE
112,112,1.0025567943518816,2025-06-21 19:14:30.714439,2025-06-21 19:14:35.531035,0 days 00:00:04.816596,,,,,,,,,,,,,,,,,,,,,,,,,,,,,5496.0,0.02,2m,1.2,0.0,0.5,472.0,,,,,,,,7368.0,0.015,5m,1.0,1.0,2.0,424.0,5168.0,0.015,1m,1.4,0.0,1.5,624.0,3616.0,0.02,2m,2.4000000000000004,1.0,2.0,1008.0,,,,,,,,7688.0,0.015,2m,1.0,0.2,1.5,160.0,,,,,,,,,,,,,,,1576.0,0.01,1m,2.4000000000000004,1.0,1.0,632.0,5152.0,0.02,3m,1.4,0.2,0.5,144.0,2288.0,0.02,1m,3.0,1.0,1.5,624.0,,,,,,,,7840.0,0.015,4m,1.6,0.0,0.5,208.0,4128,0.01,1m,1.8,1.0,2.0,296,2072.0,0.01,1m,2.2,0.0,2.0,864.0,0.35000000000000003,11,COMPLETE
113,113,0.22763246117861466,2025-06-21 19:14:35.609166,2025-06-21 19:14:40.538199,0 days 00:00:04.929033,,,,,,,,,,,,,,,,,,,,,,,,,,,,,5776.0,0.02,2m,1.4,0.0,0.5,416.0,5816.0,0.01,1m,1.6,1.0,0.5,600.0,7936.0,0.015,5m,1.2,0.8,2.0,544.0,5976.0,0.015,1m,1.2,0.0,1.5,592.0,6344.0,0.02,2m,2.2,1.0,2.0,952.0,,,,,,,,7096.0,0.015,2m,3.0,0.2,1.5,80.0,,,,,,,,,,,,,,,1256.0,0.01,1m,2.2,1.0,1.0,696.0,6664.0,0.02,3m,1.2,0.2,0.5,88.0,2616.0,0.02,1m,3.0,1.0,1.5,544.0,,,,,,,,6872.0,0.015,4m,2.0,0.4,0.5,128.0,3768,0.01,1m,1.6,1.0,2.0,272,1800.0,0.01,1m,2.0,0.0,2.0,584.0,0.45,12,COMPLETE
114,114,-1.8968802194694492,2025-06-21 19:14:40.617003,2025-06-21 19:14:47.025572,0 days 00:00:06.408569,7792.0,0.01,1m,2.4000000000000004,0.8,1.5,992.0,,,,,,,,,,,,,,,,,,,,,,5176.0,0.02,3m,1.8,0.0,0.5,448.0,6544.0,0.01,1m,2.0,1.0,0.5,712.0,7576.0,0.015,5m,1.0,1.0,2.0,216.0,4696.0,0.015,1m,1.4,0.0,1.5,120.0,3080.0,0.02,2m,2.8,0.8,1.0,904.0,,,,,,,,8008.0,0.015,2m,1.2,0.2,1.5,272.0,,,,,,,,7912.0,0.015,5m,1.0,0.2,0.5,808.0,1696.0,0.01,1m,2.0,1.0,2.0,728.0,5608.0,0.02,3m,1.4,0.2,0.5,312.0,1960.0,0.02,1m,1.2,1.0,1.5,664.0,6464.0,0.015,2m,2.2,1.0,1.0,768.0,8168.0,0.015,4m,1.8,0.2,0.5,408.0,4520,0.01,1m,1.4,1.0,2.0,224,1256.0,0.01,5m,2.2,0.0,2.0,504.0,0.4,15,COMPLETE
115,115,2.284792637941778,2025-06-21 19:14:47.108853,2025-06-21 19:14:50.011257,0 days 00:00:02.902404,,,,,,,,,,,,,,,,,,,,,,,,,,,,,5632.0,0.02,2m,1.2,0.0,0.5,552.0,,,,,,,,,,,,,,,4872.0,0.015,1m,1.2,0.0,1.5,520.0,1144.0,0.02,2m,2.0,1.0,2.0,1008.0,,,,,,,,,,,,,,,,,,,,,,,,,,,,,1400.0,0.01,1m,2.4000000000000004,1.0,1.0,960.0,6408.0,0.015,2m,1.6,0.4,0.5,168.0,2752.0,0.02,1m,2.8,0.8,1.5,728.0,,,,,,,,,,,,,,,4360,0.01,1m,1.8,1.0,2.0,280,,,,,,,,0.35000000000000003,7,COMPLETE
116,116,0.27152293538419964,2025-06-21 19:14:50.094557,2025-06-21 19:14:53.503864,0 days 00:00:03.409307,,,,,,,,,,,,,,,,,,,,,,,,,,,,,3704.0,0.02,2m,1.2,0.0,0.5,664.0,,,,,,,,,,,,,,,4880.0,0.015,5m,1.2,0.0,1.5,488.0,1144.0,0.02,2m,2.0,1.0,2.0,1024.0,,,,,,,,,,,,,,,,,,,,,,,,,,,,,1392.0,0.01,5m,2.6,0.8,1.5,952.0,6336.0,0.015,2m,1.6,0.4,0.5,120.0,2800.0,0.02,1m,2.8,0.8,0.5,728.0,,,,,,,,,,,,,,,8152,0.01,1m,2.0,1.0,2.0,184,,,,,,,,0.3,7,COMPLETE
117,117,0.3913105701647385,2025-06-21 19:14:53.576390,2025-06-21 19:14:56.463368,0 days 00:00:02.886978,,,,,,,,,,,,,,,,,,,,,,,,,,,,,6296.0,0.02,2m,1.2,0.0,0.5,552.0,,,,,,,,,,,,,,,5312.0,0.015,4m,1.6,0.0,1.5,464.0,1032.0,0.02,2m,2.0,0.8,2.0,544.0,,,,,,,,,,,,,,,,,,,,,,,,,,,,,3240.0,0.01,1m,2.4000000000000004,1.0,1.0,1008.0,6896.0,0.015,2m,1.8,0.4,0.5,168.0,3096.0,0.02,3m,2.8,0.8,1.5,776.0,,,,,,,,,,,,,,,4992,0.01,2m,1.6,0.6000000000000001,2.0,552,,,,,,,,0.35000000000000003,7,COMPLETE
118,118,0.9029440064226217,2025-06-21 19:14:56.555505,2025-06-21 19:14:59.416940,0 days 00:00:02.861435,,,,,,,,,,,,,,,,,,,,,,,,,,,,,5432.0,0.02,2m,1.2,0.0,1.5,504.0,,,,,,,,,,,,,,,4560.0,0.015,1m,1.0,0.4,2.0,536.0,1280.0,0.02,3m,2.0,1.0,2.0,984.0,,,,,,,,,,,,,,,,,,,,,,,,,,,,,2664.0,0.01,2m,2.2,1.0,2.0,984.0,,,,,,,,4936.0,0.02,4m,2.8,0.8,1.0,864.0,,,,,,,,,,,,,,,4696,0.01,1m,2.2,1.0,2.0,712,,,,,,,,0.35000000000000003,6,COMPLETE
119,119,0.21936230901916084,2025-06-21 19:14:59.470648,2025-06-21 19:15:01.471899,0 days 00:00:02.001251,,,,,,,,,,,,,,,,,,,,,,,,,,,,,,,,,,,,,,,,,,,,,,,,,,5680.0,0.015,1m,1.8,0.0,1.5,520.0,1720.0,0.02,5m,2.6,0.8,2.0,848.0,,,,,,,,,,,,,,,,,,,,,,,,,,,,,3600.0,0.01,1m,2.4000000000000004,1.0,0.5,888.0,,,,,,,,2728.0,0.015,1m,2.6,0.8,0.5,688.0,,,,,,,,,,,,,,,5360,0.02,3m,1.8,1.0,2.0,672,,,,,,,,0.35000000000000003,5,COMPLETE
120,120,-0.01233806240062796,2025-06-21 19:15:01.525888,2025-06-21 19:15:08.053149,0 days 00:00:06.527261,4984.0,0.015,4m,1.0,1.0,0.5,680.0,,,,,,,,2776.0,0.01,1m,2.2,0.4,1.0,872.0,,,,,,,,5648.0,0.02,2m,1.4,0.2,0.5,328.0,7432.0,0.02,3m,1.2,0.8,1.0,856.0,7224.0,0.01,4m,1.4,0.2,1.5,824.0,4232.0,0.015,5m,1.4,0.6000000000000001,2.0,680.0,1904.0,0.02,2m,1.8,1.0,2.0,1008.0,,,,,,,,7480.0,0.02,1m,2.4000000000000004,0.4,2.0,312.0,,,,,,,,7512.0,0.02,4m,2.4000000000000004,0.0,0.5,712.0,2176.0,0.01,4m,1.8,0.6000000000000001,2.0,920.0,7064.0,0.015,2m,1.6,0.4,1.0,80.0,3656.0,0.015,1m,2.0,0.8,1.5,816.0,7200.0,0.01,5m,2.4000000000000004,0.2,2.0,664.0,7096.0,0.02,1m,1.2,0.0,1.0,336.0,4384,0.01,5m,2.6,1.0,2.0,304,3056.0,0.015,3m,1.8,0.2,1.5,952.0,0.3,16,COMPLETE
121,121,-0.3516105587015185,2025-06-21 19:15:08.122198,2025-06-21 19:15:15.448142,0 days 00:00:07.325944,5352.0,0.015,3m,1.2,0.8,1.0,904.0,2776.0,0.01,3m,2.8,0.8,0.5,624.0,4672.0,0.015,2m,1.6,1.0,0.5,200.0,,,,,,,,5232.0,0.02,2m,1.4,0.0,0.5,728.0,6128.0,0.01,1m,1.4,0.8,0.5,608.0,1920.0,0.015,5m,2.4000000000000004,0.8,2.0,376.0,5120.0,0.015,1m,1.2,0.0,1.5,584.0,3584.0,0.02,2m,2.2,1.0,2.0,944.0,,,,,,,,7720.0,0.015,2m,1.0,0.0,1.5,128.0,,,,,,,,6928.0,0.01,4m,1.4,0.2,1.5,440.0,1192.0,0.01,1m,2.4000000000000004,1.0,1.0,616.0,6056.0,0.015,2m,1.4,0.2,0.5,192.0,2424.0,0.02,1m,3.0,1.0,1.5,744.0,4680.0,0.02,4m,2.6,0.4,1.5,584.0,7992.0,0.015,4m,2.2,0.4,0.5,184.0,4160,0.01,1m,1.8,1.0,2.0,272,2560.0,0.01,1m,2.4000000000000004,0.0,2.0,776.0,0.4,17,COMPLETE
122,122,-0.5510065370304753,2025-06-21 19:15:15.539636,2025-06-21 19:15:19.505063,0 days 00:00:03.965427,,,,,,,,,,,,,,,,,,,,,,,,,,,,,8096.0,0.02,2m,1.6,0.0,0.5,376.0,,,,,,,,,,,,,,,4784.0,0.015,1m,1.0,0.0,1.5,640.0,2304.0,0.02,2m,2.4000000000000004,1.0,2.0,960.0,,,,,,,,7888.0,0.015,2m,1.0,0.2,1.5,576.0,,,,,,,,,,,,,,,1816.0,0.015,1m,2.6,1.0,1.0,944.0,6240.0,0.015,3m,1.4,0.2,0.5,144.0,2544.0,0.02,1m,3.0,0.8,1.5,704.0,,,,,,,,7744.0,0.015,4m,2.0,0.2,1.5,64.0,3936,0.01,1m,1.6,1.0,2.0,288,,,,,,,,0.4,9,COMPLETE
123,123,1.1747094020327988,2025-06-21 19:15:19.585825,2025-06-21 19:15:24.191874,0 days 00:00:04.606049,,,,,,,,,,,,,,,,,,,,,,,,,,,,,5024.0,0.02,2m,1.4,0.0,0.5,448.0,,,,,,,,6952.0,0.015,5m,1.0,1.0,2.0,464.0,6224.0,0.015,1m,1.2,0.0,1.5,608.0,7720.0,0.02,2m,2.8,1.0,2.0,1000.0,,,,,,,,7032.0,0.015,2m,1.2,0.2,1.5,96.0,,,,,,,,,,,,,,,1544.0,0.01,1m,2.2,1.0,1.0,664.0,5824.0,0.02,3m,1.6,0.2,0.5,240.0,3296.0,0.02,1m,1.6,1.0,1.5,664.0,,,,,,,,7488.0,0.015,4m,2.6,0.0,0.5,272.0,5744,0.01,1m,1.8,1.0,2.0,640,3192.0,0.01,1m,2.0,0.0,1.0,896.0,0.05,11,COMPLETE
124,124,1.9410784741517912,2025-06-21 19:15:24.255754,2025-06-21 19:15:28.644413,0 days 00:00:04.388659,,,,,,,,,,,,,,,,,,,,,,,,,,,,,5792.0,0.02,2m,1.2,0.0,0.5,488.0,,,,,,,,,,,,,,,5432.0,0.015,1m,1.2,0.0,1.5,568.0,3216.0,0.02,2m,2.6,1.0,2.0,984.0,,,,,,,,7568.0,0.015,4m,1.0,0.4,1.5,216.0,,,,,,,,,,,,,,,1272.0,0.01,1m,2.4000000000000004,1.0,1.0,960.0,6552.0,0.015,3m,1.2,0.0,0.5,64.0,7808.0,0.02,1m,3.0,0.8,1.5,640.0,,,,,,,,8192.0,0.015,4m,1.8,0.6000000000000001,0.5,472.0,4248,0.01,1m,2.0,1.0,2.0,400,1136.0,0.01,4m,2.2,0.0,2.0,824.0,0.35000000000000003,10,COMPLETE
125,125,-0.7517049339591688,2025-06-21 19:15:28.729412,2025-06-21 19:15:32.434586,0 days 00:00:03.705174,,,,,,,,,,,,,,,,,,,,,,,,,,,,,6592.0,0.02,2m,1.4,0.0,0.5,408.0,,,,,,,,,,,,,,,4920.0,0.015,1m,1.4,0.0,1.5,552.0,3848.0,0.02,3m,2.0,0.8,2.0,920.0,,,,,,,,,,,,,,,,,,,,,,,,,,,,,1064.0,0.01,2m,2.4000000000000004,0.4,1.0,776.0,6800.0,0.02,2m,1.4,0.6000000000000001,0.5,272.0,4008.0,0.02,2m,2.8,1.0,1.5,600.0,,,,,,,,4792.0,0.01,3m,2.2,0.0,0.5,232.0,3688,0.01,1m,1.6,0.8,2.0,208,,,,,,,,0.35000000000000003,8,COMPLETE
126,126,2.4558172578647977,2025-06-21 19:15:32.485402,2025-06-21 19:15:39.027322,0 days 00:00:06.541920,5864.0,0.01,1m,1.8,0.6000000000000001,0.5,840.0,,,,,,,,1616.0,0.02,3m,2.6,0.8,1.5,1024.0,,,,,,,,6064.0,0.02,2m,1.4,0.0,0.5,472.0,6304.0,0.01,1m,1.6,1.0,0.5,520.0,7688.0,0.015,2m,1.2,0.8,1.0,504.0,7024.0,0.015,4m,1.2,0.0,1.5,512.0,1480.0,0.02,4m,2.8,1.0,2.0,1024.0,,,,,,,,7200.0,0.015,2m,1.2,0.2,1.5,168.0,,,,,,,,7912.0,0.015,4m,3.0,0.0,1.0,520.0,1432.0,0.01,5m,2.6,1.0,2.0,200.0,7280.0,0.02,3m,1.2,0.4,0.5,216.0,3032.0,0.02,4m,2.2,0.8,0.5,792.0,5848.0,0.015,2m,1.2,0.6000000000000001,0.5,480.0,6616.0,0.015,4m,1.6,0.2,0.5,152.0,5176,0.01,2m,2.6,1.0,2.0,128,6152.0,0.01,1m,2.2,0.0,2.0,144.0,0.15000000000000002,16,COMPLETE
127,127,0.299866886718063,2025-06-21 19:15:39.092970,2025-06-21 19:15:46.312840,0 days 00:00:07.219870,5848.0,0.01,1m,1.8,0.4,0.5,776.0,,,,,,,,1936.0,0.02,3m,2.8,0.8,2.0,1024.0,,,,,,,,6032.0,0.02,5m,1.6,0.0,0.5,952.0,6872.0,0.01,1m,1.6,1.0,0.5,504.0,7704.0,0.015,2m,1.2,0.8,1.0,504.0,7312.0,0.015,4m,1.8,0.0,1.5,416.0,1544.0,0.02,4m,2.8,1.0,2.0,1024.0,,,,,,,,6672.0,0.01,2m,1.2,1.0,1.5,176.0,,,,,,,,7904.0,0.015,4m,3.0,0.0,0.5,512.0,4168.0,0.01,5m,2.8,0.8,2.0,976.0,7600.0,0.02,3m,1.2,0.4,0.5,464.0,4600.0,0.02,4m,1.8,0.8,0.5,792.0,5808.0,0.015,2m,1.0,0.6000000000000001,0.5,400.0,5856.0,0.02,4m,1.4,0.4,0.5,168.0,5520,0.01,2m,2.6,1.0,2.0,128,6488.0,0.01,2m,1.8,0.6000000000000001,2.0,272.0,0.15000000000000002,16,COMPLETE
128,128,-0.839754061767148,2025-06-21 19:15:46.403506,2025-06-21 19:15:59.198035,0 days 00:00:12.794529,6344.0,0.01,1m,1.8,0.6000000000000001,0.5,816.0,,,,,,,,,,,,,,,,,,,,,,5400.0,0.015,2m,1.2,0.2,1.5,464.0,6328.0,0.01,1m,1.8,0.8,0.5,400.0,6408.0,0.015,2m,1.2,0.8,1.0,320.0,6960.0,0.015,4m,1.0,0.0,1.5,712.0,1384.0,0.02,4m,3.0,0.8,2.0,968.0,,,,,,,,7288.0,0.015,3m,1.4,0.2,1.0,936.0,,,,,,,,7272.0,0.015,4m,3.0,0.0,0.5,448.0,2544.0,0.01,5m,2.6,1.0,2.0,184.0,7144.0,0.015,3m,1.0,0.4,0.5,104.0,6104.0,0.015,4m,2.2,0.8,0.5,888.0,6880.0,0.015,2m,1.2,0.8,0.5,464.0,6544.0,0.015,2m,1.2,0.0,0.5,104.0,5216,0.01,2m,2.6,1.0,2.0,168,5856.0,0.01,1m,2.4000000000000004,0.0,2.0,152.0,0.2,15,COMPLETE
129,129,-3.184077136903746,2025-06-21 19:15:59.292410,2025-06-21 19:16:07.815825,0 days 00:00:08.523415,5520.0,0.01,1m,1.6,0.6000000000000001,0.5,848.0,4888.0,0.02,1m,2.4000000000000004,0.6000000000000001,1.5,928.0,1488.0,0.02,3m,2.6,0.6000000000000001,2.0,968.0,3776.0,0.015,1m,3.0,0.8,1.0,312.0,6856.0,0.02,4m,1.0,0.0,1.0,432.0,8152.0,0.01,1m,1.2,0.6000000000000001,1.0,432.0,6872.0,0.015,2m,1.0,0.6000000000000001,1.0,568.0,6768.0,0.015,4m,1.2,0.2,1.0,504.0,1168.0,0.02,4m,2.8,1.0,2.0,1008.0,4824.0,0.01,5m,1.4,0.4,1.0,448.0,5024.0,0.015,2m,1.2,0.4,1.5,144.0,,,,,,,,7880.0,0.015,4m,2.8,0.0,1.0,360.0,1984.0,0.01,5m,2.6,1.0,2.0,192.0,7504.0,0.02,3m,1.2,0.4,1.5,224.0,2704.0,0.02,4m,2.4000000000000004,0.6000000000000001,0.5,840.0,7704.0,0.015,2m,1.4,0.6000000000000001,0.5,552.0,6936.0,0.015,5m,1.6,0.2,0.5,144.0,2968,0.01,2m,2.4000000000000004,1.0,2.0,112,7680.0,0.01,1m,2.0,0.0,2.0,664.0,0.15000000000000002,19,COMPLETE
130,130,0.2008817965739528,2025-06-21 19:16:07.872337,2025-06-21 19:16:11.066147,0 days 00:00:03.193810,,,,,,,,,,,,,,,,,,,,,,,,,,,,,3960.0,0.02,2m,1.4,0.0,0.5,528.0,,,,,,,,,,,,,,,6496.0,0.015,4m,1.4,0.0,1.5,448.0,1640.0,0.02,4m,2.6,0.8,2.0,432.0,,,,,,,,,,,,,,,,,,,,,,,,,,,,,4424.0,0.01,5m,2.8,1.0,2.0,360.0,6976.0,0.02,3m,2.0,0.6000000000000001,0.5,656.0,4144.0,0.015,4m,1.6,0.4,0.5,768.0,,,,,,,,,,,,,,,4688,0.01,2m,2.8,1.0,2.0,64,,,,,,,,0.1,7,COMPLETE
131,131,1.8790554630632126,2025-06-21 19:16:11.145698,2025-06-21 19:16:16.292926,0 days 00:00:05.147228,,,,,,,,,,,,,,,,,,,,,,,,,,,,,5640.0,0.02,2m,1.4,0.0,0.5,400.0,5416.0,0.01,1m,1.6,1.0,0.5,536.0,7952.0,0.015,2m,1.0,0.8,0.5,408.0,7032.0,0.015,5m,1.2,0.0,1.5,656.0,2080.0,0.02,3m,2.6,1.0,2.0,992.0,,,,,,,,7136.0,0.015,2m,1.0,0.2,1.5,240.0,,,,,,,,,,,,,,,1408.0,0.01,1m,2.4000000000000004,1.0,2.0,752.0,7288.0,0.02,3m,1.4,0.4,0.5,184.0,2976.0,0.02,4m,3.0,0.8,0.5,720.0,,,,,,,,6376.0,0.015,4m,1.8,0.2,0.5,200.0,4888,0.01,5m,2.6,1.0,2.0,144,7024.0,0.01,1m,2.2,0.0,2.0,424.0,0.2,12,COMPLETE
132,132,2.7612010113115293,2025-06-21 19:16:16.377455,2025-06-21 19:16:23.591101,0 days 00:00:07.213646,4808.0,0.01,1m,2.0,0.4,0.5,640.0,6184.0,0.01,4m,1.8,1.0,1.0,560.0,3024.0,0.02,3m,3.0,0.8,1.5,968.0,,,,,,,,5864.0,0.02,2m,1.4,0.0,0.5,488.0,5648.0,0.01,1m,1.4,1.0,0.5,664.0,7296.0,0.015,5m,1.2,1.0,1.0,520.0,7208.0,0.015,4m,1.2,0.0,1.5,480.0,2920.0,0.02,5m,2.8,1.0,2.0,936.0,,,,,,,,8048.0,0.015,2m,1.0,0.2,1.5,80.0,,,,,,,,7456.0,0.015,4m,1.8,0.2,0.5,592.0,1208.0,0.01,5m,2.2,1.0,0.5,272.0,6424.0,0.02,3m,1.2,0.2,0.5,160.0,4320.0,0.02,1m,2.8,0.8,1.5,760.0,4016.0,0.015,2m,1.2,1.0,0.5,304.0,7328.0,0.015,4m,1.6,0.2,0.5,160.0,5104,0.01,4m,1.8,1.0,2.0,440,2880.0,0.01,1m,2.2,0.0,2.0,104.0,0.4,17,COMPLETE
133,133,2.0343341749997985,2025-06-21 19:16:23.669947,2025-06-21 19:16:30.405445,0 days 00:00:06.735498,4352.0,0.01,1m,2.0,0.4,0.5,632.0,,,,,,,,,,,,,,,,,,,,,,5928.0,0.02,2m,1.4,0.0,0.5,512.0,5648.0,0.01,1m,1.4,1.0,0.5,664.0,7272.0,0.015,1m,1.4,0.8,1.0,520.0,7144.0,0.015,4m,1.2,0.0,1.5,520.0,2744.0,0.02,5m,2.8,1.0,2.0,896.0,,,,,,,,8056.0,0.015,2m,1.0,0.2,1.5,80.0,,,,,,,,7456.0,0.015,4m,1.8,0.2,0.5,576.0,1648.0,0.01,5m,2.2,1.0,0.5,872.0,6616.0,0.02,3m,1.2,0.2,2.0,160.0,4360.0,0.02,1m,2.8,0.8,0.5,752.0,4224.0,0.015,2m,1.2,1.0,0.5,288.0,6704.0,0.015,4m,1.4,0.2,0.5,120.0,4816,0.01,4m,1.6,1.0,2.0,512,2856.0,0.01,1m,2.2,0.0,2.0,120.0,0.4,15,COMPLETE
134,134,-0.27029891221225505,2025-06-21 19:16:30.514345,2025-06-21 19:16:38.048575,0 days 00:00:07.534230,4744.0,0.01,1m,2.0,0.4,0.5,744.0,7296.0,0.01,4m,1.8,1.0,1.0,200.0,2936.0,0.02,3m,3.0,0.8,1.5,984.0,,,,,,,,6136.0,0.02,2m,1.6,0.0,0.5,488.0,5096.0,0.01,1m,1.4,1.0,0.5,568.0,7488.0,0.015,5m,1.2,1.0,1.0,632.0,6768.0,0.015,4m,1.0,0.0,1.5,480.0,3000.0,0.02,5m,2.8,1.0,2.0,936.0,,,,,,,,7800.0,0.015,2m,1.2,0.2,1.5,112.0,,,,,,,,8192.0,0.015,4m,1.8,0.2,0.5,640.0,1208.0,0.01,5m,2.2,1.0,0.5,256.0,7744.0,0.02,3m,1.0,0.2,0.5,128.0,4488.0,0.02,1m,2.6,0.8,1.5,736.0,3072.0,0.015,2m,1.2,1.0,0.5,192.0,7352.0,0.015,4m,1.6,0.2,0.5,80.0,5040,0.01,4m,1.8,1.0,2.0,616,3536.0,0.01,1m,2.0,0.0,2.0,96.0,0.35000000000000003,17,COMPLETE
135,135,-0.02797889027166706,2025-06-21 19:16:38.125565,2025-06-21 19:16:45.373372,0 days 00:00:07.247807,4032.0,0.01,1m,1.8,0.6000000000000001,0.5,584.0,6256.0,0.01,4m,1.4,1.0,0.5,416.0,2200.0,0.02,3m,2.8,0.8,1.5,904.0,,,,,,,,5552.0,0.02,1m,1.4,0.0,0.5,616.0,6632.0,0.01,1m,1.6,0.8,0.5,768.0,6624.0,0.015,5m,1.2,1.0,1.0,496.0,7440.0,0.015,4m,1.4,0.0,1.5,544.0,2608.0,0.02,5m,3.0,1.0,2.0,960.0,,,,,,,,7440.0,0.015,2m,1.0,0.2,1.5,160.0,,,,,,,,7088.0,0.015,4m,1.6,0.4,0.5,520.0,3096.0,0.01,5m,2.2,1.0,0.5,264.0,6832.0,0.02,1m,1.2,0.4,0.5,208.0,3808.0,0.02,4m,2.8,0.8,0.5,792.0,4688.0,0.015,2m,1.0,0.8,0.5,296.0,6184.0,0.015,4m,1.6,0.4,0.5,808.0,5320,0.01,4m,2.0,1.0,2.0,432,2160.0,0.01,1m,2.6,0.0,2.0,176.0,0.1,17,COMPLETE
136,136,1.4140110013390417,2025-06-21 19:16:45.442217,2025-06-21 19:16:52.414590,0 days 00:00:06.972373,5232.0,0.01,1m,2.2,0.4,0.5,696.0,,,,,,,,3344.0,0.02,3m,3.0,1.0,1.5,952.0,,,,,,,,5216.0,0.02,2m,1.2,0.0,1.5,424.0,4528.0,0.01,1m,1.4,0.8,0.5,696.0,8088.0,0.015,3m,2.2,0.8,1.0,456.0,7136.0,0.015,4m,1.2,0.0,1.5,384.0,2912.0,0.02,5m,2.8,1.0,2.0,1024.0,,,,,,,,7608.0,0.015,4m,1.2,0.0,1.5,64.0,,,,,,,,7952.0,0.015,4m,2.0,0.0,0.5,408.0,2808.0,0.01,5m,2.0,0.8,0.5,160.0,6464.0,0.015,3m,1.8,0.6000000000000001,0.5,80.0,4208.0,0.02,5m,2.0,0.8,1.5,760.0,3776.0,0.015,1m,1.6,1.0,0.5,360.0,7272.0,0.015,4m,2.0,0.0,0.5,152.0,5896,0.01,2m,2.6,1.0,2.0,248,7272.0,0.01,1m,2.4000000000000004,0.0,2.0,72.0,0.15000000000000002,16,COMPLETE
137,137,1.185305274496991,2025-06-21 19:16:52.490574,2025-06-21 19:16:58.680666,0 days 00:00:06.190092,6712.0,0.01,1m,1.6,0.8,0.5,784.0,,,,,,,,,,,,,,,,,,,,,,4816.0,0.02,2m,2.0,0.4,0.5,576.0,5896.0,0.01,5m,1.2,1.0,1.0,616.0,7800.0,0.015,2m,1.0,0.8,1.0,592.0,4432.0,0.015,4m,1.2,0.0,1.5,504.0,1264.0,0.02,5m,2.8,0.2,2.0,872.0,,,,,,,,8176.0,0.015,2m,1.0,0.2,1.5,368.0,,,,,,,,7600.0,0.015,1m,1.6,0.2,1.0,576.0,1048.0,0.01,2m,2.6,1.0,0.5,264.0,7376.0,0.02,2m,1.2,0.4,0.5,112.0,4728.0,0.02,1m,1.4,0.8,1.0,928.0,,,,,,,,7568.0,0.015,4m,2.6,0.0,0.5,120.0,5432,0.01,4m,2.8,0.8,2.0,360,4976.0,0.01,4m,2.2,0.0,2.0,168.0,0.35000000000000003,14,COMPLETE
138,138,-1.2991380363855616,2025-06-21 19:16:58.759981,2025-06-21 19:17:06.815335,0 days 00:00:08.055354,7120.0,0.01,5m,2.2,0.4,1.0,888.0,7464.0,0.01,4m,1.8,0.8,1.0,560.0,1376.0,0.02,1m,2.8,1.0,1.5,1024.0,7272.0,0.01,2m,1.2,0.2,1.5,696.0,4480.0,0.02,2m,2.6,0.0,0.5,464.0,7048.0,0.015,1m,1.8,1.0,0.5,496.0,7128.0,0.01,5m,1.2,1.0,1.5,528.0,7640.0,0.015,3m,1.0,0.0,1.5,624.0,3400.0,0.02,3m,3.0,0.8,2.0,976.0,,,,,,,,7944.0,0.02,2m,1.0,0.4,1.5,864.0,,,,,,,,4072.0,0.015,4m,1.4,0.0,0.5,472.0,3944.0,0.01,3m,2.2,1.0,1.5,144.0,8168.0,0.02,4m,1.2,0.0,0.5,144.0,5168.0,0.015,1m,2.6,0.8,0.5,696.0,2144.0,0.015,2m,1.2,1.0,1.5,96.0,7008.0,0.01,4m,1.2,0.4,0.5,168.0,5624,0.01,5m,2.4000000000000004,1.0,2.0,792,6184.0,0.01,1m,2.8,1.0,2.0,208.0,0.4,18,COMPLETE
139,139,0.731009626127759,2025-06-21 19:17:06.892478,2025-06-21 19:17:09.614868,0 days 00:00:02.722390,,,,,,,,,,,,,,,,,,,,,,,,,,,,,5848.0,0.02,2m,1.4,0.0,1.5,552.0,,,,,,,,,,,,,,,5000.0,0.015,5m,2.0,0.0,2.0,584.0,3120.0,0.02,4m,2.6,1.0,2.0,944.0,,,,,,,,,,,,,,,,,,,,,,,,,,,,,1488.0,0.01,5m,2.4000000000000004,0.8,2.0,304.0,,,,,,,,3984.0,0.015,4m,2.8,0.8,2.0,712.0,,,,,,,,,,,,,,,5080,0.01,4m,2.2,1.0,2.0,320,,,,,,,,0.25,6,COMPLETE
140,140,1.577554703166644,2025-06-21 19:17:09.696376,2025-06-21 19:17:17.876101,0 days 00:00:08.179725,5960.0,0.015,1m,1.4,0.2,0.5,712.0,5616.0,0.015,4m,1.0,1.0,0.5,728.0,1048.0,0.02,3m,2.4000000000000004,0.6000000000000001,2.0,912.0,8192.0,0.02,4m,2.4000000000000004,0.4,2.0,184.0,5088.0,0.02,2m,1.4,0.0,0.5,440.0,4224.0,0.01,2m,1.6,0.8,1.5,744.0,7528.0,0.015,5m,1.0,1.0,1.5,576.0,6320.0,0.015,2m,2.6,0.8,1.5,440.0,2712.0,0.015,3m,2.8,0.8,2.0,920.0,,,,,,,,2688.0,0.015,5m,1.2,0.4,1.5,104.0,,,,,,,,7976.0,0.015,4m,1.8,0.2,0.5,616.0,2944.0,0.01,2m,2.0,1.0,2.0,80.0,7136.0,0.01,3m,1.6,0.2,0.5,248.0,4360.0,0.02,1m,2.8,0.8,1.5,816.0,5832.0,0.01,5m,1.4,0.8,1.0,512.0,7840.0,0.015,2m,2.4000000000000004,0.2,1.0,256.0,5184,0.01,2m,1.6,0.0,2.0,224,1872.0,0.01,5m,2.2,0.2,2.0,712.0,0.05,18,COMPLETE
141,141,3.3799303277148005,2025-06-21 19:17:17.960423,2025-06-21 19:17:25.148522,0 days 00:00:07.188099,4920.0,0.01,3m,2.4000000000000004,0.8,0.5,664.0,,,,,,,,2600.0,0.02,3m,3.0,0.8,1.5,800.0,,,,,,,,5320.0,0.02,2m,1.4,0.0,0.5,480.0,6240.0,0.01,1m,1.4,1.0,0.5,648.0,8064.0,0.015,5m,1.0,1.0,2.0,424.0,5792.0,0.015,1m,1.2,0.0,1.5,888.0,3720.0,0.02,2m,2.4000000000000004,1.0,2.0,992.0,,,,,,,,7776.0,0.015,2m,1.0,0.2,1.5,136.0,,,,,,,,4896.0,0.015,5m,2.0,0.0,0.5,496.0,1264.0,0.01,1m,2.4000000000000004,1.0,2.0,240.0,5696.0,0.02,3m,1.4,0.2,0.5,176.0,2464.0,0.02,1m,3.0,1.0,1.5,624.0,5464.0,0.015,1m,2.2,1.0,1.5,864.0,8032.0,0.015,4m,1.6,0.2,0.5,192.0,4360,0.01,1m,1.8,1.0,2.0,472,2392.0,0.01,1m,2.0,0.0,2.0,856.0,0.4,16,COMPLETE
142,142,1.5188839400183431,2025-06-21 19:17:25.241663,2025-06-21 19:17:32.475138,0 days 00:00:07.233475,4824.0,0.01,3m,2.4000000000000004,0.8,0.5,608.0,,,,,,,,1776.0,0.02,3m,3.0,0.8,1.5,816.0,,,,,,,,5328.0,0.02,2m,1.4,0.0,0.5,488.0,6264.0,0.01,1m,1.4,1.0,0.5,640.0,7752.0,0.015,5m,1.0,1.0,2.0,432.0,7248.0,0.015,1m,1.2,0.0,1.5,880.0,3696.0,0.02,2m,2.2,1.0,2.0,1000.0,,,,,,,,7768.0,0.015,2m,1.0,0.2,1.5,144.0,,,,,,,,4544.0,0.015,5m,2.0,0.0,0.5,504.0,1312.0,0.01,1m,2.4000000000000004,1.0,2.0,1024.0,5712.0,0.02,3m,1.4,0.2,0.5,168.0,3048.0,0.02,1m,3.0,1.0,1.5,560.0,5496.0,0.015,1m,2.2,1.0,1.5,880.0,8016.0,0.015,4m,1.4,0.2,0.5,216.0,4592,0.01,1m,1.8,1.0,2.0,512,2472.0,0.01,1m,2.0,0.0,2.0,944.0,0.45,16,COMPLETE
143,143,-0.5231249563424469,2025-06-21 19:17:32.535788,2025-06-21 19:17:40.245641,0 days 00:00:07.709853,4584.0,0.01,3m,2.6,0.8,0.5,656.0,6424.0,0.01,2m,2.0,0.8,1.0,824.0,2408.0,0.02,3m,3.0,0.8,1.5,976.0,,,,,,,,5504.0,0.02,2m,1.2,0.0,0.5,392.0,5688.0,0.01,1m,1.4,1.0,0.5,712.0,8048.0,0.015,5m,1.0,1.0,2.0,488.0,6640.0,0.015,1m,1.2,0.0,1.5,832.0,3296.0,0.02,1m,2.4000000000000004,1.0,2.0,984.0,,,,,,,,6944.0,0.015,2m,1.0,0.2,1.5,192.0,,,,,,,,3384.0,0.015,5m,2.2,0.0,0.5,432.0,1800.0,0.01,1m,2.4000000000000004,1.0,2.0,192.0,5240.0,0.02,3m,1.4,0.2,0.5,224.0,2336.0,0.02,1m,3.0,0.8,1.5,640.0,7880.0,0.015,1m,2.0,1.0,1.5,952.0,4280.0,0.015,4m,1.6,0.2,0.5,184.0,3960,0.01,1m,1.8,1.0,2.0,464,2672.0,0.01,1m,2.0,0.0,2.0,856.0,0.4,17,COMPLETE
144,144,-1.9422237286986626,2025-06-21 19:17:40.332157,2025-06-21 19:17:47.179283,0 days 00:00:06.847126,5640.0,0.01,3m,2.8,1.0,0.5,560.0,,,,,,,,,,,,,,,,,,,,,,4912.0,0.02,3m,1.4,0.0,0.5,512.0,5256.0,0.01,1m,1.2,1.0,0.5,560.0,7336.0,0.015,5m,1.2,1.0,1.5,360.0,5880.0,0.015,1m,1.4,0.0,1.5,904.0,1440.0,0.02,2m,2.6,1.0,2.0,824.0,,,,,,,,7192.0,0.015,2m,1.0,0.2,1.5,120.0,,,,,,,,7424.0,0.015,5m,1.6,0.0,0.5,528.0,1184.0,0.01,5m,2.6,1.0,2.0,312.0,5472.0,0.02,3m,1.4,0.2,0.5,184.0,3264.0,0.02,1m,1.4,1.0,1.5,672.0,3976.0,0.015,1m,2.2,1.0,1.5,824.0,7640.0,0.015,4m,1.4,0.0,0.5,664.0,4944,0.01,1m,1.6,1.0,2.0,256,2960.0,0.02,1m,2.2,0.0,2.0,976.0,0.1,15,COMPLETE
145,145,-0.723016448122485,2025-06-21 19:17:47.218187,2025-06-21 19:17:54.606072,0 days 00:00:07.387885,5152.0,0.01,3m,2.0,0.6000000000000001,0.5,512.0,,,,,,,,3480.0,0.02,3m,2.6,0.8,1.5,856.0,,,,,,,,5696.0,0.02,2m,1.6,0.0,0.5,648.0,7664.0,0.01,3m,1.6,0.8,0.5,800.0,8064.0,0.015,2m,1.8,0.8,2.0,400.0,5608.0,0.015,4m,1.4,0.0,1.5,864.0,2504.0,0.02,2m,2.0,1.0,2.0,1008.0,,,,,,,,7368.0,0.015,4m,1.2,0.2,1.5,88.0,,,,,,,,5080.0,0.015,5m,2.0,0.0,0.5,352.0,3376.0,0.01,1m,2.2,1.0,2.0,240.0,6024.0,0.02,5m,1.6,0.2,0.5,304.0,2456.0,0.02,1m,2.8,1.0,1.5,624.0,2440.0,0.015,1m,2.4000000000000004,1.0,1.5,632.0,6616.0,0.015,4m,2.0,0.2,0.5,96.0,4472,0.01,5m,2.6,1.0,2.0,400,2256.0,0.01,1m,1.8,0.0,2.0,912.0,0.35000000000000003,16,COMPLETE
146,146,1.6823726337737857,2025-06-21 19:17:54.689836,2025-06-21 19:18:02.007303,0 days 00:00:07.317467,4904.0,0.01,2m,1.2,0.8,1.0,832.0,5696.0,0.015,4m,2.8,0.6000000000000001,1.5,928.0,7736.0,0.02,3m,3.0,0.6000000000000001,1.5,984.0,,,,,,,,5392.0,0.02,2m,1.4,0.0,0.5,472.0,4936.0,0.02,1m,1.2,0.4,0.5,664.0,7624.0,0.015,5m,1.0,1.0,2.0,552.0,5216.0,0.015,5m,1.0,0.0,1.5,984.0,2936.0,0.02,5m,2.8,1.0,2.0,960.0,,,,,,,,8040.0,0.015,2m,1.4,0.2,2.0,168.0,,,,,,,,2944.0,0.015,4m,1.8,0.0,1.5,464.0,1512.0,0.01,1m,2.4000000000000004,1.0,2.0,208.0,4952.0,0.015,3m,1.2,0.8,1.0,96.0,2864.0,0.015,1m,1.8,0.8,0.5,576.0,6096.0,0.015,1m,2.2,1.0,2.0,864.0,6824.0,0.015,4m,1.6,0.0,0.5,296.0,4088,0.01,1m,1.8,1.0,2.0,96,4048.0,0.01,3m,2.0,0.0,2.0,832.0,0.45,17,COMPLETE
147,147,0.29010149456071477,2025-06-21 19:18:02.093299,2025-06-21 19:18:05.047375,0 days 00:00:02.954076,,,,,,,,,,,,,,,,,,,,,,,,,,,,,6264.0,0.02,2m,1.4,0.0,1.5,368.0,,,,,,,,,,,,,,,5728.0,0.015,1m,1.2,0.0,1.5,912.0,3496.0,0.02,2m,2.6,0.8,2.0,720.0,,,,,,,,,,,,,,,,,,,,,,,,,,,,,3696.0,0.01,2m,2.6,1.0,0.5,224.0,6720.0,0.02,3m,1.4,0.2,0.5,128.0,4592.0,0.02,3m,3.0,0.8,1.5,1024.0,,,,,,,,,,,,,,,3816,0.01,1m,1.8,1.0,2.0,448,,,,,,,,0.4,7,COMPLETE
148,148,-0.8755301349681476,2025-06-21 19:18:05.077025,2025-06-21 19:18:08.868982,0 days 00:00:03.791957,,,,,,,,,,,,,,,,,,,,,,,,,,,,,4664.0,0.02,2m,1.2,0.0,0.5,536.0,,,,,,,,,,,,,,,2352.0,0.015,1m,1.6,0.0,2.0,600.0,2240.0,0.02,3m,2.2,0.6000000000000001,2.0,672.0,,,,,,,,,,,,,,,,,,,,,,,,,,,,,1312.0,0.01,4m,2.4000000000000004,0.8,2.0,936.0,6968.0,0.02,3m,1.4,0.6000000000000001,0.5,152.0,2640.0,0.02,4m,2.8,0.6000000000000001,1.5,720.0,,,,,,,,7192.0,0.02,1m,1.8,0.4,0.5,152.0,4280,0.01,2m,1.4,0.6000000000000001,2.0,544,,,,,,,,0.3,8,COMPLETE
149,149,-1.220555995427007,2025-06-21 19:18:08.947533,2025-06-21 19:18:15.784779,0 days 00:00:06.837246,6160.0,0.015,1m,2.2,1.0,0.5,664.0,,,,,,,,2592.0,0.02,5m,2.8,1.0,1.5,928.0,,,,,,,,5240.0,0.02,2m,1.6,0.6000000000000001,1.5,344.0,5496.0,0.01,4m,1.4,1.0,1.0,584.0,8192.0,0.015,4m,2.6,0.8,1.0,264.0,4672.0,0.015,4m,1.2,0.0,1.5,696.0,3984.0,0.02,2m,2.0,1.0,2.0,1024.0,,,,,,,,1536.0,0.015,2m,1.0,0.0,1.5,264.0,,,,,,,,7672.0,0.015,4m,3.0,0.2,0.5,544.0,2392.0,0.02,1m,2.6,1.0,2.0,544.0,5504.0,0.015,3m,1.8,0.4,0.5,200.0,4112.0,0.015,1m,1.2,1.0,1.5,784.0,5112.0,0.015,3m,1.6,0.8,1.5,952.0,7408.0,0.01,4m,2.0,0.2,0.5,128.0,3120,0.01,3m,1.6,0.4,2.0,152,1608.0,0.01,1m,2.4000000000000004,0.0,2.0,880.0,0.4,16,COMPLETE
