,number,value,datetime_start,datetime_complete,duration,params_CHTR_SWKS_beta_win,params_CHTR_SWKS_stop_loss,params_CHTR_SWKS_trade_freq,params_CHTR_SWKS_z_entry,params_CHTR_SWKS_z_exit,params_CHTR_SWKS_z_stop_scaler,params_CHTR_SWKS_z_win,params_CMCSA_FISV_beta_win,params_CMCSA_FISV_stop_loss,params_CMCSA_FISV_trade_freq,params_CMCSA_FISV_z_entry,params_CMCSA_FISV_z_exit,params_CMCSA_FISV_z_stop_scaler,params_CMCSA_FISV_z_win,params_CMCSA_SWKS_beta_win,params_CMCSA_SWKS_stop_loss,params_CMCSA_SWKS_trade_freq,params_CMCSA_SWKS_z_entry,params_CMCSA_SWKS_z_exit,params_CMCSA_SWKS_z_stop_scaler,params_CMCSA_SWKS_z_win,params_DLTR_EA_beta_win,params_DLTR_EA_stop_loss,params_DLTR_EA_trade_freq,params_DLTR_EA_z_entry,params_DLTR_EA_z_exit,params_DLTR_EA_z_stop_scaler,params_DLTR_EA_z_win,params_EBAY_TXN_beta_win,params_EBAY_TXN_stop_loss,params_EBAY_TXN_trade_freq,params_EBAY_TXN_z_entry,params_EBAY_TXN_z_exit,params_EBAY_TXN_z_stop_scaler,params_EBAY_TXN_z_win,params_FISV_MAR_beta_win,params_FISV_MAR_stop_loss,params_FISV_MAR_trade_freq,params_FISV_MAR_z_entry,params_FISV_MAR_z_exit,params_FISV_MAR_z_stop_scaler,params_FISV_MAR_z_win,params_ILMN_SWKS_beta_win,params_ILMN_SWKS_stop_loss,params_ILMN_SWKS_trade_freq,params_ILMN_SWKS_z_entry,params_ILMN_SWKS_z_exit,params_ILMN_SWKS_z_stop_scaler,params_ILMN_SWKS_z_win,params_KDP_TXN_beta_win,params_KDP_TXN_stop_loss,params_KDP_TXN_trade_freq,params_KDP_TXN_z_entry,params_KDP_TXN_z_exit,params_KDP_TXN_z_stop_scaler,params_KDP_TXN_z_win,params_NFLX_TXN_beta_win,params_NFLX_TXN_stop_loss,params_NFLX_TXN_trade_freq,params_NFLX_TXN_z_entry,params_NFLX_TXN_z_exit,params_NFLX_TXN_z_stop_scaler,params_NFLX_TXN_z_win,params_OKTA_SBUX_beta_win,params_OKTA_SBUX_stop_loss,params_OKTA_SBUX_trade_freq,params_OKTA_SBUX_z_entry,params_OKTA_SBUX_z_exit,params_OKTA_SBUX_z_stop_scaler,params_OKTA_SBUX_z_win,params_buffer_capital,params_pairs_to_trade,state
0,0,-0.5266622953907293,2025-06-15 23:16:54.002010,2025-06-15 23:16:56.923658,0 days 00:00:02.921648,,,,,,,,320.0,0.05,6m,1.4,0.6,1.1,320.0,,,,,,,,296.0,0.025,10m,1.5,0.9,1.6,248.0,344,0.05,5m,1.3,0.9,1.1,504,,,,,,,,,,,,,,,,,,,,,,,,,,,,,,,,,,,,0.2,3,COMPLETE
1,1,-8.21908726749139,2025-06-15 23:16:57.000344,2025-06-15 23:17:05.096370,0 days 00:00:08.096026,40.0,0.05,1m,0.6,0.6,1.1,416.0,576.0,0.025,10m,0.7,1.3,1.1,384.0,152.0,0.025,9m,0.7,1.2000000000000002,1.6,1016.0,112.0,0.05,3m,1.2000000000000002,1.2000000000000002,1.4000000000000001,288.0,984,0.025,6m,1.0,1.2000000000000002,1.6,592,488.0,0.05,7m,1.4,1.4,1.6,512.0,176.0,0.05,9m,0.9,0.8,1.7000000000000002,464.0,808.0,0.05,7m,1.5,0.7,1.7000000000000002,1008.0,216.0,0.025,8m,0.8,1.0,2.0,712.0,,,,,,,,0.3,9,COMPLETE
2,2,0.8538099677581091,2025-06-15 23:17:05.164774,2025-06-15 23:17:12.963318,0 days 00:00:07.798544,888.0,0.05,5m,1.4,0.9,1.2000000000000002,456.0,496.0,0.05,7m,1.5,1.1,1.6,672.0,96.0,0.05,9m,0.7,1.0,1.1,560.0,368.0,0.05,8m,0.7,1.0,1.9000000000000001,376.0,584,0.025,8m,1.3,0.6,1.6,376,920.0,0.025,9m,0.7,0.7,2.0,608.0,488.0,0.05,7m,0.6,1.4,1.3,352.0,432.0,0.05,3m,1.0,1.5,1.4000000000000001,280.0,384.0,0.05,9m,1.3,1.0,1.5,384.0,,,,,,,,0.15000000000000002,9,COMPLETE
3,3,-1.9267988314441327,2025-06-15 23:17:13.038607,2025-06-15 23:17:16.421857,0 days 00:00:03.383250,600.0,0.05,10m,0.9,1.3,1.5,224.0,848.0,0.025,6m,0.9,1.3,1.1,672.0,,,,,,,,144.0,0.05,4m,0.5,0.7,1.5,632.0,264,0.05,10m,1.5,0.5,1.6,720,,,,,,,,,,,,,,,,,,,,,,,,,,,,,,,,,,,,0.05,4,COMPLETE
4,4,-1.7196585838038225,2025-06-15 23:17:16.500179,2025-06-15 23:17:23.781069,0 days 00:00:07.280890,656.0,0.05,6m,0.6,1.2000000000000002,1.9000000000000001,208.0,112.0,0.025,3m,0.6,0.6,1.9000000000000001,248.0,816.0,0.05,7m,1.5,1.3,2.0,1008.0,864.0,0.05,2m,1.4,0.9,2.0,168.0,216,0.025,10m,1.2000000000000002,0.7,1.7000000000000002,480,392.0,0.025,5m,1.4,0.8,1.1,144.0,,,,,,,,344.0,0.05,4m,0.6,1.0,1.9000000000000001,600.0,88.0,0.025,8m,1.5,0.7,1.3,848.0,,,,,,,,0.4,8,COMPLETE
5,5,-8.547307805534242,2025-06-15 23:17:23.876480,2025-06-15 23:17:29.493690,0 days 00:00:05.617210,1000.0,0.025,9m,1.4,0.5,1.4000000000000001,320.0,224.0,0.025,8m,0.7,1.1,1.2000000000000002,984.0,,,,,,,,800.0,0.025,10m,0.8,0.7,1.2000000000000002,552.0,792,0.025,5m,1.5,1.0,1.6,528,,,,,,,,,,,,,,,288.0,0.025,4m,0.9,0.7,1.4000000000000001,912.0,936.0,0.025,1m,0.6,1.2000000000000002,1.6,976.0,,,,,,,,0.35000000000000003,6,COMPLETE
6,6,2.3245846351573745,2025-06-15 23:17:29.654775,2025-06-15 23:17:33.670163,0 days 00:00:04.015388,224.0,0.025,2m,1.0,0.5,1.2000000000000002,832.0,720.0,0.025,4m,0.7,1.5,1.2000000000000002,784.0,,,,,,,,672.0,0.05,4m,1.4,0.6,1.2000000000000002,776.0,608,0.05,2m,1.4,1.5,1.3,472,,,,,,,,,,,,,,,,,,,,,,,,,,,,,,,,,,,,0.4,4,COMPLETE
7,7,-0.0876115978838166,2025-06-15 23:17:33.761765,2025-06-15 23:17:37.760357,0 days 00:00:03.998592,624.0,0.025,8m,1.1,1.3,1.2000000000000002,528.0,992.0,0.025,2m,1.2000000000000002,1.3,1.1,720.0,,,,,,,,264.0,0.025,5m,1.3,0.6,1.5,240.0,392,0.05,7m,0.6,1.2000000000000002,1.1,104,,,,,,,,,,,,,,,,,,,,,,,,,,,,,,,,,,,,0.3,4,COMPLETE
8,8,-1.725047472231303,2025-06-15 23:17:37.888789,2025-06-15 23:17:39.966397,0 days 00:00:02.077608,,,,,,,,,,,,,,,,,,,,,,944.0,0.05,3m,1.4,1.3,1.4000000000000001,960.0,704,0.05,7m,0.5,0.8,1.9000000000000001,256,,,,,,,,,,,,,,,,,,,,,,,,,,,,,,,,,,,,0.3,2,COMPLETE
9,9,-0.9345659496101641,2025-06-15 23:17:40.060542,2025-06-15 23:17:46.760487,0 days 00:00:06.699945,312.0,0.025,8m,1.0,0.7,1.7000000000000002,792.0,344.0,0.025,10m,0.7,1.0,1.5,40.0,976.0,0.05,10m,0.7,0.9,1.8000000000000003,280.0,952.0,0.05,1m,0.7,0.6,1.8000000000000003,496.0,560,0.025,4m,0.5,0.6,1.3,528,,,,,,,,,,,,,,,264.0,0.025,6m,0.8,0.9,1.1,536.0,584.0,0.025,1m,1.3,0.8,1.1,744.0,,,,,,,,0.1,7,COMPLETE
10,10,-2.200038062521248,2025-06-15 23:17:46.834713,2025-06-15 23:17:48.026273,0 days 00:00:01.191560,,,,,,,,,,,,,,,,,,,,,,,,,,,,,32,0.05,2m,0.9,1.5,1.3,1000,,,,,,,,,,,,,,,,,,,,,,,,,,,,,,,,,,,,0.5,1,COMPLETE
11,11,0.7764283357971855,2025-06-15 23:17:48.087909,2025-06-15 23:17:58.176412,0 days 00:00:10.088503,984.0,0.025,2m,1.5,0.9,1.3,1024.0,616.0,0.05,7m,1.5,1.5,1.5,864.0,24.0,0.05,9m,0.5,0.5,1.1,496.0,560.0,0.05,8m,1.0,1.5,1.1,872.0,632,0.025,8m,1.3,1.5,1.4000000000000001,280,1016.0,0.025,9m,0.5,0.5,2.0,936.0,800.0,0.05,7m,0.5,1.5,1.2000000000000002,24.0,728.0,0.05,3m,1.3,1.5,1.4000000000000001,48.0,456.0,0.05,9m,1.1,1.5,1.6,200.0,912.0,0.05,6m,0.5,0.7,1.9000000000000001,520.0,0.15000000000000002,10,COMPLETE
12,12,0.4985205991016457,2025-06-15 23:17:58.250829,2025-06-15 23:18:03.550565,0 days 00:00:05.299736,280.0,0.05,5m,1.2000000000000002,0.9,1.1,656.0,752.0,0.05,4m,1.0,0.9,1.7000000000000002,600.0,,,,,,,,576.0,0.05,9m,1.0,1.1,2.0,736.0,880,0.025,8m,1.2000000000000002,1.2000000000000002,1.9000000000000001,272,,,,,,,,,,,,,,,72.0,0.05,10m,1.2000000000000002,1.5,1.1,104.0,,,,,,,,,,,,,,,0.45,5,COMPLETE
13,13,-0.907861651366353,2025-06-15 23:18:03.634387,2025-06-15 23:18:09.519218,0 days 00:00:05.884831,304.0,0.025,4m,0.8,0.8,1.6,40.0,448.0,0.05,5m,1.2000000000000002,1.5,1.4000000000000001,808.0,,,,,,,,424.0,0.05,8m,0.7,0.5,1.8000000000000003,432.0,488,0.05,2m,1.4,1.3,1.4000000000000001,760,,,,,,,,,,,,,,,1024.0,0.025,3m,1.1,1.3,1.6,288.0,528.0,0.05,3m,1.1,0.5,1.9000000000000001,296.0,,,,,,,,0.2,6,COMPLETE
14,14,1.1235745821744685,2025-06-15 23:18:09.593730,2025-06-15 23:18:19.604843,0 days 00:00:10.011113,792.0,0.05,7m,1.3,1.1,1.3,856.0,752.0,0.05,9m,0.5,0.8,1.7000000000000002,480.0,376.0,0.025,2m,1.2000000000000002,0.8,1.1,624.0,680.0,0.05,4m,0.5,0.9,1.7000000000000002,824.0,728,0.025,3m,1.1,0.5,1.8000000000000003,352,1008.0,0.025,8m,0.7,1.0,2.0,704.0,440.0,0.025,7m,1.5,1.4,1.2000000000000002,568.0,512.0,0.05,5m,0.5,1.2000000000000002,2.0,320.0,840.0,0.05,9m,1.5,1.2000000000000002,1.4000000000000001,408.0,24.0,0.025,10m,1.5,1.5,1.1,1016.0,0.2,10,COMPLETE
15,15,-2.619530083072292,2025-06-15 23:18:19.678962,2025-06-15 23:18:26.759184,0 days 00:00:07.080222,784.0,0.025,7m,1.2000000000000002,1.5,1.4000000000000001,920.0,752.0,0.05,9m,0.5,0.8,1.9000000000000001,440.0,504.0,0.025,2m,1.3,0.6,1.4000000000000001,680.0,736.0,0.025,4m,0.5,0.8,1.7000000000000002,776.0,776,0.05,3m,0.8,1.0,2.0,56,,,,,,,,,,,,,,,648.0,0.025,5m,0.5,1.2000000000000002,2.0,760.0,1008.0,0.05,2m,1.5,1.4,1.3,536.0,,,,,,,,0.4,7,COMPLETE
16,16,-58.4069770679826,2025-06-15 23:18:26.853473,2025-06-15 23:18:31.070115,0 days 00:00:04.216642,112.0,0.05,2m,0.8,1.1,1.3,768.0,1000.0,0.025,1m,0.5,0.8,1.3,520.0,,,,,,,,664.0,0.05,6m,1.1,0.5,1.3,1016.0,944,0.05,3m,1.1,1.4,1.9000000000000001,704,,,,,,,,,,,,,,,,,,,,,,,,,,,,,,,,,,,,0.25,4,COMPLETE
17,17,-0.43433417932941343,2025-06-15 23:18:31.137662,2025-06-15 23:18:40.037196,0 days 00:00:08.899534,456.0,0.025,3m,1.3,1.1,1.8000000000000003,832.0,768.0,0.05,9m,0.9,0.8,1.7000000000000002,992.0,448.0,0.025,4m,1.1,0.8,1.4000000000000001,104.0,680.0,0.05,4m,0.9,0.8,1.1,704.0,704,0.025,9m,1.0,0.8,1.8000000000000003,384,24.0,0.05,8m,0.9,1.2000000000000002,1.6,1024.0,360.0,0.025,2m,1.5,1.1,2.0,1000.0,576.0,0.05,5m,0.7,0.5,1.8000000000000003,344.0,760.0,0.05,6m,0.5,1.3,1.8000000000000003,64.0,16.0,0.025,10m,1.5,1.5,1.1,1008.0,0.4,10,COMPLETE
18,18,-41.03349285480643,2025-06-15 23:18:40.090791,2025-06-15 23:18:41.911115,0 days 00:00:01.820324,,,,,,,,,,,,,,,,,,,,,,480.0,0.025,7m,1.2000000000000002,1.0,1.6,872.0,480,0.05,1m,0.7,1.1,1.4000000000000001,184,,,,,,,,,,,,,,,,,,,,,,,,,,,,,,,,,,,,0.25,2,COMPLETE
19,19,-6.715211419401484,2025-06-15 23:18:41.982739,2025-06-15 23:18:47.119862,0 days 00:00:05.137123,456.0,0.05,7m,1.0,0.5,1.5,640.0,664.0,0.05,4m,0.8,0.5,1.8000000000000003,216.0,,,,,,,,784.0,0.05,4m,1.5,1.3,1.3,880.0,864,0.025,3m,1.1,0.5,1.2000000000000002,856,,,,,,,,,,,,,,,32.0,0.05,1m,0.5,1.2000000000000002,2.0,408.0,,,,,,,,,,,,,,,0.5,5,COMPLETE
20,20,2.780978300321913,2025-06-15 23:18:47.203950,2025-06-15 23:18:54.554498,0 days 00:00:07.350548,760.0,0.025,7m,1.2000000000000002,1.5,1.3,992.0,912.0,0.025,4m,0.5,1.2000000000000002,1.3,560.0,272.0,0.025,2m,1.1,0.7,1.3,744.0,1016.0,0.05,4m,0.6,0.8,1.7000000000000002,624.0,664,0.025,2m,1.4,1.4,1.5,384,,,,,,,,,,,,,,,904.0,0.025,2m,0.7,1.3,1.8000000000000003,664.0,744.0,0.05,4m,0.9,1.2000000000000002,1.3,520.0,,,,,,,,0.35000000000000003,7,COMPLETE
21,21,0.4703429876565643,2025-06-15 23:18:54.631746,2025-06-15 23:19:02.701022,0 days 00:00:08.069276,776.0,0.025,7m,1.2000000000000002,1.5,1.3,1016.0,888.0,0.025,4m,0.5,1.4,1.3,544.0,320.0,0.025,2m,1.1,0.7,1.3,768.0,920.0,0.05,4m,0.6,0.8,1.7000000000000002,608.0,696,0.025,2m,1.4,1.4,1.5,368,776.0,0.025,10m,1.0,1.0,1.8000000000000003,624.0,,,,,,,,912.0,0.025,2m,0.7,1.3,1.8000000000000003,656.0,784.0,0.05,4m,0.8,1.2000000000000002,1.3,520.0,,,,,,,,0.35000000000000003,8,COMPLETE
22,22,-2.237039428151571,2025-06-15 23:19:02.784871,2025-06-15 23:19:09.925767,0 days 00:00:07.140896,776.0,0.025,7m,1.1,1.4,1.2000000000000002,904.0,864.0,0.025,4m,0.6,1.1,1.3,792.0,288.0,0.025,5m,1.3,1.5,1.2000000000000002,776.0,1024.0,0.05,4m,0.5,0.7,1.7000000000000002,32.0,640,0.025,2m,1.4,1.4,1.7000000000000002,632,,,,,,,,,,,,,,,480.0,0.025,2m,0.7,1.1,1.8000000000000003,760.0,752.0,0.05,4m,0.9,1.1,1.1,504.0,,,,,,,,0.35000000000000003,7,COMPLETE
23,23,-1.179079288345863,2025-06-15 23:19:09.997776,2025-06-15 23:19:19.043528,0 days 00:00:09.045752,872.0,0.025,2m,1.3,1.1,1.4000000000000001,696.0,664.0,0.025,9m,0.6,1.2000000000000002,1.4000000000000001,464.0,584.0,0.025,1m,0.9,0.8,1.5,440.0,616.0,0.05,4m,0.6,0.9,1.8000000000000003,784.0,784,0.025,2m,1.2000000000000002,1.5,1.5,408,720.0,0.05,8m,0.5,1.5,1.2000000000000002,312.0,1000.0,0.025,4m,1.5,1.1,1.1,848.0,856.0,0.025,8m,0.5,1.3,2.0,448.0,848.0,0.05,7m,1.3,0.9,1.4000000000000001,392.0,,,,,,,,0.2,9,COMPLETE
24,24,-1.0294589093592343,2025-06-15 23:19:19.136401,2025-06-15 23:19:22.364030,0 days 00:00:03.227629,,,,,,,,864.0,0.025,4m,0.5,0.9,1.6,592.0,,,,,,,,712.0,0.05,1m,0.8,0.6,1.6,672.0,448,0.025,9m,1.5,1.3,1.3,440,,,,,,,,,,,,,,,,,,,,,,,,,,,,,,,,,,,,0.45,3,COMPLETE
25,25,-0.31525979027231676,2025-06-15 23:19:22.457685,2025-06-15 23:19:30.693569,0 days 00:00:08.235884,688.0,0.025,7m,1.0,0.7,1.1,920.0,944.0,0.025,3m,0.8,1.4,2.0,896.0,352.0,0.025,2m,1.2000000000000002,0.5,1.2000000000000002,840.0,840.0,0.05,7m,0.6,1.0,1.9000000000000001,808.0,568,0.025,4m,1.1,1.3,1.7000000000000002,160,232.0,0.025,4m,0.8,1.1,1.4000000000000001,816.0,,,,,,,,600.0,0.025,9m,0.8,0.9,1.6,208.0,656.0,0.05,5m,1.0,1.3,1.7000000000000002,656.0,,,,,,,,0.45,8,COMPLETE
26,26,-3.9750943847754328,2025-06-15 23:19:30.789530,2025-06-15 23:19:36.722271,0 days 00:00:05.932741,184.0,0.05,4m,1.3,1.3,1.3,864.0,760.0,0.025,8m,0.6,1.2000000000000002,1.2000000000000002,736.0,,,,,,,,496.0,0.05,9m,0.9,0.8,1.4000000000000001,600.0,880,0.05,6m,0.9,1.1,1.2000000000000002,312,,,,,,,,,,,,,,,1008.0,0.05,2m,0.9,1.1,1.9000000000000001,736.0,896.0,0.05,10m,0.8,1.5,1.2000000000000002,152.0,,,,,,,,0.35000000000000003,6,COMPLETE
27,27,-15.564103790965385,2025-06-15 23:19:36.827031,2025-06-15 23:19:41.816998,0 days 00:00:04.989967,536.0,0.025,10m,1.5,1.0,2.0,984.0,672.0,0.05,1m,0.8,0.7,1.4000000000000001,360.0,,,,,,,,640.0,0.025,6m,1.1,0.7,1.7000000000000002,936.0,664,0.025,1m,1.4,1.4,1.5,616,,,,,,,,,,,,,,,752.0,0.05,5m,0.6,1.4,1.7000000000000002,488.0,,,,,,,,,,,,,,,0.25,5,COMPLETE
28,28,1.2120253528100866,2025-06-15 23:19:41.898705,2025-06-15 23:19:51.346772,0 days 00:00:09.448067,416.0,0.025,3m,1.1,1.2000000000000002,1.6,720.0,800.0,0.025,5m,1.1,1.0,1.2000000000000002,632.0,648.0,0.025,3m,0.9,1.1,1.3,648.0,1024.0,0.05,5m,0.8,1.1,1.5,488.0,760,0.05,3m,1.3,0.9,1.8000000000000003,192,696.0,0.05,6m,1.2000000000000002,0.9,1.8000000000000003,752.0,48.0,0.025,6m,1.2000000000000002,0.5,1.5,672.0,424.0,0.025,7m,0.6,1.1,1.9000000000000001,128.0,664.0,0.05,9m,1.1,1.1,1.5,376.0,32.0,0.025,10m,1.5,1.5,1.1,1016.0,0.15000000000000002,10,COMPLETE
29,29,1.4595420300431188,2025-06-15 23:19:51.415501,2025-06-15 23:19:54.459245,0 days 00:00:03.043744,,,,,,,,928.0,0.025,5m,1.2000000000000002,1.0,1.2000000000000002,624.0,,,,,,,,1024.0,0.05,5m,0.8,1.1,1.2000000000000002,472.0,336,0.05,5m,1.3,0.9,1.2000000000000002,200,,,,,,,,,,,,,,,,,,,,,,,,,,,,,,,,,,,,0.05,3,COMPLETE
30,30,-0.6687362580739784,2025-06-15 23:19:54.550330,2025-06-15 23:19:57.745270,0 days 00:00:03.194940,,,,,,,,1024.0,0.025,5m,1.3,1.2000000000000002,1.2000000000000002,760.0,,,,,,,,888.0,0.025,2m,0.9,1.1,1.2000000000000002,384.0,304,0.05,5m,1.5,0.9,1.1,48,,,,,,,,,,,,,,,,,,,,,,,,,,,,,,,,,,,,0.1,3,COMPLETE
31,31,1.6962986267449698,2025-06-15 23:19:57.812725,2025-06-15 23:19:59.928137,0 days 00:00:02.115412,,,,,,,,,,,,,,,,,,,,,,1024.0,0.05,5m,0.8,1.2000000000000002,1.2000000000000002,464.0,160,0.05,5m,1.3,0.9,1.2000000000000002,208,,,,,,,,,,,,,,,,,,,,,,,,,,,,,,,,,,,,0.05,2,COMPLETE
32,32,1.1153509696719108,2025-06-15 23:20:00.034363,2025-06-15 23:20:02.214999,0 days 00:00:02.180636,,,,,,,,,,,,,,,,,,,,,,984.0,0.05,5m,0.8,1.3,1.2000000000000002,536.0,152,0.05,5m,1.3,0.8,1.2000000000000002,128,,,,,,,,,,,,,,,,,,,,,,,,,,,,,,,,,,,,0.05,2,COMPLETE
33,33,0.24644928574924493,2025-06-15 23:20:02.295714,2025-06-15 23:20:03.410483,0 days 00:00:01.114769,,,,,,,,,,,,,,,,,,,,,,,,,,,,,408,0.05,5m,1.4,1.0,1.2000000000000002,240,,,,,,,,,,,,,,,,,,,,,,,,,,,,,,,,,,,,0.1,1,COMPLETE
34,34,0.8442221722736821,2025-06-15 23:20:03.483426,2025-06-15 23:20:06.505705,0 days 00:00:03.022279,,,,,,,,936.0,0.025,2m,1.1,1.5,1.3,920.0,,,,,,,,976.0,0.05,5m,0.7,1.2000000000000002,1.3,416.0,104,0.05,5m,1.3,1.1,1.3,464,,,,,,,,,,,,,,,,,,,,,,,,,,,,,,,,,,,,0.05,3,COMPLETE
35,35,1.4208311169819856,2025-06-15 23:20:06.568920,2025-06-15 23:20:10.395869,0 days 00:00:03.826949,192.0,0.025,9m,0.8,0.6,1.2000000000000002,560.0,928.0,0.025,5m,1.3,1.4,1.1,560.0,,,,,,,,816.0,0.05,5m,0.9,1.2000000000000002,1.1,320.0,200,0.05,2m,1.2000000000000002,0.8,1.1,312,,,,,,,,,,,,,,,,,,,,,,,,,,,,,,,,,,,,0.05,4,COMPLETE
36,36,0.004213504954760427,2025-06-15 23:20:10.470563,2025-06-15 23:20:12.249226,0 days 00:00:01.778663,,,,,,,,,,,,,,,,,,,,,,56.0,0.05,5m,1.1,1.5,1.2000000000000002,448.0,336,0.05,5m,1.5,0.7,1.4000000000000001,568,,,,,,,,,,,,,,,,,,,,,,,,,,,,,,,,,,,,0.1,2,COMPLETE
37,37,-0.9186999144149574,2025-06-15 23:20:12.338889,2025-06-15 23:20:15.250665,0 days 00:00:02.911776,,,,,,,,16.0,0.025,6m,1.0,0.9,1.4000000000000001,832.0,,,,,,,,272.0,0.05,10m,0.6,1.4,1.3,672.0,232,0.05,6m,1.4,0.9,1.2000000000000002,224,,,,,,,,,,,,,,,,,,,,,,,,,,,,,,,,,,,,0.3,3,COMPLETE
38,38,-1.8455723056366728,2025-06-15 23:20:15.325693,2025-06-15 23:20:19.199967,0 days 00:00:03.874274,368.0,0.025,1m,0.7,0.8,1.5,600.0,584.0,0.025,4m,1.4,1.3,1.2000000000000002,680.0,,,,,,,,872.0,0.05,3m,1.5,1.1,1.2000000000000002,568.0,376,0.05,5m,1.2000000000000002,1.0,1.1,104,,,,,,,,,,,,,,,,,,,,,,,,,,,,,,,,,,,,0.4,4,COMPLETE
39,39,0.12467176277859655,2025-06-15 23:20:19.282465,2025-06-15 23:20:20.317921,0 days 00:00:01.035456,,,,,,,,,,,,,,,,,,,,,,,,,,,,,40,0.05,10m,1.3,0.7,1.3,496,,,,,,,,,,,,,,,,,,,,,,,,,,,,,,,,,,,,0.3,1,COMPLETE
40,40,1.4731112348816668,2025-06-15 23:20:20.384362,2025-06-15 23:20:23.238678,0 days 00:00:02.854316,,,,,,,,488.0,0.025,10m,0.7,1.1,1.5,296.0,,,,,,,,768.0,0.05,5m,1.2000000000000002,1.0,1.4000000000000001,296.0,288,0.05,7m,1.5,1.2000000000000002,1.3,16,,,,,,,,,,,,,,,,,,,,,,,,,,,,,,,,,,,,0.05,3,COMPLETE
41,41,-1.0133265335666233,2025-06-15 23:20:23.324883,2025-06-15 23:20:25.985007,0 days 00:00:02.660124,,,,,,,,448.0,0.025,10m,0.7,1.1,1.5,128.0,,,,,,,,888.0,0.05,5m,1.2000000000000002,1.0,1.4000000000000001,200.0,272,0.05,7m,1.5,1.2000000000000002,1.3,16,,,,,,,,,,,,,,,,,,,,,,,,,,,,,,,,,,,,0.05,3,COMPLETE
42,42,-1.314076231211889,2025-06-15 23:20:26.056885,2025-06-15 23:20:27.906560,0 days 00:00:01.849675,,,,,,,,,,,,,,,,,,,,,,784.0,0.05,5m,1.4,1.2000000000000002,1.1,296.0,120,0.05,7m,1.5,1.5,1.2000000000000002,104,,,,,,,,,,,,,,,,,,,,,,,,,,,,,,,,,,,,0.1,2,COMPLETE
43,43,-2.07113519879414,2025-06-15 23:20:27.965226,2025-06-15 23:20:31.515801,0 days 00:00:03.550575,512.0,0.025,6m,0.5,1.4,1.7000000000000002,744.0,536.0,0.025,10m,0.9,1.0,1.3,256.0,,,,,,,,992.0,0.05,5m,1.3,0.9,1.4000000000000001,352.0,528,0.05,7m,1.4,1.3,1.4000000000000001,144,,,,,,,,,,,,,,,,,,,,,,,,,,,,,,,,,,,,0.15000000000000002,4,COMPLETE
44,44,1.5497628722995636,2025-06-15 23:20:31.581342,2025-06-15 23:20:33.592947,0 days 00:00:02.011605,,,,,,,,,,,,,,,,,,,,,,928.0,0.05,2m,1.3,1.1,1.3,112.0,600,0.05,2m,1.3,1.4,1.3,320,,,,,,,,,,,,,,,,,,,,,,,,,,,,,,,,,,,,0.05,2,COMPLETE
45,45,0.8290886142140885,2025-06-15 23:20:33.683103,2025-06-15 23:20:34.890998,0 days 00:00:01.207895,,,,,,,,,,,,,,,,,,,,,,,,,,,,,600,0.05,2m,1.4,1.4,1.4000000000000001,320,,,,,,,,,,,,,,,,,,,,,,,,,,,,,,,,,,,,0.1,1,COMPLETE
46,46,-0.3069982629804818,2025-06-15 23:20:34.956128,2025-06-15 23:20:37.000656,0 days 00:00:02.044528,,,,,,,,,,,,,,,,,,,,,,928.0,0.05,2m,1.3,0.6,1.3,96.0,560,0.05,2m,1.5,1.5,1.3,408,,,,,,,,,,,,,,,,,,,,,,,,,,,,,,,,,,,,0.15000000000000002,2,COMPLETE
47,47,0.03332336987638024,2025-06-15 23:20:37.654021,2025-06-15 23:20:39.584544,0 days 00:00:01.930523,,,,,,,,,,,,,,,,,,,,,,744.0,0.05,2m,1.4,1.2000000000000002,1.5,136.0,616,0.05,2m,1.3,1.2000000000000002,1.6,440,,,,,,,,,,,,,,,,,,,,,,,,,,,,,,,,,,,,0.4,2,COMPLETE
48,48,-3.4791726764400845,2025-06-15 23:20:39.654016,2025-06-15 23:20:44.063575,0 days 00:00:04.409559,24.0,0.025,2m,0.9,1.0,1.4000000000000001,960.0,360.0,0.025,10m,0.6,1.2000000000000002,1.6,320.0,,,,,,,,928.0,0.05,2m,1.2000000000000002,1.3,1.3,208.0,504,0.05,10m,1.4,1.3,1.5,544,,,,,,,,,,,,,,,920.0,0.025,6m,1.5,0.8,1.3,864.0,,,,,,,,,,,,,,,0.45,5,COMPLETE
49,49,0.6330547141358362,2025-06-15 23:20:44.137633,2025-06-15 23:20:45.244532,0 days 00:00:01.106899,,,,,,,,,,,,,,,,,,,,,,,,,,,,,448,0.05,8m,1.2000000000000002,1.4,1.6,344,,,,,,,,,,,,,,,,,,,,,,,,,,,,,,,,,,,,0.05,1,COMPLETE
50,50,-1.3193362927839525,2025-06-15 23:20:45.306552,2025-06-15 23:20:49.230590,0 days 00:00:03.924038,200.0,0.025,1m,0.9,0.6,1.1,464.0,200.0,0.025,7m,0.7,1.3,1.1,384.0,,,,,,,,848.0,0.05,10m,1.3,1.0,1.5,248.0,824,0.05,7m,1.5,1.5,1.4000000000000001,272,,,,,,,,,,,,,,,,,,,,,,,,,,,,,,,,,,,,0.35000000000000003,4,COMPLETE
51,51,1.8675204232185372,2025-06-15 23:20:49.318154,2025-06-15 23:20:52.260189,0 days 00:00:02.942035,,,,,,,,816.0,0.025,6m,1.0,1.0,1.2000000000000002,656.0,,,,,,,,1016.0,0.05,5m,1.3,1.1,1.2000000000000002,504.0,184,0.05,2m,1.3,1.1,1.2000000000000002,200,,,,,,,,,,,,,,,,,,,,,,,,,,,,,,,,,,,,0.05,3,COMPLETE
52,52,-3.899433544744206,2025-06-15 23:20:52.318444,2025-06-15 23:20:55.136142,0 days 00:00:02.817698,,,,,,,,824.0,0.025,6m,0.8,1.1,1.1,688.0,,,,,,,,968.0,0.05,8m,1.3,1.1,1.2000000000000002,48.0,208,0.05,2m,1.3,1.1,1.3,72,,,,,,,,,,,,,,,,,,,,,,,,,,,,,,,,,,,,0.05,3,COMPLETE
53,53,-1.0178785207165395,2025-06-15 23:20:55.214645,2025-06-15 23:20:57.147994,0 days 00:00:01.933349,,,,,,,,,,,,,,,,,,,,,,920.0,0.05,1m,1.4,1.2000000000000002,1.4000000000000001,528.0,64,0.05,2m,1.4,1.1,1.1,288,,,,,,,,,,,,,,,,,,,,,,,,,,,,,,,,,,,,0.1,2,COMPLETE
54,54,1.234042996427125,2025-06-15 23:20:57.211092,2025-06-15 23:21:03.024070,0 days 00:00:05.812978,104.0,0.025,2m,0.7,0.7,1.1,336.0,496.0,0.025,6m,1.0,1.4,1.4000000000000001,432.0,,,,,,,,208.0,0.05,3m,1.2000000000000002,0.9,1.1,632.0,664,0.05,4m,1.3,1.2000000000000002,1.3,216,,,,,,,,,,,,,,,168.0,0.025,1m,1.3,0.6,1.5,1000.0,344.0,0.025,4m,0.6,0.6,1.7000000000000002,1008.0,,,,,,,,0.05,6,COMPLETE
55,55,-0.8303735229728496,2025-06-15 23:21:03.097365,2025-06-15 23:21:06.762559,0 days 00:00:03.665194,920.0,0.025,5m,1.1,1.4,1.2000000000000002,816.0,688.0,0.025,6m,0.7,1.2000000000000002,1.5,40.0,,,,,,,,976.0,0.05,9m,1.5,1.0,1.2000000000000002,728.0,176,0.05,2m,1.2000000000000002,1.0,1.2000000000000002,384,,,,,,,,,,,,,,,,,,,,,,,,,,,,,,,,,,,,0.1,4,COMPLETE
56,56,-3.089526859840803,2025-06-15 23:21:06.836667,2025-06-15 23:21:08.898824,0 days 00:00:02.062157,,,,,,,,,,,,,,,,,,,,,,576.0,0.05,4m,1.4,0.7,1.3,384.0,264,0.05,2m,1.5,1.4,1.1,16,,,,,,,,,,,,,,,,,,,,,,,,,,,,,,,,,,,,0.35000000000000003,2,COMPLETE
57,57,1.4493791237353568,2025-06-15 23:21:08.968020,2025-06-15 23:21:11.514625,0 days 00:00:02.546605,,,,,,,,712.0,0.025,3m,0.9,1.1,1.3,936.0,,,,,,,,752.0,0.05,6m,1.1,0.5,1.4000000000000001,568.0,128,0.05,9m,1.4,1.3,1.4000000000000001,256,,,,,,,,,,,,,,,,,,,,,,,,,,,,,,,,,,,,0.4,3,COMPLETE
58,58,-4.412958366352821,2025-06-15 23:21:11.570191,2025-06-15 23:21:18.190868,0 days 00:00:06.620677,560.0,0.05,10m,1.4,0.8,1.6,416.0,624.0,0.025,8m,0.6,0.9,1.2000000000000002,504.0,728.0,0.05,8m,1.5,1.0,1.7000000000000002,352.0,896.0,0.05,7m,1.3,1.4,1.3,120.0,88,0.05,1m,1.0,1.5,1.3,464,,,,,,,,,,,,,,,664.0,0.025,10m,1.0,1.4,1.2000000000000002,640.0,224.0,0.025,6m,0.6,0.8,1.2000000000000002,608.0,,,,,,,,0.05,7,COMPLETE
59,59,0.49849549283409933,2025-06-15 23:21:18.261544,2025-06-15 23:21:22.814203,0 days 00:00:04.552659,704.0,0.05,6m,0.5,0.5,1.5,112.0,432.0,0.025,4m,0.8,1.3,1.1,648.0,,,,,,,,424.0,0.05,4m,1.2000000000000002,1.0,1.1,328.0,728,0.025,2m,1.1,1.2000000000000002,1.2000000000000002,960,,,,,,,,,,,,,,,944.0,0.025,9m,1.1,1.0,1.5,840.0,,,,,,,,,,,,,,,0.15000000000000002,5,COMPLETE
60,60,1.4718989757749332,2025-06-15 23:21:22.889119,2025-06-15 23:21:26.741920,0 days 00:00:03.852801,864.0,0.025,9m,1.0,1.2000000000000002,1.4000000000000001,960.0,536.0,0.025,2m,0.7,1.0,1.6,136.0,,,,,,,,816.0,0.05,2m,1.0,1.2000000000000002,1.2000000000000002,648.0,536,0.05,8m,0.7,1.3,1.5,408,,,,,,,,,,,,,,,,,,,,,,,,,,,,,,,,,,,,0.05,4,COMPLETE
61,61,-0.6609119753327889,2025-06-15 23:21:26.794908,2025-06-15 23:21:30.465576,0 days 00:00:03.670668,856.0,0.025,9m,1.0,1.2000000000000002,1.4000000000000001,880.0,544.0,0.025,2m,0.7,1.0,1.6,120.0,,,,,,,,816.0,0.05,2m,1.4,1.2000000000000002,1.2000000000000002,664.0,536,0.05,8m,0.7,1.3,1.3,416,,,,,,,,,,,,,,,,,,,,,,,,,,,,,,,,,,,,0.05,4,COMPLETE
62,62,-2.5949146962893233,2025-06-15 23:21:30.540093,2025-06-15 23:21:33.244431,0 days 00:00:02.704338,,,,,,,,288.0,0.025,2m,0.6,0.9,1.8000000000000003,184.0,,,,,,,,952.0,0.05,2m,1.0,1.1,1.2000000000000002,752.0,592,0.05,8m,0.6,1.4,1.5,352,,,,,,,,,,,,,,,,,,,,,,,,,,,,,,,,,,,,0.1,3,COMPLETE
63,63,-1.7450080992860184,2025-06-15 23:21:33.308789,2025-06-15 23:21:37.664237,0 days 00:00:04.355448,1000.0,0.025,9m,0.9,1.5,1.2000000000000002,952.0,392.0,0.025,2m,0.9,1.0,1.5,104.0,,,,,,,,712.0,0.05,2m,1.0,0.6,1.3,496.0,656,0.05,8m,0.8,1.3,1.5,176,,,,,,,,,,,,,,,,,,,,,,,,,,,,,,,,,,,,0.05,4,COMPLETE
64,64,3.7230665530658285,2025-06-15 23:21:37.738330,2025-06-15 23:21:54.925762,0 days 00:00:17.187432,936.0,0.025,9m,1.2000000000000002,1.2000000000000002,1.3,960.0,592.0,0.025,10m,0.7,1.1,1.7000000000000002,168.0,200.0,0.05,6m,1.0,1.5,1.9000000000000001,56.0,848.0,0.05,4m,1.2000000000000002,0.8,1.1,624.0,464,0.05,6m,0.5,1.2000000000000002,1.4000000000000001,528,40.0,0.05,1m,1.2000000000000002,0.5,1.4000000000000001,72.0,,,,,,,,744.0,0.025,8m,0.8,1.4,1.7000000000000002,688.0,1024.0,0.025,3m,0.9,1.4,1.4000000000000001,848.0,,,,,,,,0.1,8,COMPLETE
65,65,3.499669861999552,2025-06-15 23:21:55.088169,2025-06-15 23:22:09.922547,0 days 00:00:14.834378,704.0,0.025,8m,1.2000000000000002,1.3,1.2000000000000002,792.0,592.0,0.025,10m,0.5,1.1,1.8000000000000003,288.0,248.0,0.05,6m,0.9,1.5,2.0,24.0,1000.0,0.05,4m,1.2000000000000002,0.8,1.1,584.0,472,0.05,6m,0.5,1.1,1.4000000000000001,480,176.0,0.05,1m,1.2000000000000002,0.5,1.4000000000000001,32.0,,,,,,,,784.0,0.025,8m,0.8,1.4,1.7000000000000002,560.0,968.0,0.025,3m,0.9,1.4,1.4000000000000001,848.0,,,,,,,,0.1,8,COMPLETE
66,66,4.136949323916285,2025-06-15 23:22:10.024255,2025-06-15 23:22:18.261911,0 days 00:00:08.237656,928.0,0.025,8m,1.2000000000000002,1.3,1.2000000000000002,792.0,808.0,0.025,10m,0.5,1.5,1.8000000000000003,192.0,208.0,0.05,6m,0.9,1.5,2.0,16.0,1008.0,0.05,4m,1.3,0.8,1.1,592.0,464,0.025,6m,0.5,1.1,1.4000000000000001,504,64.0,0.05,1m,1.2000000000000002,0.5,1.4000000000000001,56.0,736.0,0.05,10m,0.9,0.5,1.9000000000000001,24.0,832.0,0.025,8m,0.8,1.4,1.7000000000000002,576.0,984.0,0.025,3m,0.9,1.4,1.4000000000000001,848.0,,,,,,,,0.25,9,COMPLETE
67,67,1.2301041037894302,2025-06-15 23:22:18.335236,2025-06-15 23:22:25.835362,0 days 00:00:07.500126,952.0,0.025,8m,1.2000000000000002,1.3,1.2000000000000002,792.0,800.0,0.025,10m,0.5,1.5,1.8000000000000003,192.0,208.0,0.05,6m,0.9,1.5,2.0,32.0,1000.0,0.025,4m,1.3,0.8,1.1,560.0,464,0.025,6m,0.5,1.1,1.4000000000000001,656,72.0,0.05,1m,1.2000000000000002,0.6,1.4000000000000001,16.0,,,,,,,,816.0,0.025,8m,0.8,1.4,1.7000000000000002,560.0,976.0,0.025,3m,0.9,1.4,1.4000000000000001,824.0,,,,,,,,0.25,8,COMPLETE
68,68,-0.8225044819111865,2025-06-15 23:22:25.928287,2025-06-15 23:22:34.614746,0 days 00:00:08.686459,728.0,0.025,8m,1.2000000000000002,1.4,1.3,680.0,736.0,0.025,10m,0.5,1.5,1.9000000000000001,72.0,216.0,0.05,6m,1.0,1.4,1.9000000000000001,160.0,1024.0,0.05,4m,1.2000000000000002,0.7,1.1,600.0,424,0.025,6m,0.6,1.0,1.6,504,208.0,0.05,1m,1.2000000000000002,0.5,1.4000000000000001,16.0,736.0,0.05,10m,0.9,0.5,2.0,16.0,736.0,0.025,8m,0.9,1.4,1.7000000000000002,672.0,1016.0,0.025,3m,0.9,1.4,1.4000000000000001,896.0,,,,,,,,0.2,9,COMPLETE
69,69,-1.3631921710705834,2025-06-15 23:22:34.685259,2025-06-15 23:22:42.192425,0 days 00:00:07.507166,1024.0,0.025,8m,1.4,1.3,1.1,1016.0,616.0,0.025,10m,0.5,1.4,1.8000000000000003,168.0,240.0,0.05,6m,1.0,1.4,1.9000000000000001,16.0,952.0,0.05,4m,0.7,0.8,1.1,696.0,368,0.025,6m,0.5,1.1,1.4000000000000001,608,184.0,0.05,1m,1.1,0.7,1.3,232.0,,,,,,,,856.0,0.025,8m,0.8,1.3,1.6,704.0,904.0,0.025,3m,1.0,1.3,1.5,776.0,,,,,,,,0.5,8,COMPLETE
70,70,-0.3877663013466492,2025-06-15 23:22:42.294835,2025-06-15 23:22:50.780315,0 days 00:00:08.485480,632.0,0.025,8m,1.1,1.3,1.2000000000000002,840.0,824.0,0.025,10m,0.6,1.2000000000000002,1.7000000000000002,256.0,112.0,0.05,6m,0.8,1.5,1.9000000000000001,200.0,1008.0,0.05,4m,1.1,0.9,1.1,456.0,488,0.025,6m,0.6,1.0,1.4000000000000001,568,320.0,0.05,1m,1.5,0.5,1.5,360.0,712.0,0.05,5m,1.1,0.8,1.8000000000000003,264.0,776.0,0.025,8m,0.7,1.5,1.8000000000000003,592.0,1024.0,0.025,3m,0.7,1.5,1.3,912.0,,,,,,,,0.3,9,COMPLETE
71,71,1.1960043628691122,2025-06-15 23:22:50.850585,2025-06-15 23:22:57.398900,0 days 00:00:06.548315,824.0,0.025,8m,1.3,1.2000000000000002,1.3,768.0,624.0,0.025,4m,0.5,1.3,1.9000000000000001,16.0,424.0,0.05,6m,1.1,1.3,2.0,112.0,952.0,0.05,4m,1.3,0.7,1.1,600.0,704,0.025,6m,0.5,1.1,1.4000000000000001,520,,,,,,,,,,,,,,,840.0,0.025,8m,0.9,1.4,1.7000000000000002,480.0,904.0,0.025,3m,0.9,1.4,1.2000000000000002,680.0,,,,,,,,0.1,7,COMPLETE
72,72,-2.6346485628593195,2025-06-15 23:22:57.591544,2025-06-15 23:23:05.621502,0 days 00:00:08.029958,920.0,0.025,8m,1.1,1.4,1.1,920.0,896.0,0.025,7m,0.5,1.1,1.7000000000000002,576.0,64.0,0.05,6m,0.8,1.4,1.8000000000000003,256.0,904.0,0.05,4m,1.4,0.8,1.2000000000000002,512.0,640,0.025,6m,0.5,1.1,1.5,552,112.0,0.05,3m,1.3,0.7,1.3,112.0,1000.0,0.05,3m,0.7,0.8,1.8000000000000003,232.0,712.0,0.025,8m,0.8,1.5,1.7000000000000002,808.0,832.0,0.025,3m,1.0,1.3,1.4000000000000001,920.0,,,,,,,,0.2,9,COMPLETE
73,73,-13.827235239005496,2025-06-15 23:23:05.701531,2025-06-15 23:23:12.764196,0 days 00:00:07.062665,592.0,0.025,4m,1.2000000000000002,1.5,1.3,880.0,720.0,0.025,1m,0.6,1.5,1.8000000000000003,232.0,168.0,0.05,6m,1.0,1.3,1.8000000000000003,24.0,992.0,0.05,4m,1.3,0.9,1.1,824.0,984,0.05,6m,0.6,0.9,1.3,480,40.0,0.05,2m,1.1,0.6,1.5,152.0,,,,,,,,896.0,0.025,7m,1.0,1.3,1.6,400.0,712.0,0.025,2m,0.7,1.5,1.5,808.0,,,,,,,,0.45,8,COMPLETE
74,74,2.10023358970812,2025-06-15 23:23:12.834415,2025-06-15 23:23:19.933954,0 days 00:00:07.099539,952.0,0.025,5m,1.4,1.3,1.2000000000000002,624.0,976.0,0.025,4m,1.1,1.4,2.0,752.0,304.0,0.05,4m,0.8,1.5,2.0,112.0,848.0,0.05,4m,1.4,0.7,1.8000000000000003,624.0,576,0.05,6m,0.5,1.2000000000000002,1.2000000000000002,440,296.0,0.05,1m,1.3,0.6,1.3,408.0,,,,,,,,960.0,0.025,2m,0.6,1.4,1.9000000000000001,608.0,928.0,0.025,7m,1.0,1.4,1.3,864.0,,,,,,,,0.15000000000000002,8,COMPLETE
75,75,1.363198144780461,2025-06-15 23:23:20.019604,2025-06-15 23:23:27.611123,0 days 00:00:07.591519,944.0,0.025,9m,1.4,1.3,1.2000000000000002,616.0,984.0,0.025,4m,1.1,1.4,2.0,768.0,264.0,0.05,4m,0.8,1.5,2.0,120.0,840.0,0.05,4m,1.5,0.7,1.9000000000000001,584.0,560,0.025,6m,0.5,1.2000000000000002,1.2000000000000002,672,296.0,0.05,1m,1.3,0.5,1.3,416.0,,,,,,,,976.0,0.025,2m,0.6,1.4,1.9000000000000001,608.0,960.0,0.025,7m,1.0,1.4,1.3,864.0,,,,,,,,0.15000000000000002,8,COMPLETE
76,76,3.357717770934179,2025-06-15 23:23:27.697448,2025-06-15 23:23:34.153456,0 days 00:00:06.456008,824.0,0.025,5m,1.5,1.1,1.2000000000000002,816.0,880.0,0.025,4m,1.1,1.5,2.0,704.0,296.0,0.05,4m,0.9,1.4,1.9000000000000001,80.0,1024.0,0.05,4m,1.5,0.6,1.8000000000000003,536.0,512,0.05,6m,0.6,1.2000000000000002,1.2000000000000002,456,,,,,,,,,,,,,,,792.0,0.025,2m,0.7,1.4,1.8000000000000003,536.0,936.0,0.025,7m,0.8,1.3,1.2000000000000002,736.0,,,,,,,,0.1,7,COMPLETE
77,77,0.2914976601730816,2025-06-15 23:23:34.236860,2025-06-15 23:23:40.665519,0 days 00:00:06.428659,824.0,0.025,5m,1.5,1.1,1.2000000000000002,752.0,888.0,0.025,4m,1.1,1.5,2.0,712.0,304.0,0.05,4m,0.9,1.4,1.9000000000000001,80.0,632.0,0.05,4m,1.5,0.6,1.8000000000000003,624.0,408,0.05,6m,0.6,1.2000000000000002,1.2000000000000002,440,,,,,,,,,,,,,,,800.0,0.025,2m,0.7,1.4,1.8000000000000003,536.0,968.0,0.025,7m,0.8,1.3,1.2000000000000002,752.0,,,,,,,,0.15000000000000002,7,COMPLETE
78,78,-1.7449767107986567,2025-06-15 23:23:40.755356,2025-06-15 23:23:49.223915,0 days 00:00:08.468559,912.0,0.025,5m,1.5,1.2000000000000002,1.3,816.0,968.0,0.025,4m,1.2000000000000002,1.5,1.9000000000000001,808.0,208.0,0.05,4m,0.9,1.5,2.0,184.0,880.0,0.05,4m,1.4,0.8,1.9000000000000001,704.0,512,0.05,6m,0.5,1.2000000000000002,1.4000000000000001,576,144.0,0.05,1m,1.1,0.6,1.2000000000000002,232.0,632.0,0.05,10m,0.8,0.6,1.5,184.0,880.0,0.025,2m,0.6,1.5,1.8000000000000003,592.0,880.0,0.025,7m,0.9,1.4,1.3,696.0,,,,,,,,0.1,9,COMPLETE
79,79,1.7448758348099227,2025-06-15 23:23:49.322222,2025-06-15 23:23:56.857480,0 days 00:00:07.535258,824.0,0.025,5m,1.4,1.0,1.1,728.0,832.0,0.025,4m,1.0,1.4,2.0,736.0,376.0,0.05,4m,0.8,1.4,1.9000000000000001,72.0,712.0,0.05,4m,1.5,0.5,1.8000000000000003,536.0,456,0.025,6m,0.5,1.2000000000000002,1.1,528,408.0,0.05,1m,1.3,0.6,1.4000000000000001,88.0,,,,,,,,952.0,0.025,4m,0.7,1.3,1.9000000000000001,528.0,928.0,0.025,7m,0.8,1.2000000000000002,1.4000000000000001,960.0,,,,,,,,0.25,8,COMPLETE
80,80,-1.9862045519147584,2025-06-15 23:23:56.936805,2025-06-15 23:24:03.891457,0 days 00:00:06.954652,744.0,0.025,5m,1.3,1.2000000000000002,1.2000000000000002,976.0,784.0,0.025,4m,1.1,1.5,1.9000000000000001,856.0,152.0,0.05,3m,1.0,1.5,2.0,32.0,856.0,0.025,4m,1.4,0.7,1.7000000000000002,648.0,680,0.05,6m,0.5,1.1,1.5,464,,,,,,,,,,,,,,,672.0,0.025,2m,0.8,1.5,1.7000000000000002,704.0,960.0,0.025,10m,0.9,1.3,1.2000000000000002,840.0,,,,,,,,0.1,7,COMPLETE
81,81,3.730318757597471,2025-06-15 23:24:03.991086,2025-06-15 23:24:11.812508,0 days 00:00:07.821422,968.0,0.025,5m,1.4,1.1,1.1,712.0,848.0,0.025,4m,1.0,1.4,2.0,720.0,352.0,0.05,4m,0.8,1.4,1.9000000000000001,80.0,552.0,0.05,4m,1.5,0.5,1.8000000000000003,544.0,440,0.025,6m,0.5,1.2000000000000002,1.1,504,432.0,0.05,1m,1.3,0.6,1.4000000000000001,72.0,,,,,,,,968.0,0.025,4m,0.7,1.3,1.9000000000000001,544.0,936.0,0.025,7m,0.8,1.2000000000000002,1.4000000000000001,960.0,,,,,,,,0.25,8,COMPLETE
82,82,2.452705718804072,2025-06-15 23:24:11.915920,2025-06-15 23:24:19.416620,0 days 00:00:07.500700,968.0,0.025,5m,1.4,1.1,1.2000000000000002,680.0,888.0,0.025,4m,1.0,1.4,2.0,776.0,272.0,0.05,4m,0.8,1.4,1.9000000000000001,136.0,536.0,0.05,4m,1.5,0.5,1.8000000000000003,512.0,480,0.025,6m,0.6,1.1,1.1,496,288.0,0.05,1m,1.4,0.5,1.5,80.0,,,,,,,,968.0,0.025,4m,0.6,1.4,1.9000000000000001,640.0,1016.0,0.025,7m,0.8,1.1,1.3,944.0,,,,,,,,0.2,8,COMPLETE
83,83,2.833152969942432,2025-06-15 23:24:19.495924,2025-06-15 23:24:27.250150,0 days 00:00:07.754226,960.0,0.025,5m,1.4,1.1,1.2000000000000002,672.0,896.0,0.025,4m,1.1,1.4,2.0,704.0,272.0,0.05,4m,0.8,1.4,1.9000000000000001,144.0,552.0,0.05,4m,1.5,0.5,1.8000000000000003,552.0,440,0.025,6m,0.7,1.2000000000000002,1.1,496,304.0,0.05,1m,1.4,0.5,1.5,32.0,,,,,,,,976.0,0.025,4m,0.6,1.4,1.9000000000000001,608.0,1016.0,0.025,7m,0.8,1.1,1.3,944.0,,,,,,,,0.2,8,COMPLETE
84,84,1.761110502250064,2025-06-15 23:24:27.358768,2025-06-15 23:24:49.299825,0 days 00:00:21.941057,880.0,0.025,5m,1.5,1.1,1.1,696.0,864.0,0.025,4m,1.2000000000000002,1.4,2.0,792.0,240.0,0.05,4m,0.7,1.3,1.8000000000000003,200.0,544.0,0.05,4m,1.5,0.5,1.9000000000000001,432.0,440,0.025,6m,0.7,1.1,1.1,488,400.0,0.05,1m,1.5,0.5,1.5,16.0,864.0,0.025,1m,1.2000000000000002,1.0,1.7000000000000002,744.0,1016.0,0.025,4m,0.7,1.3,1.8000000000000003,648.0,1024.0,0.025,8m,0.7,1.1,1.4000000000000001,1016.0,,,,,,,,0.2,9,COMPLETE
85,85,1.6924930492662809,2025-06-15 23:24:49.444438,2025-06-15 23:24:59.570441,0 days 00:00:10.126003,984.0,0.025,5m,1.3,1.1,1.2000000000000002,792.0,912.0,0.025,4m,1.0,1.5,1.9000000000000001,712.0,184.0,0.05,4m,0.9,1.4,1.9000000000000001,72.0,456.0,0.05,4m,1.5,0.6,1.8000000000000003,552.0,480,0.025,6m,0.6,1.0,1.1,544,,,,,,,,,,,,,,,888.0,0.025,4m,0.6,1.4,1.9000000000000001,568.0,976.0,0.025,7m,0.8,1.0,1.3,952.0,,,,,,,,0.25,7,COMPLETE
86,86,0.3832361302595891,2025-06-15 23:24:59.645812,2025-06-15 23:25:05.121713,0 days 00:00:05.475901,1024.0,0.025,5m,1.5,1.0,1.2000000000000002,696.0,864.0,0.025,4m,1.0,1.3,2.0,856.0,,,,,,,,512.0,0.05,4m,1.5,0.5,1.7000000000000002,472.0,368,0.025,6m,0.6,1.2000000000000002,1.1,520,,,,,,,,,,,,,,,792.0,0.025,4m,0.8,1.2000000000000002,1.8000000000000003,496.0,976.0,0.025,7m,0.8,1.1,1.4000000000000001,920.0,,,,,,,,0.2,6,COMPLETE
87,87,-1.996134274684799,2025-06-15 23:25:05.196613,2025-06-15 23:25:12.705380,0 days 00:00:07.508767,968.0,0.025,5m,1.2000000000000002,1.1,1.3,648.0,952.0,0.025,4m,0.9,1.4,1.9000000000000001,776.0,256.0,0.05,7m,0.8,1.2000000000000002,1.9000000000000001,128.0,360.0,0.05,8m,1.5,0.5,1.6,576.0,400,0.025,6m,0.8,1.3,1.1,376,128.0,0.05,1m,1.4,0.5,1.5,96.0,,,,,,,,984.0,0.025,4m,0.7,1.5,1.9000000000000001,680.0,856.0,0.025,7m,0.7,1.2000000000000002,1.5,792.0,,,,,,,,0.3,8,COMPLETE
88,88,-1.820553326942754,2025-06-15 23:25:12.786451,2025-06-15 23:25:21.866935,0 days 00:00:09.080484,904.0,0.025,3m,1.4,1.2000000000000002,1.1,840.0,1016.0,0.025,10m,1.1,1.5,2.0,816.0,152.0,0.05,4m,0.7,1.4,1.7000000000000002,16.0,600.0,0.05,4m,1.5,0.6,1.8000000000000003,416.0,504,0.025,4m,0.6,1.2000000000000002,1.1,592,520.0,0.05,1m,1.4,0.5,1.6,200.0,328.0,0.05,8m,1.3,0.7,1.9000000000000001,400.0,928.0,0.025,4m,0.9,1.3,1.7000000000000002,624.0,1016.0,0.025,1m,0.9,1.0,1.3,976.0,624.0,0.05,5m,0.8,0.5,2.0,16.0,0.25,10,COMPLETE
89,89,-2.345441745027493,2025-06-15 23:25:21.927401,2025-06-15 23:25:28.890151,0 days 00:00:06.962750,848.0,0.025,2m,1.4,0.9,1.3,552.0,848.0,0.025,9m,0.5,1.4,1.9000000000000001,608.0,336.0,0.05,10m,0.9,1.2000000000000002,1.8000000000000003,168.0,544.0,0.05,4m,1.5,0.5,2.0,536.0,424,0.025,3m,0.7,1.0,1.1,472,256.0,0.05,1m,1.2000000000000002,0.6,1.4000000000000001,72.0,,,,,,,,832.0,0.025,3m,0.7,1.4,2.0,552.0,920.0,0.025,5m,0.8,1.2000000000000002,1.3,880.0,,,,,,,,0.2,8,COMPLETE
90,90,-1.1354844772684571,2025-06-15 23:25:28.965542,2025-06-15 23:25:37.028086,0 days 00:00:08.062544,760.0,0.025,7m,1.3,1.1,1.2000000000000002,784.0,768.0,0.025,4m,1.3,1.3,2.0,544.0,272.0,0.05,9m,0.6,1.3,1.9000000000000001,248.0,664.0,0.05,9m,1.4,0.6,1.7000000000000002,488.0,320,0.025,10m,0.6,1.1,2.0,504,168.0,0.05,1m,1.3,0.5,1.5,176.0,600.0,0.05,10m,1.0,1.2000000000000002,1.6,160.0,880.0,0.025,4m,0.6,1.3,1.8000000000000003,416.0,808.0,0.025,3m,0.9,1.1,1.2000000000000002,584.0,,,,,,,,0.25,9,COMPLETE
91,91,1.6622719620876187,2025-06-15 23:25:37.102530,2025-06-15 23:25:44.715512,0 days 00:00:07.612982,952.0,0.025,5m,1.4,1.0,1.2000000000000002,664.0,904.0,0.025,4m,1.1,1.4,2.0,696.0,304.0,0.05,4m,0.8,1.5,2.0,88.0,432.0,0.05,4m,1.4,0.5,1.8000000000000003,616.0,544,0.025,6m,0.5,1.2000000000000002,1.2000000000000002,440,328.0,0.05,1m,1.3,0.6,1.3,72.0,,,,,,,,1024.0,0.025,2m,0.6,1.4,1.9000000000000001,608.0,936.0,0.025,7m,1.0,1.4,1.3,848.0,,,,,,,,0.15000000000000002,8,COMPLETE
92,92,0.5327794778871857,2025-06-15 23:25:44.786418,2025-06-15 23:25:52.302141,0 days 00:00:07.515723,944.0,0.025,5m,1.5,1.1,1.2000000000000002,592.0,584.0,0.025,4m,1.1,1.4,2.0,744.0,424.0,0.05,4m,0.8,1.5,2.0,1000.0,600.0,0.05,4m,1.4,0.6,1.8000000000000003,592.0,584,0.025,6m,0.5,1.3,1.2000000000000002,424,280.0,0.05,1m,1.4,0.6,1.4000000000000001,16.0,,,,,,,,968.0,0.025,8m,0.5,1.4,1.9000000000000001,712.0,952.0,0.025,7m,0.8,1.2000000000000002,1.1,952.0,,,,,,,,0.2,8,COMPLETE
93,93,2.6927447446723516,2025-06-15 23:25:52.391520,2025-06-15 23:25:59.104383,0 days 00:00:06.712863,976.0,0.025,5m,1.3,1.3,1.3,624.0,976.0,0.025,3m,1.0,1.5,2.0,760.0,376.0,0.05,4m,0.7,1.4,2.0,136.0,480.0,0.05,1m,1.5,0.8,1.9000000000000001,672.0,472,0.025,6m,0.5,1.1,1.2000000000000002,448,,,,,,,,,,,,,,,960.0,0.025,6m,0.6,1.5,2.0,512.0,984.0,0.025,4m,0.9,1.3,1.3,872.0,,,,,,,,0.3,7,COMPLETE
94,94,-2.219821797092716,2025-06-15 23:25:59.185437,2025-06-15 23:26:06.020468,0 days 00:00:06.835031,984.0,0.025,5m,1.2000000000000002,1.2000000000000002,1.3,728.0,880.0,0.025,8m,1.0,1.5,1.7000000000000002,672.0,360.0,0.05,8m,0.7,1.4,1.9000000000000001,72.0,512.0,0.05,1m,1.5,0.8,1.9000000000000001,656.0,472,0.025,9m,0.5,1.1,1.1,392,,,,,,,,,,,,,,,920.0,0.025,6m,0.8,1.5,2.0,504.0,1024.0,0.025,4m,0.9,1.3,1.4000000000000001,448.0,,,,,,,,0.3,7,COMPLETE
95,95,-31.77158996484064,2025-06-15 23:26:06.120203,2025-06-15 23:26:12.017640,0 days 00:00:05.897437,672.0,0.025,7m,1.3,1.3,1.1,896.0,928.0,0.025,3m,0.6,1.5,1.8000000000000003,280.0,,,,,,,,488.0,0.05,1m,1.5,0.8,1.9000000000000001,688.0,504,0.025,1m,0.6,1.1,1.1,464,,,,,,,,,,,,,,,776.0,0.025,6m,0.7,1.5,2.0,456.0,984.0,0.025,4m,0.8,1.2000000000000002,2.0,912.0,,,,,,,,0.35000000000000003,6,COMPLETE
96,96,-3.772074657698218,2025-06-15 23:26:12.103602,2025-06-15 23:26:18.880671,0 days 00:00:06.777069,904.0,0.025,1m,1.1,1.0,1.3,504.0,960.0,0.05,3m,0.9,1.2000000000000002,1.9000000000000001,896.0,120.0,0.05,5m,0.6,1.3,1.8000000000000003,152.0,400.0,0.05,1m,1.5,0.5,2.0,768.0,384,0.025,6m,0.9,1.5,1.4000000000000001,496,,,,,,,,,,,,,,,864.0,0.025,6m,0.7,1.2000000000000002,1.8000000000000003,568.0,872.0,0.025,4m,0.7,1.1,1.4000000000000001,1016.0,,,,,,,,0.3,7,COMPLETE
97,97,-0.39136429439815984,2025-06-15 23:26:18.953264,2025-06-15 23:26:27.408485,0 days 00:00:08.455221,1000.0,0.025,2m,1.2000000000000002,1.2000000000000002,1.4000000000000001,720.0,848.0,0.025,3m,1.0,1.5,2.0,832.0,488.0,0.05,1m,1.0,1.4,1.9000000000000001,64.0,456.0,0.05,10m,1.5,0.5,1.7000000000000002,736.0,432,0.025,6m,0.5,1.2000000000000002,1.2000000000000002,536,584.0,0.05,7m,1.5,0.7,1.7000000000000002,128.0,856.0,0.025,3m,0.7,1.0,1.4000000000000001,568.0,704.0,0.025,10m,0.5,1.3,2.0,784.0,976.0,0.025,4m,0.9,1.3,1.6,760.0,,,,,,,,0.25,9,COMPLETE
98,98,0.7706727552544088,2025-06-15 23:26:27.502283,2025-06-15 23:26:34.604098,0 days 00:00:07.101815,792.0,0.025,10m,1.3,1.4,1.3,808.0,800.0,0.025,10m,0.8,1.5,1.9000000000000001,640.0,400.0,0.05,2m,1.1,1.4,1.7000000000000002,528.0,552.0,0.05,6m,1.4,0.6,1.9000000000000001,544.0,624,0.025,6m,0.6,1.0,1.3,632,,,,,,,,,,,,,,,992.0,0.025,4m,0.6,1.5,1.9000000000000001,648.0,528.0,0.025,8m,1.1,1.2000000000000002,1.3,728.0,,,,,,,,0.35000000000000003,7,COMPLETE
99,99,-1.7111658720523117,2025-06-15 23:26:34.681611,2025-06-15 23:26:41.568973,0 days 00:00:06.887362,888.0,0.025,6m,1.3,1.1,1.1,760.0,688.0,0.025,1m,1.2000000000000002,1.1,2.0,352.0,264.0,0.05,4m,0.9,0.9,1.5,224.0,376.0,0.05,3m,1.4,0.8,1.8000000000000003,912.0,480,0.025,6m,0.7,1.1,1.5,576,,,,,,,,,,,,,,,936.0,0.025,1m,0.7,1.4,1.6,456.0,904.0,0.025,3m,0.8,1.1,1.2000000000000002,816.0,,,,,,,,0.4,7,COMPLETE
100,100,-1.2093401492417168,2025-06-15 23:26:41.642849,2025-06-15 23:26:49.700420,0 days 00:00:08.057571,936.0,0.025,5m,1.4,0.9,1.2000000000000002,856.0,928.0,0.025,10m,0.5,0.5,1.8000000000000003,720.0,328.0,0.05,7m,0.6,0.7,2.0,312.0,576.0,0.05,7m,1.5,0.9,1.8000000000000003,520.0,552,0.025,6m,0.6,1.1,1.3,448,120.0,0.05,10m,1.2000000000000002,0.5,1.5,272.0,,,,,,,,824.0,0.025,8m,0.8,1.4,1.8000000000000003,552.0,1000.0,0.025,1m,0.9,1.3,1.5,944.0,,,,,,,,0.3,8,COMPLETE
101,101,-2.8381421024414313,2025-06-15 23:26:49.798283,2025-06-15 23:26:57.641067,0 days 00:00:07.842784,976.0,0.025,5m,1.4,1.3,1.2000000000000002,632.0,984.0,0.025,4m,1.1,1.3,2.0,760.0,304.0,0.05,4m,0.8,1.5,2.0,120.0,472.0,0.05,4m,1.4,0.7,1.8000000000000003,624.0,576,0.025,6m,0.5,1.2000000000000002,1.2000000000000002,424,464.0,0.05,1m,1.3,0.6,1.3,80.0,,,,,,,,976.0,0.025,2m,0.6,1.4,1.9000000000000001,592.0,936.0,0.025,7m,1.0,1.4,1.3,864.0,,,,,,,,0.25,8,COMPLETE
102,102,1.466512361857652,2025-06-15 23:26:57.711348,2025-06-15 23:27:03.766501,0 days 00:00:06.055153,1000.0,0.025,5m,1.4,1.4,1.2000000000000002,584.0,1024.0,0.025,4m,1.2000000000000002,1.4,2.0,784.0,,,,,,,,528.0,0.05,4m,1.4,0.7,1.7000000000000002,640.0,528,0.025,6m,0.5,1.2000000000000002,1.2000000000000002,352,,,,,,,,,,,,,,,952.0,0.025,2m,0.5,1.3,1.9000000000000001,632.0,608.0,0.025,7m,1.1,1.4,1.3,888.0,,,,,,,,0.15000000000000002,6,COMPLETE
103,103,-2.4709029377222245,2025-06-15 23:27:03.848014,2025-06-15 23:27:11.926871,0 days 00:00:08.078857,960.0,0.025,8m,1.5,1.3,1.1,664.0,992.0,0.025,4m,1.1,1.4,2.0,744.0,200.0,0.05,4m,0.7,1.5,2.0,136.0,680.0,0.05,4m,1.2000000000000002,0.6,1.8000000000000003,680.0,1016,0.025,6m,0.5,1.3,1.1,512,360.0,0.05,5m,1.4,0.7,1.4000000000000001,472.0,,,,,,,,920.0,0.025,9m,0.6,1.5,2.0,520.0,936.0,0.025,9m,1.0,1.5,1.4000000000000001,976.0,,,,,,,,0.15000000000000002,8,COMPLETE
104,104,2.8062422284018735,2025-06-15 23:27:12.010114,2025-06-15 23:27:19.949669,0 days 00:00:07.939555,1024.0,0.025,5m,1.1,1.3,1.3,704.0,904.0,0.025,3m,1.0,1.4,1.7000000000000002,664.0,296.0,0.05,4m,0.9,1.5,2.0,56.0,968.0,0.05,4m,1.5,0.8,1.9000000000000001,576.0,352,0.025,6m,0.5,1.2000000000000002,1.2000000000000002,488,72.0,0.05,6m,1.1,0.8,1.2000000000000002,160.0,,,,,,,,600.0,0.025,3m,0.5,1.4,1.7000000000000002,736.0,1000.0,0.025,6m,0.9,1.4,1.3,848.0,,,,,,,,0.2,8,COMPLETE
105,105,-2.174469284978254,2025-06-15 23:27:20.010471,2025-06-15 23:27:28.363148,0 days 00:00:08.352677,1024.0,0.025,9m,1.1,1.2000000000000002,1.3,712.0,888.0,0.025,3m,1.0,1.5,1.7000000000000002,656.0,224.0,0.025,2m,1.0,1.4,1.9000000000000001,48.0,968.0,0.05,1m,1.5,0.8,1.9000000000000001,552.0,448,0.025,4m,0.5,1.3,1.1,488,64.0,0.05,6m,1.1,0.8,1.2000000000000002,152.0,232.0,0.05,9m,0.5,0.7,1.9000000000000001,104.0,600.0,0.025,3m,0.5,1.3,1.7000000000000002,744.0,992.0,0.025,6m,0.9,1.3,1.2000000000000002,560.0,,,,,,,,0.2,9,COMPLETE
106,106,2.4930785500922528,2025-06-15 23:27:28.445795,2025-06-15 23:27:35.318078,0 days 00:00:06.872283,720.0,0.025,7m,1.2000000000000002,1.2000000000000002,1.4000000000000001,752.0,912.0,0.025,3m,0.9,1.2000000000000002,1.7000000000000002,696.0,352.0,0.05,6m,0.9,1.5,2.0,56.0,976.0,0.05,4m,0.5,0.8,1.9000000000000001,584.0,416,0.025,3m,0.6,1.2000000000000002,1.3,552,,,,,,,,,,,,,,,560.0,0.025,3m,0.5,1.4,1.7000000000000002,680.0,1000.0,0.05,6m,0.8,1.4,1.4000000000000001,648.0,,,,,,,,0.35000000000000003,7,COMPLETE
107,107,2.264043412350153,2025-06-15 23:27:35.405233,2025-06-15 23:27:42.596345,0 days 00:00:07.191112,712.0,0.025,7m,1.2000000000000002,1.2000000000000002,1.4000000000000001,744.0,912.0,0.025,3m,0.9,1.2000000000000002,1.7000000000000002,616.0,368.0,0.05,6m,0.9,1.5,2.0,48.0,992.0,0.05,4m,0.5,0.8,1.9000000000000001,568.0,360,0.025,3m,0.6,1.2000000000000002,1.4000000000000001,552,,,,,,,,,,,,,,,456.0,0.025,3m,0.5,1.4,1.7000000000000002,680.0,1000.0,0.05,6m,0.8,1.4,1.4000000000000001,656.0,,,,,,,,0.35000000000000003,7,COMPLETE
108,108,-3.6328360871304883,2025-06-15 23:27:42.686786,2025-06-15 23:27:49.821930,0 days 00:00:07.135144,824.0,0.025,7m,1.2000000000000002,1.3,1.3,696.0,936.0,0.025,3m,1.0,1.1,1.6,696.0,984.0,0.05,6m,0.9,1.5,1.9000000000000001,88.0,968.0,0.05,4m,0.5,0.9,2.0,592.0,416,0.025,3m,0.7,1.1,1.6,400,,,,,,,,,,,,,,,552.0,0.025,3m,0.5,1.4,1.7000000000000002,704.0,1024.0,0.05,6m,0.9,1.5,1.4000000000000001,808.0,,,,,,,,0.3,7,COMPLETE
109,109,3.512798464349527,2025-06-15 23:27:49.906762,2025-06-15 23:27:57.959766,0 days 00:00:08.053004,656.0,0.025,4m,1.2000000000000002,1.1,1.4000000000000001,664.0,840.0,0.025,3m,1.0,1.3,1.6,208.0,280.0,0.05,6m,1.0,1.4,2.0,16.0,936.0,0.05,8m,0.6,0.9,1.9000000000000001,712.0,384,0.025,3m,0.6,1.2000000000000002,1.3,600,88.0,0.05,6m,1.0,0.8,1.6,80.0,,,,,,,,400.0,0.025,3m,0.9,1.5,1.6,672.0,456.0,0.05,6m,0.7,1.3,1.4000000000000001,608.0,,,,,,,,0.2,8,COMPLETE
110,110,-0.31645971744986173,2025-06-15 23:27:58.074472,2025-06-15 23:28:05.426263,0 days 00:00:07.351791,664.0,0.025,4m,1.2000000000000002,1.2000000000000002,1.4000000000000001,936.0,848.0,0.025,3m,1.0,1.2000000000000002,1.6,200.0,336.0,0.05,6m,1.1,1.5,2.0,16.0,912.0,0.05,8m,0.6,0.9,1.9000000000000001,720.0,352,0.025,3m,0.5,1.2000000000000002,1.3,744,,,,,,,,,,,,,,,528.0,0.025,3m,0.9,1.5,1.5,784.0,400.0,0.05,6m,0.7,1.3,1.5,624.0,,,,,,,,0.35000000000000003,7,COMPLETE
111,111,0.7702274886281979,2025-06-15 23:28:05.500816,2025-06-15 23:28:13.662424,0 days 00:00:08.161608,632.0,0.025,4m,1.2000000000000002,1.1,1.5,1008.0,872.0,0.025,3m,0.9,1.3,1.7000000000000002,152.0,272.0,0.05,6m,1.0,1.4,2.0,56.0,944.0,0.05,8m,0.6,0.8,2.0,520.0,400,0.025,3m,0.6,1.2000000000000002,1.3,600,16.0,0.05,6m,1.0,0.8,1.6,64.0,,,,,,,,328.0,0.025,3m,0.8,1.4,1.6,672.0,472.0,0.05,6m,0.8,1.4,1.4000000000000001,504.0,,,,,,,,0.2,8,COMPLETE
112,112,1.2630621146835233,2025-06-15 23:28:13.753084,2025-06-15 23:28:22.061084,0 days 00:00:08.308000,744.0,0.025,4m,1.1,1.1,1.4000000000000001,672.0,912.0,0.025,3m,1.0,1.3,1.8000000000000003,576.0,240.0,0.05,6m,0.9,1.4,2.0,728.0,1008.0,0.05,8m,0.6,0.8,1.9000000000000001,576.0,384,0.025,3m,0.6,1.2000000000000002,1.4000000000000001,552,88.0,0.05,6m,1.0,0.9,1.7000000000000002,128.0,,,,,,,,400.0,0.025,3m,0.8,1.5,1.7000000000000002,728.0,424.0,0.05,6m,0.7,1.3,1.3,624.0,,,,,,,,0.25,8,COMPLETE
113,113,2.034329415416132,2025-06-15 23:28:22.144672,2025-06-15 23:28:31.036208,0 days 00:00:08.891536,680.0,0.025,7m,1.3,1.0,1.4000000000000001,776.0,952.0,0.025,3m,0.9,1.3,1.7000000000000002,224.0,296.0,0.05,6m,1.1,1.5,1.9000000000000001,392.0,936.0,0.05,4m,0.5,0.9,1.9000000000000001,672.0,328,0.025,3m,0.5,1.1,1.2000000000000002,512,184.0,0.05,9m,1.1,0.5,1.1,40.0,592.0,0.025,5m,1.3,0.9,1.6,320.0,584.0,0.025,8m,0.9,1.4,1.6,584.0,472.0,0.05,2m,0.8,1.4,1.4000000000000001,488.0,,,,,,,,0.2,9,COMPLETE
114,114,0.4797736872364299,2025-06-15 23:28:31.107317,2025-06-15 23:28:39.228541,0 days 00:00:08.121224,792.0,0.025,8m,1.2000000000000002,1.1,1.3,736.0,832.0,0.025,7m,1.0,1.2000000000000002,1.6,96.0,464.0,0.025,10m,1.2000000000000002,1.4,1.4000000000000001,96.0,976.0,0.05,4m,0.6,0.8,1.6,608.0,456,0.025,10m,0.6,1.3,1.3,584,16.0,0.05,6m,0.9,0.8,1.7000000000000002,120.0,,,,,,,,760.0,0.025,5m,0.7,1.5,1.7000000000000002,640.0,984.0,0.05,3m,0.6,1.3,1.3,552.0,,,,,,,,0.25,8,COMPLETE
115,115,-6.788452789992574,2025-06-15 23:28:39.319324,2025-06-15 23:28:46.456054,0 days 00:00:07.136730,920.0,0.025,5m,1.2000000000000002,1.3,1.3,688.0,896.0,0.025,10m,1.0,1.4,1.7000000000000002,672.0,904.0,0.05,6m,1.0,1.1,2.0,16.0,1024.0,0.05,9m,0.7,0.8,1.9000000000000001,480.0,496,0.025,6m,0.7,1.2000000000000002,1.2000000000000002,632,,,,,,,,,,,,,,,208.0,0.025,3m,0.6,1.4,1.6,672.0,336.0,0.05,6m,0.9,0.9,1.5,840.0,,,,,,,,0.2,7,COMPLETE
116,116,-10.264613372454573,2025-06-15 23:28:46.496166,2025-06-15 23:28:54.870577,0 days 00:00:08.374411,720.0,0.025,3m,1.3,1.2000000000000002,1.5,656.0,808.0,0.025,3m,0.5,1.3,1.6,424.0,384.0,0.05,9m,0.9,1.3,1.2000000000000002,144.0,992.0,0.05,10m,1.1,0.9,1.8000000000000003,640.0,432,0.025,1m,0.6,1.1,1.4000000000000001,480,96.0,0.05,4m,1.2000000000000002,1.3,1.5,64.0,,,,,,,,496.0,0.025,8m,1.0,1.3,1.8000000000000003,520.0,960.0,0.025,3m,0.9,1.2000000000000002,1.3,728.0,,,,,,,,0.25,8,COMPLETE
117,117,-6.964260654499317,2025-06-15 23:28:54.946693,2025-06-15 23:29:04.802616,0 days 00:00:09.855923,592.0,0.025,5m,1.1,1.5,1.4000000000000001,624.0,840.0,0.025,5m,1.1,1.1,1.8000000000000003,168.0,192.0,0.05,4m,0.8,1.5,1.9000000000000001,56.0,160.0,0.05,4m,0.5,0.7,2.0,496.0,472,0.025,9m,0.5,1.1,1.2000000000000002,456,152.0,0.05,3m,1.2000000000000002,0.9,1.6,176.0,936.0,0.05,4m,1.0,0.6,1.8000000000000003,920.0,688.0,0.025,7m,0.5,1.5,1.7000000000000002,616.0,896.0,0.025,4m,0.8,1.5,1.2000000000000002,896.0,432.0,0.05,3m,1.1,1.0,1.6,16.0,0.3,10,COMPLETE
118,118,-2.859447394261505,2025-06-15 23:29:04.891928,2025-06-15 23:29:12.825377,0 days 00:00:07.933449,992.0,0.025,8m,1.2000000000000002,1.4,1.3,760.0,864.0,0.025,10m,0.9,0.6,1.7000000000000002,720.0,576.0,0.05,5m,1.0,1.4,1.6,600.0,336.0,0.05,6m,1.5,0.8,1.9000000000000001,552.0,304,0.025,6m,0.8,1.2000000000000002,1.1,560,232.0,0.05,2m,0.9,0.5,1.4000000000000001,48.0,,,,,,,,648.0,0.025,4m,0.9,1.4,1.8000000000000003,752.0,952.0,0.05,10m,0.7,1.4,1.4000000000000001,672.0,,,,,,,,0.1,8,COMPLETE
119,119,1.8358869334785561,2025-06-15 23:29:12.913503,2025-06-15 23:29:21.950825,0 days 00:00:09.037322,696.0,0.025,9m,1.3,1.1,1.2000000000000002,992.0,648.0,0.025,3m,1.0,1.2000000000000002,1.9000000000000001,472.0,280.0,0.05,2m,0.9,1.5,1.9000000000000001,952.0,960.0,0.05,4m,1.5,0.5,1.8000000000000003,584.0,512,0.025,6m,0.6,1.0,1.5,528,64.0,0.05,7m,1.1,0.5,1.5,208.0,40.0,0.05,1m,0.8,1.2000000000000002,1.4000000000000001,664.0,376.0,0.025,6m,0.7,1.3,1.7000000000000002,544.0,992.0,0.025,3m,0.9,1.4,1.4000000000000001,928.0,,,,,,,,0.2,9,COMPLETE
120,120,0.5157309288956573,2025-06-15 23:29:22.039610,2025-06-15 23:29:27.710872,0 days 00:00:05.671262,840.0,0.025,7m,1.1,1.0,2.0,808.0,1008.0,0.025,9m,0.6,1.4,1.7000000000000002,520.0,,,,,,,,1000.0,0.025,8m,0.6,0.9,1.7000000000000002,512.0,392,0.025,3m,0.5,1.2000000000000002,1.7000000000000002,616,,,,,,,,,,,,,,,744.0,0.025,8m,0.8,1.4,1.5,688.0,1024.0,0.025,6m,0.5,1.2000000000000002,1.3,776.0,,,,,,,,0.35000000000000003,6,COMPLETE
121,121,-1.9050864470155775,2025-06-15 23:29:27.818441,2025-06-15 23:29:34.816904,0 days 00:00:06.998463,472.0,0.025,4m,1.0,1.3,1.2000000000000002,840.0,776.0,0.025,8m,0.5,1.5,1.3,696.0,232.0,0.05,3m,0.8,0.5,1.8000000000000003,856.0,920.0,0.05,4m,1.5,0.7,1.1,784.0,736,0.025,2m,0.5,1.4,1.3,488,,,,,,,,,,,,,,,632.0,0.025,3m,0.6,1.2000000000000002,1.8000000000000003,480.0,736.0,0.025,5m,0.8,1.1,1.1,592.0,,,,,,,,0.4,7,COMPLETE
122,122,5.865446029330395,2025-06-15 23:29:34.890912,2025-06-15 23:29:42.583252,0 days 00:00:07.692340,248.0,0.025,2m,1.0,1.1,1.2000000000000002,792.0,736.0,0.025,4m,0.9,1.5,1.5,792.0,296.0,0.025,4m,1.0,0.6,2.0,104.0,600.0,0.05,4m,1.5,0.8,1.1,824.0,456,0.025,6m,0.6,1.5,1.3,424,208.0,0.025,6m,1.2000000000000002,1.1,1.4000000000000001,112.0,,,,,,,,848.0,0.05,4m,0.7,1.0,1.6,576.0,912.0,0.025,7m,0.9,1.3,1.4000000000000001,984.0,,,,,,,,0.2,8,COMPLETE
123,123,5.960031793343399,2025-06-15 23:29:42.659511,2025-06-15 23:29:50.137894,0 days 00:00:07.478383,352.0,0.025,2m,1.0,1.1,1.2000000000000002,712.0,792.0,0.025,10m,0.8,1.4,1.5,800.0,336.0,0.025,4m,1.0,0.6,2.0,104.0,584.0,0.05,4m,1.5,0.8,1.1,712.0,456,0.025,6m,0.6,0.6,1.3,416,224.0,0.025,6m,1.2000000000000002,1.2000000000000002,1.4000000000000001,112.0,,,,,,,,848.0,0.05,4m,0.7,1.1,1.6,568.0,952.0,0.025,7m,0.9,1.3,1.4000000000000001,968.0,,,,,,,,0.2,8,COMPLETE
124,124,1.7021470514595631,2025-06-15 23:29:50.225378,2025-06-15 23:29:57.747603,0 days 00:00:07.522225,248.0,0.025,2m,1.0,1.2000000000000002,1.3,712.0,784.0,0.025,10m,0.8,1.5,1.5,832.0,336.0,0.025,4m,1.0,0.6,2.0,88.0,576.0,0.05,4m,1.5,0.8,1.1,856.0,416,0.025,6m,0.7,0.7,1.3,376,176.0,0.025,6m,1.2000000000000002,1.1,1.4000000000000001,128.0,,,,,,,,808.0,0.05,4m,0.7,0.9,1.6,568.0,920.0,0.025,7m,0.9,1.3,1.4000000000000001,992.0,,,,,,,,0.2,8,COMPLETE
125,125,4.191514471187385,2025-06-15 23:29:57.818545,2025-06-15 23:30:05.795816,0 days 00:00:07.977271,376.0,0.025,1m,1.0,1.1,1.3,784.0,736.0,0.025,10m,0.9,1.5,1.4000000000000001,808.0,416.0,0.025,4m,1.0,0.6,2.0,48.0,608.0,0.05,4m,1.2000000000000002,0.8,1.1,720.0,456,0.025,6m,0.6,0.5,1.3,440,232.0,0.025,6m,1.2000000000000002,1.2000000000000002,1.4000000000000001,592.0,,,,,,,,848.0,0.05,4m,0.8,1.1,1.6,576.0,112.0,0.025,7m,1.4,1.3,1.5,984.0,,,,,,,,0.15000000000000002,8,COMPLETE
126,126,2.726203421766181,2025-06-15 23:30:05.878582,2025-06-15 23:30:13.603909,0 days 00:00:07.725327,336.0,0.025,2m,1.0,1.1,1.3,816.0,728.0,0.025,10m,0.8,1.5,1.4000000000000001,808.0,416.0,0.025,4m,1.0,0.6,2.0,104.0,640.0,0.05,7m,1.2000000000000002,0.8,1.1,712.0,456,0.025,6m,0.5,0.5,1.4000000000000001,416,216.0,0.025,6m,1.2000000000000002,1.2000000000000002,1.4000000000000001,576.0,,,,,,,,864.0,0.05,4m,0.8,1.0,1.6,576.0,152.0,0.025,7m,1.2000000000000002,1.3,1.6,984.0,,,,,,,,0.15000000000000002,8,COMPLETE
127,127,3.061023047327498,2025-06-15 23:30:13.684838,2025-06-15 23:30:21.612237,0 days 00:00:07.927399,352.0,0.025,1m,1.0,1.1,1.2000000000000002,864.0,752.0,0.025,10m,0.8,1.5,1.4000000000000001,808.0,416.0,0.025,4m,1.0,0.6,2.0,96.0,632.0,0.05,7m,1.2000000000000002,0.9,1.1,992.0,448,0.025,6m,0.5,0.5,1.4000000000000001,416,232.0,0.025,6m,1.2000000000000002,1.2000000000000002,1.4000000000000001,520.0,,,,,,,,840.0,0.05,4m,0.8,1.0,1.5,600.0,80.0,0.025,7m,1.3,1.3,1.7000000000000002,1024.0,,,,,,,,0.15000000000000002,8,COMPLETE
128,128,-0.9180545931811682,2025-06-15 23:30:21.715111,2025-06-15 23:30:30.628926,0 days 00:00:08.913815,296.0,0.025,1m,0.9,1.1,1.2000000000000002,856.0,744.0,0.025,10m,0.8,1.4,1.4000000000000001,248.0,320.0,0.025,4m,1.1,0.6,2.0,40.0,648.0,0.05,7m,1.1,0.9,1.1,808.0,352,0.025,6m,0.6,0.5,1.4000000000000001,400,248.0,0.025,6m,1.1,1.2000000000000002,1.4000000000000001,672.0,696.0,0.025,6m,1.1,0.6,1.9000000000000001,408.0,840.0,0.05,4m,0.8,1.0,1.5,616.0,120.0,0.025,7m,1.4,1.3,1.7000000000000002,1024.0,,,,,,,,0.15000000000000002,9,COMPLETE
129,129,3.0042729356888453,2025-06-15 23:30:30.703868,2025-06-15 23:30:38.911122,0 days 00:00:08.207254,384.0,0.025,1m,1.0,1.0,1.1,792.0,752.0,0.025,10m,0.7,1.5,1.5,864.0,456.0,0.025,4m,1.0,0.6,2.0,16.0,624.0,0.05,3m,1.2000000000000002,0.9,1.1,1016.0,440,0.025,6m,0.7,0.6,1.4000000000000001,424,216.0,0.025,6m,1.2000000000000002,1.1,1.4000000000000001,592.0,,,,,,,,784.0,0.05,4m,0.8,1.1,1.4000000000000001,592.0,16.0,0.025,7m,1.4,1.2000000000000002,1.5,992.0,,,,,,,,0.1,8,COMPLETE
130,130,3.8601058038811975,2025-06-15 23:30:38.978527,2025-06-15 23:30:47.261538,0 days 00:00:08.283011,384.0,0.025,1m,1.0,1.0,1.1,888.0,696.0,0.025,10m,0.7,1.5,1.5,912.0,448.0,0.025,4m,1.0,0.6,2.0,40.0,608.0,0.05,3m,1.2000000000000002,1.0,1.1,1000.0,520,0.025,6m,0.7,0.6,1.4000000000000001,336,216.0,0.025,6m,1.2000000000000002,1.1,1.4000000000000001,536.0,,,,,,,,784.0,0.05,4m,0.8,1.1,1.4000000000000001,544.0,32.0,0.025,7m,1.4,1.3,1.5,984.0,,,,,,,,0.1,8,COMPLETE
131,131,0.49609702343057865,2025-06-15 23:30:47.341387,2025-06-15 23:30:55.615924,0 days 00:00:08.274537,384.0,0.025,1m,1.0,1.0,1.1,872.0,752.0,0.025,10m,0.7,1.5,1.5,960.0,472.0,0.025,4m,1.0,0.6,2.0,16.0,608.0,0.05,3m,1.2000000000000002,1.0,1.1,1024.0,440,0.025,6m,0.7,0.6,1.4000000000000001,424,200.0,0.025,6m,1.2000000000000002,1.1,1.4000000000000001,568.0,,,,,,,,784.0,0.05,4m,0.8,1.1,1.4000000000000001,536.0,16.0,0.025,7m,1.4,1.3,1.5,1008.0,,,,,,,,0.1,8,COMPLETE
132,132,2.0719262930997435,2025-06-15 23:30:55.743096,2025-06-15 23:31:03.940654,0 days 00:00:08.197558,416.0,0.025,1m,1.0,1.0,1.1,888.0,640.0,0.025,10m,0.7,1.5,1.5,888.0,536.0,0.025,4m,1.0,0.7,2.0,48.0,624.0,0.05,4m,1.2000000000000002,1.0,1.1,976.0,528,0.025,6m,0.7,0.6,1.4000000000000001,344,240.0,0.025,6m,1.2000000000000002,1.2000000000000002,1.4000000000000001,560.0,,,,,,,,728.0,0.05,4m,0.8,1.1,1.4000000000000001,576.0,24.0,0.025,7m,1.4,1.2000000000000002,1.5,992.0,,,,,,,,0.1,8,COMPLETE
133,133,3.0662928144395525,2025-06-15 23:31:04.018913,2025-06-15 23:31:12.204500,0 days 00:00:08.185587,328.0,0.025,1m,0.9,1.0,1.1,792.0,696.0,0.025,10m,0.7,1.5,1.5,928.0,448.0,0.025,4m,1.0,0.6,2.0,88.0,568.0,0.05,3m,1.2000000000000002,1.0,1.1,1000.0,488,0.025,6m,0.7,0.6,1.3,328,208.0,0.025,6m,1.2000000000000002,1.1,1.3,632.0,,,,,,,,824.0,0.05,4m,0.9,1.0,1.3,600.0,56.0,0.025,7m,1.5,1.3,1.5,952.0,,,,,,,,0.1,8,COMPLETE
134,134,1.7590110473462592,2025-06-15 23:31:12.283222,2025-06-15 23:31:21.540199,0 days 00:00:09.256977,336.0,0.025,1m,0.9,1.0,1.1,792.0,712.0,0.025,10m,0.7,1.5,1.5,872.0,440.0,0.025,4m,1.0,0.6,2.0,104.0,568.0,0.05,3m,1.2000000000000002,1.0,1.1,1000.0,496,0.025,6m,0.8,0.6,1.3,288,208.0,0.025,6m,1.2000000000000002,1.1,1.3,632.0,408.0,0.05,8m,0.7,0.9,1.7000000000000002,512.0,808.0,0.05,4m,0.9,1.0,1.4000000000000001,600.0,72.0,0.025,7m,1.5,1.3,1.5,952.0,,,,,,,,0.1,9,COMPLETE
135,135,-1.8605539630408112,2025-06-15 23:31:21.624055,2025-06-15 23:31:29.645414,0 days 00:00:08.021359,376.0,0.05,1m,0.9,1.0,1.1,912.0,688.0,0.025,10m,0.8,1.5,1.4000000000000001,928.0,504.0,0.025,4m,1.0,0.5,2.0,80.0,616.0,0.05,3m,1.1,1.0,1.1,960.0,456,0.025,6m,0.7,0.6,1.4000000000000001,336,264.0,0.025,6m,1.3,1.0,1.4000000000000001,512.0,,,,,,,,840.0,0.05,4m,0.8,1.0,1.3,552.0,72.0,0.025,7m,1.4,1.2000000000000002,1.5,976.0,,,,,,,,0.1,8,COMPLETE
136,136,3.4085858271472262,2025-06-15 23:31:29.743907,2025-06-15 23:31:37.433740,0 days 00:00:07.689833,272.0,0.025,1m,1.0,1.1,1.1,776.0,696.0,0.05,10m,0.7,1.5,1.5,840.0,448.0,0.025,4m,1.0,0.6,1.9000000000000001,184.0,600.0,0.05,3m,1.2000000000000002,0.9,1.1,904.0,512,0.025,6m,0.7,0.5,1.3,368,152.0,0.025,6m,1.2000000000000002,1.1,1.3,696.0,,,,,,,,768.0,0.05,4m,0.9,1.1,1.3,592.0,56.0,0.025,7m,1.5,1.3,1.8000000000000003,928.0,,,,,,,,0.1,8,COMPLETE
137,137,-0.5804496832535047,2025-06-15 23:31:37.524290,2025-06-15 23:31:45.311783,0 days 00:00:07.787493,256.0,0.025,1m,1.0,1.1,1.1,832.0,600.0,0.05,10m,0.7,1.5,1.5,952.0,456.0,0.025,1m,1.0,0.6,2.0,32.0,592.0,0.05,3m,1.2000000000000002,0.9,1.1,920.0,520,0.025,6m,0.7,0.5,1.3,352,152.0,0.025,6m,1.2000000000000002,1.3,1.3,728.0,,,,,,,,768.0,0.05,4m,0.9,1.1,1.2000000000000002,488.0,40.0,0.025,7m,1.5,1.3,1.8000000000000003,920.0,,,,,,,,0.1,8,COMPLETE
138,138,-0.16249614488775538,2025-06-15 23:31:45.421753,2025-06-15 23:31:53.195820,0 days 00:00:07.774067,336.0,0.025,1m,0.9,0.9,1.1,776.0,560.0,0.05,10m,0.8,1.5,1.4000000000000001,1016.0,408.0,0.025,4m,1.1,0.7,1.9000000000000001,168.0,688.0,0.05,3m,1.1,0.9,1.1,992.0,488,0.025,6m,0.8,0.5,1.4000000000000001,312,120.0,0.025,8m,1.0,1.1,1.3,656.0,,,,,,,,792.0,0.05,4m,0.9,1.1,1.3,584.0,104.0,0.025,7m,1.3,1.3,1.8000000000000003,1024.0,,,,,,,,0.1,8,COMPLETE
139,139,-2.453982982951171,2025-06-15 23:31:53.301996,2025-06-15 23:32:01.825645,0 days 00:00:08.523649,424.0,0.025,1m,1.0,1.0,1.1,800.0,720.0,0.05,10m,0.7,1.5,1.5,912.0,544.0,0.025,8m,1.1,0.6,2.0,104.0,656.0,0.05,3m,1.2000000000000002,0.9,1.1,944.0,552,0.025,6m,0.6,0.5,1.3,368,192.0,0.025,6m,1.2000000000000002,1.0,1.4000000000000001,792.0,520.0,0.025,2m,0.9,1.3,2.0,104.0,856.0,0.05,4m,0.8,1.0,1.3,528.0,56.0,0.025,7m,1.5,1.3,1.6,968.0,,,,,,,,0.15000000000000002,9,COMPLETE
140,140,1.563519112156807,2025-06-15 23:32:01.919281,2025-06-15 23:32:09.613661,0 days 00:00:07.694380,312.0,0.025,1m,1.0,1.1,1.1,816.0,672.0,0.05,10m,0.7,1.5,1.5,872.0,448.0,0.025,4m,1.0,0.5,1.9000000000000001,72.0,600.0,0.05,3m,1.3,1.0,1.1,880.0,464,0.025,7m,0.6,0.6,1.3,384,152.0,0.025,6m,1.3,1.2000000000000002,1.4000000000000001,600.0,,,,,,,,824.0,0.05,4m,1.0,1.1,1.5,552.0,152.0,0.025,7m,1.4,1.3,1.6,992.0,,,,,,,,0.1,8,COMPLETE
141,141,-1.1398648810734326,2025-06-15 23:32:09.703128,2025-06-15 23:32:17.509004,0 days 00:00:07.805876,168.0,0.025,1m,1.0,1.1,1.2000000000000002,776.0,760.0,0.025,10m,0.7,1.5,1.5,848.0,400.0,0.025,4m,1.0,0.6,1.9000000000000001,112.0,520.0,0.05,3m,1.2000000000000002,0.9,1.1,1000.0,440,0.025,6m,0.7,0.6,1.4000000000000001,328,232.0,0.025,6m,1.2000000000000002,1.1,1.4000000000000001,520.0,,,,,,,,896.0,0.05,4m,0.7,1.1,1.3,624.0,48.0,0.025,7m,1.5,1.2000000000000002,1.9000000000000001,928.0,,,,,,,,0.1,8,COMPLETE
142,142,3.633382276707511,2025-06-15 23:32:17.591407,2025-06-15 23:32:25.324290,0 days 00:00:07.732883,360.0,0.025,1m,0.8,1.1,1.1,848.0,704.0,0.025,10m,0.8,1.5,1.5,840.0,480.0,0.025,4m,1.0,0.7,1.9000000000000001,40.0,560.0,0.05,3m,1.2000000000000002,0.9,1.2000000000000002,1024.0,512,0.025,6m,0.7,0.6,1.4000000000000001,432,320.0,0.025,6m,1.3,1.3,1.3,688.0,,,,,,,,752.0,0.05,4m,0.9,1.0,1.5,592.0,128.0,0.025,7m,1.2000000000000002,1.3,1.5,944.0,,,,,,,,0.1,8,COMPLETE
143,143,1.3670074386762492,2025-06-15 23:32:25.382092,2025-06-15 23:32:33.145013,0 days 00:00:07.762921,352.0,0.025,1m,0.8,1.1,1.1,832.0,712.0,0.025,10m,0.8,1.5,1.5,824.0,472.0,0.025,4m,1.0,0.7,2.0,40.0,568.0,0.05,3m,1.2000000000000002,0.9,1.2000000000000002,976.0,512,0.025,6m,0.7,0.7,1.4000000000000001,296,352.0,0.025,6m,1.3,1.3,1.3,696.0,,,,,,,,712.0,0.05,4m,1.0,1.0,1.5,584.0,104.0,0.025,7m,1.3,1.3,1.5,1000.0,,,,,,,,0.1,8,COMPLETE
144,144,0.6605456563004917,2025-06-15 23:32:33.236076,2025-06-15 23:32:41.561720,0 days 00:00:08.325644,264.0,0.025,1m,0.8,1.0,1.1,936.0,704.0,0.025,10m,0.8,1.5,1.4000000000000001,848.0,504.0,0.025,4m,1.0,0.6,1.9000000000000001,32.0,592.0,0.05,3m,1.3,1.0,1.2000000000000002,1024.0,488,0.025,6m,0.8,0.6,1.4000000000000001,432,200.0,0.025,6m,1.2000000000000002,1.4,1.3,624.0,192.0,0.05,10m,1.4,0.5,1.4000000000000001,816.0,752.0,0.05,4m,0.9,0.9,1.2000000000000002,656.0,208.0,0.025,7m,1.2000000000000002,1.3,1.5,896.0,,,,,,,,0.1,9,COMPLETE
145,145,-1.107316427818165,2025-06-15 23:32:41.639791,2025-06-15 23:32:49.611942,0 days 00:00:07.972151,400.0,0.025,1m,0.7,1.1,1.1,856.0,648.0,0.025,10m,0.7,0.7,1.5,800.0,440.0,0.025,4m,1.1,0.7,2.0,72.0,624.0,0.05,3m,1.2000000000000002,0.9,1.1,912.0,528,0.025,6m,0.7,0.5,1.3,368,448.0,0.025,6m,1.2000000000000002,1.2000000000000002,1.4000000000000001,768.0,,,,,,,,768.0,0.05,1m,0.8,1.0,1.6,512.0,136.0,0.025,3m,1.4,1.4,1.6,968.0,,,,,,,,0.15000000000000002,8,COMPLETE
146,146,2.736645016002957,2025-06-15 23:32:49.689075,2025-06-15 23:32:57.622875,0 days 00:00:07.933800,216.0,0.025,2m,0.9,0.9,1.2000000000000002,792.0,792.0,0.025,10m,0.6,1.5,1.6,888.0,432.0,0.025,7m,1.0,0.6,2.0,16.0,696.0,0.05,7m,1.1,1.0,1.1,960.0,496,0.025,6m,0.6,0.7,1.4000000000000001,400,264.0,0.025,6m,1.3,1.1,1.3,936.0,,,,,,,,800.0,0.05,8m,0.9,0.9,1.4000000000000001,552.0,80.0,0.025,7m,1.3,1.3,1.7000000000000002,936.0,,,,,,,,0.1,8,COMPLETE
147,147,1.1123187287592833,2025-06-15 23:32:57.707232,2025-06-15 23:33:12.721215,0 days 00:00:15.013983,360.0,0.025,1m,1.0,1.0,1.1,872.0,688.0,0.025,10m,0.8,1.5,1.4000000000000001,984.0,392.0,0.025,4m,0.9,0.5,1.9000000000000001,80.0,584.0,0.05,3m,1.2000000000000002,0.9,1.1,936.0,472,0.025,6m,0.9,0.6,1.3,456,120.0,0.025,5m,1.1,1.0,1.2000000000000002,536.0,800.0,0.05,10m,1.1,0.7,1.6,1024.0,872.0,0.05,10m,0.7,0.8,1.5,608.0,192.0,0.025,9m,1.5,0.5,1.5,904.0,,,,,,,,0.1,9,COMPLETE
148,148,0.9244433108250987,2025-06-15 23:33:12.872517,2025-06-15 23:33:30.892720,0 days 00:00:18.020203,296.0,0.025,1m,1.0,1.1,1.1,896.0,736.0,0.05,10m,0.8,1.5,1.5,840.0,360.0,0.025,6m,1.0,0.6,2.0,184.0,552.0,0.05,3m,1.2000000000000002,0.9,1.1,1008.0,408,0.025,6m,0.6,0.5,1.3,408,592.0,0.025,10m,1.3,1.1,1.4000000000000001,704.0,,,,,,,,824.0,0.05,4m,0.8,1.1,1.4000000000000001,568.0,320.0,0.025,7m,1.2000000000000002,1.4,1.4000000000000001,960.0,,,,,,,,0.15000000000000002,8,COMPLETE
149,149,2.7328379752428007,2025-06-15 23:33:31.007050,2025-06-15 23:33:39.277721,0 days 00:00:08.270671,280.0,0.025,2m,0.9,1.1,1.2000000000000002,824.0,664.0,0.025,10m,0.7,1.4,1.5,872.0,480.0,0.025,4m,1.1,0.5,1.8000000000000003,40.0,640.0,0.05,3m,1.3,0.9,1.2000000000000002,984.0,552,0.025,6m,0.8,0.6,1.4000000000000001,464,48.0,0.025,9m,1.2000000000000002,1.2000000000000002,1.3,672.0,,,,,,,,736.0,0.05,9m,1.0,1.1,1.6,536.0,32.0,0.025,3m,1.3,1.2000000000000002,1.8000000000000003,1000.0,,,,,,,,0.1,8,COMPLETE
